time,PriceUSD,raw_signal,adjusted_signal,dynamic_multiplier,daily_allocation_usd,daily_btc_purchase,mvrv_zone,vol_regime
2010-08-18,0.068,0.0,0.0,1.0,100.0,1470.5882352941176,Neutral,High
2010-08-19,0.0667,0.0,0.0,1.0,100.0,1499.250374812594,Neutral,High
2010-08-20,0.0655,0.0,0.0,1.0,100.0,1526.7175572519084,Neutral,High
2010-08-21,0.0664,0.0,0.0,1.0,100.0,1506.0240963855422,Neutral,High
2010-08-22,0.0659289888953828,0.0,0.0,1.0,100.0,1516.7834616526827,Neutral,High
2010-08-23,0.06491,0.0,0.0,1.0,100.0,1540.5946695424434,Neutral,High
2010-08-24,0.065,0.0,0.0,1.0,100.0,1538.4615384615383,Neutral,High
2010-08-25,0.0648,0.0,0.0,1.0,100.0,1543.20987654321,Neutral,High
2010-08-26,0.0640751139684395,0.0,0.0,1.0,100.0,1560.6683126502978,Neutral,High
2010-08-27,0.065,0.0,0.0,1.0,100.0,1538.4615384615383,Neutral,High
2010-08-28,0.0646,0.0,0.0,1.0,100.0,1547.9876160990711,Neutral,High
2010-08-29,0.064,0.0,0.0,1.0,100.0,1562.5,Neutral,High
2010-08-30,0.06497,0.0,0.0,1.0,100.0,1539.171925504079,Neutral,High
2010-08-31,0.06,0.0,0.0,1.0,100.0,1666.6666666666667,Neutral,High
2010-09-01,0.0620248275862069,0.0,0.0,1.0,100.0,1612.2576054082901,Neutral,High
2010-09-02,0.0634,0.0,0.0,1.0,100.0,1577.2870662460568,Neutral,High
2010-09-03,0.06085,0.0,0.0,1.0,100.0,1643.3853738701725,Neutral,High
2010-09-04,0.062178275862069,0.0,0.0,1.0,100.0,1608.2787535285072,Neutral,High
2010-09-05,0.06165,0.0,0.0,1.0,100.0,1622.0600162206001,Neutral,High
2010-09-06,0.0616,0.0,0.0,1.0,100.0,1623.3766233766232,Neutral,High
2010-09-07,0.0612391180596142,0.0,0.0,1.0,100.0,1632.9431769845771,Neutral,High
2010-09-08,0.061,0.0,0.0,1.0,100.0,1639.344262295082,Neutral,Medium
2010-09-09,0.0611149707773232,0.0,0.0,1.0,100.0,1636.260293150711,Neutral,Medium
2010-09-10,0.0610115242548218,0.0,0.0,1.0,100.0,1639.0346122535514,Neutral,Medium
2010-09-11,0.0636208649912332,0.0,0.0,1.0,100.0,1571.8113863082456,Neutral,Medium
2010-09-12,0.0615,0.0,0.0,1.0,100.0,1626.0162601626016,Neutral,Medium
2010-09-13,0.06218,0.0,0.0,1.0,100.0,1608.2341588935349,Neutral,Medium
2010-09-14,0.06199,0.0,0.0,1.0,100.0,1613.1634134537828,Neutral,Medium
2010-09-15,0.0604,0.0,0.0,1.0,100.0,1655.6291390728477,Neutral,Medium
2010-09-16,0.0619,0.0,0.0,1.0,100.0,1615.5088852988692,Neutral,Low
2010-09-17,0.0600005260081823,0.0,0.0,1.0,100.0,1666.652055456363,Neutral,Low
2010-09-18,0.061,0.0,0.0,1.0,100.0,1639.344262295082,Neutral,Low
2010-09-19,0.0627,0.0,0.0,1.0,100.0,1594.8963317384369,Neutral,Low
2010-09-20,0.0621017358270018,0.0,0.0,1.0,100.0,1610.2609479157272,Neutral,Low
2010-09-21,0.06265,0.0,0.0,1.0,100.0,1596.1691939345571,Neutral,Low
2010-09-22,0.061881870251315,0.0,0.0,1.0,100.0,1615.982186606181,Neutral,Low
2010-09-23,0.062153512565751,0.0,0.0,1.0,100.0,1608.9195263777237,Neutral,Low
2010-09-24,0.0622,0.0,0.0,1.0,100.0,1607.717041800643,Neutral,Low
2010-09-25,0.06202,0.0,0.0,1.0,100.0,1612.3831022250888,Neutral,Low
2010-09-26,0.062,0.0,0.0,1.0,100.0,1612.9032258064517,Neutral,Low
2010-09-27,0.0622004418468732,0.0,0.0,1.0,100.0,1607.7056212266598,Neutral,Low
2010-09-28,0.0619038977206312,0.0,0.0,1.0,100.0,1615.4071663030713,Neutral,Low
2010-09-29,0.06191,0.0,0.0,1.0,100.0,1615.2479405588758,Neutral,Low
2010-09-30,0.0619,0.0,0.0,1.0,100.0,1615.5088852988692,Neutral,Low
2010-10-01,0.0619733138515488,0.0,0.0,1.0,100.0,1613.597753373985,Neutral,Low
2010-10-02,0.0614,0.0,0.0,1.0,100.0,1628.6644951140065,Neutral,Low
2010-10-03,0.0610648684979544,0.0,0.0,1.0,100.0,1637.60280599556,Neutral,Low
2010-10-04,0.0612944769140853,0.0,0.0,1.0,100.0,1631.4683644362788,Neutral,Low
2010-10-05,0.0614,0.0,0.0,1.0,100.0,1628.6644951140065,Neutral,Low
2010-10-06,0.06281,0.0,0.0,1.0,100.0,1592.1031682853047,Neutral,Low
2010-10-07,0.067,0.0,0.0,1.0,100.0,1492.5373134328358,Neutral,Low
2010-10-08,0.0844531081239041,0.0,0.0,1.0,100.0,1184.0890432746007,Neutral,High
2010-10-09,0.0938,0.0,0.0,1.0,100.0,1066.0980810234541,Neutral,High
2010-10-10,0.0971462010520164,0.0,0.0,1.0,100.0,1029.3763309020756,Neutral,High
2010-10-11,0.095,0.0,0.0,1.0,100.0,1052.6315789473683,Neutral,High
2010-10-12,0.0949,0.0,0.0,1.0,100.0,1053.740779768177,Neutral,High
2010-10-13,0.104865589129164,0.0,0.0,1.0,100.0,953.601661235403,Neutral,High
2010-10-14,0.102,0.0,0.0,1.0,100.0,980.3921568627452,Neutral,High
2010-10-15,0.105,0.0,0.0,1.0,100.0,952.3809523809524,Neutral,High
2010-10-16,0.101,0.0,0.0,1.0,100.0,990.09900990099,Neutral,High
2010-10-17,0.102,0.0,0.0,1.0,100.0,980.3921568627452,Neutral,High
2010-10-18,0.1024,0.0,0.0,1.0,100.0,976.5625,Neutral,High
2010-10-19,0.0975448918760959,0.0,0.0,1.0,100.0,1025.1690075890663,Neutral,High
2010-10-20,0.099,0.0,0.0,1.0,100.0,1010.10101010101,Neutral,High
2010-10-21,0.107,0.0,0.0,1.0,100.0,934.5794392523364,Neutral,High
2010-10-22,0.1025,0.0,0.0,1.0,100.0,975.609756097561,Neutral,High
2010-10-23,0.104556424313267,0.0,0.0,1.0,100.0,956.4213835429638,Neutral,High
2010-10-24,0.11501,0.0,0.0,1.0,100.0,869.4896095991653,Neutral,High
2010-10-25,0.139118552893045,0.0,0.0,1.0,100.0,718.8113872696797,Neutral,High
2010-10-26,0.151,0.0,0.0,1.0,100.0,662.2516556291391,Neutral,High
2010-10-27,0.1877,0.0,0.0,1.0,100.0,532.7650506126798,Neutral,High
2010-10-28,0.1731,0.0,0.0,1.0,100.0,577.7007510109763,Neutral,High
2010-10-29,0.19,0.0,0.0,1.0,100.0,526.3157894736842,Neutral,High
2010-10-30,0.197610543541789,0.0,0.0,1.0,100.0,506.0458728957084,Neutral,High
2010-10-31,0.1925,0.0,0.0,1.0,100.0,519.4805194805194,Neutral,High
2010-11-01,0.194525061367621,0.0,0.0,1.0,100.0,514.0725791162514,Neutral,High
2010-11-02,0.1938,0.0,0.0,1.0,100.0,515.9958720330237,Neutral,High
2010-11-03,0.1931,0.0,0.0,1.0,100.0,517.8663904712585,Neutral,High
2010-11-04,0.229275160724722,0.0,0.0,1.0,100.0,436.1571470887091,Neutral,High
2010-11-05,0.259112413793104,0.0,0.0,1.0,100.0,385.9328796182184,Neutral,High
2010-11-06,0.400982302746932,0.0,0.0,1.0,100.0,249.38756477517668,Neutral,High
2010-11-07,0.34,0.0,0.0,1.0,100.0,294.11764705882354,Neutral,High
2010-11-08,0.243184628872005,0.0,0.0,1.0,100.0,411.210200512438,Neutral,High
2010-11-09,0.217272694330801,0.0,0.0,1.0,100.0,460.2511158063354,Neutral,High
2010-11-10,0.229549731151373,0.0,0.0,1.0,100.0,435.6354481376262,Neutral,High
2010-11-11,0.2231,0.0,0.0,1.0,100.0,448.22949350067233,Neutral,High
2010-11-12,0.2682,0.0,0.0,1.0,100.0,372.85607755406414,Neutral,High
2010-11-13,0.276,0.0,0.0,1.0,100.0,362.3188405797101,Neutral,High
2010-11-14,0.27904,0.0,0.0,1.0,100.0,358.3715596330275,Neutral,High
2010-11-15,0.268464555815313,0.0,0.0,1.0,100.0,372.4886501173504,Neutral,High
2010-11-16,0.225,0.0,0.0,1.0,100.0,444.44444444444446,Neutral,High
2010-11-17,0.241939333722969,0.0,0.0,1.0,100.0,413.3267561797303,Neutral,High
2010-11-18,0.269057790765634,0.0,0.0,1.0,100.0,371.6673645295266,Neutral,High
2010-11-19,0.27829,0.0,0.0,1.0,100.0,359.33738186783575,Neutral,High
2010-11-20,0.283015964932788,0.0,0.0,1.0,100.0,353.33695759441866,Neutral,High
2010-11-21,0.27675,0.0,0.0,1.0,100.0,361.3369467028004,Neutral,High
2010-11-22,0.285,0.0,0.0,1.0,100.0,350.87719298245617,Neutral,High
2010-11-23,0.28295,0.0,0.0,1.0,100.0,353.4193320374625,Neutral,High
2010-11-24,0.282905736411455,0.0,0.0,1.0,100.0,353.47462822231745,Neutral,High
2010-11-25,0.28,-0.19530910898917364,-0.13671637629242153,0.6635512880988523,66.35512880988523,236.98260289244723,Neutral,High
2010-11-26,0.2844,-0.1952687226821736,-0.1366881058775215,0.6636075670960305,66.36075670960305,233.33599405626953,Neutral,High
2010-11-27,0.283,-0.18888128365749302,-0.1322168985602451,0.6725689158334919,67.25689158334919,237.6568607185484,Neutral,High
2010-11-28,0.271358679135009,-0.17039657004627184,-0.11927759903239028,0.699189971826428,69.9189971826428,257.6626530078886,Neutral,High
2010-11-29,0.230559456458212,-0.10889326505438884,-0.07622528553807219,0.7955863757754301,79.55863757754301,345.0677703690835,Neutral,High
2010-11-30,0.2082,-0.07606233463168058,-0.0532436342421764,0.852373129392485,85.2373129392485,409.40111882444046,Neutral,High
2010-12-01,0.2275,-0.10131581085138865,-0.07092106759597205,0.8083475289963353,80.83475289963353,355.31759516322427,Neutral,High
2010-12-02,0.255,-0.13682171633390033,-0.09577520143373022,0.7502673987696836,75.02673987696836,294.22250932144453,Neutral,High
2010-12-03,0.251060083576856,-0.1284072622930107,-0.08988508360510748,0.7636427141649289,76.3642714164929,304.1673145668169,Neutral,High
2010-12-04,0.205000526008182,-0.06416068656414643,-0.0449124805949025,0.8739453430967125,87.39453430967124,426.3137076349899,Neutral,High
2010-12-05,0.202850017533606,-0.060030701492364204,-0.04202149104465494,0.8815580081435963,88.15580081435964,434.58611385012546,Neutral,High
2010-12-06,0.204,-0.06027852654266618,-0.04219496857986633,0.8810993359767285,88.10993359767285,431.9114392042787,Neutral,High
2010-12-07,0.233420385739334,-0.09677809595063527,-0.06774466716544468,0.8160872534422998,81.60872534422998,349.6212427451146,Neutral,High
2010-12-08,0.2388,-0.10226354857425426,-0.07158448400197798,0.8067403158667275,80.67403158667274,337.83095304301816,Neutral,High
2010-12-09,0.199991694330801,-0.05112546011270879,-0.03578782207889615,0.8981991485892681,89.81991485892681,449.11822543169245,Neutral,High
2010-12-10,0.204,-0.05491229363864981,-0.03843860554705486,0.8910846800930324,89.10846800930324,436.80621573187864,Neutral,High
2010-12-11,0.228,-0.08441128529415753,-0.05908789970591027,0.8375588918588428,83.75588918588429,367.3503911661591,Neutral,High
2010-12-12,0.219853611922852,-0.07301599926289817,-0.051111199484028716,0.8578434988089381,85.78434988089381,390.18849465614454,Neutral,High
2010-12-13,0.227605236703682,-0.08092272601682743,-0.05664590821177919,0.8437173577664834,84.37173577664834,370.6932977402951,Neutral,High
2010-12-14,0.24669,-0.10210908669655135,-0.07147636068758594,0.8070020406226704,80.70020406226705,327.13204451849305,Neutral,High
2010-12-15,0.24,-0.09210616718199775,-0.06447431702739842,0.824133332330308,82.41333323303081,343.3888884709617,Neutral,High
2010-12-16,0.24996,-0.1025055797319636,-0.07175390581237452,0.8063303818386982,80.63303818386981,322.5837661380614,Neutral,High
2010-12-17,0.242655815312683,-0.09178043253760429,-0.064246302776323,0.8246972676199154,82.46972676199154,339.862972810778,Neutral,High
2010-12-18,0.241,-0.08851257782771917,-0.06195880447940341,0.8303762119817918,83.03762119817918,344.55444480572277,Neutral,High
2010-12-19,0.2401,-0.08593937251579267,-0.060157560761054864,0.8348754872775845,83.48754872775845,347.71990307271324,Neutral,High
2010-12-20,0.267,-0.1163894793302911,-0.08147263553120376,0.7831602780214213,78.31602780214213,293.31845618779823,Neutral,High
2010-12-21,0.241436002337814,-0.08387094523635082,-0.05870966166544557,0.8385098211753633,83.85098211753633,347.30107070035547,Neutral,High
2010-12-22,0.25,-0.09152634181322553,-0.06406843926925787,0.8251374356890842,82.51374356890841,330.05497427563364,Neutral,High
2010-12-23,0.249970127995324,-0.09008750790213291,-0.06306125553149303,0.8276344011638284,82.76344011638284,331.09332215060124,Neutral,High
2010-12-24,0.248,-0.08654870692324053,-0.060584094846268366,0.8338078619344597,83.38078619344597,336.2128475542176,Neutral,High
2010-12-25,0.2499,-0.08734681055567498,-0.06114276738897248,0.8324115557031838,83.24115557031838,333.09786142584386,Neutral,High
2010-12-26,0.264962127410871,-0.1028099401356116,-0.0719669580949281,0.8058151749202235,80.58151749202234,304.12466219017915,Neutral,High
2010-12-27,0.264785388661601,-0.1010083365212342,-0.07070583556486393,0.8088696443836494,80.88696443836494,305.4812232926473,Neutral,High
2010-12-28,0.281,-0.11562531110241922,-0.08093771777169345,0.7844180659949538,78.44180659949538,279.15233665300843,Neutral,High
2010-12-29,0.3,-0.13519818825587115,-0.09463873177910981,0.7528297327044228,75.28297327044228,250.94324423480762,Neutral,High
2010-12-30,0.3,-0.13276926269349099,-0.09293848388544368,0.7566795342850502,75.66795342850502,252.22651142835005,Neutral,High
2010-12-31,0.3,-0.13041044916047667,-0.09128731441233366,0.7604370514921696,76.04370514921696,253.47901716405656,Neutral,High
2011-01-01,0.3,-0.12811880367844883,-0.08968316257491417,0.7641054408727909,76.41054408727909,254.70181362426365,Neutral,High
2011-01-02,0.29997,-0.12657924489319133,-0.08860547142523392,0.7665798477000865,76.65798477000865,255.55217111714055,Neutral,High
2011-01-03,0.295,-0.11850566453368638,-0.08295396517358046,0.7796876443057122,77.96876443057123,264.30089637481774,Neutral,High
2011-01-04,0.29895,-0.12113833695146338,-0.08479683586602436,0.7753889476413357,77.53889476413357,259.3707802780852,Neutral,High
2011-01-05,0.298916302162478,-0.11924306379072871,-0.08347014465351009,0.7784812023694176,77.84812023694177,260.4345085020719,Neutral,High
2011-01-06,0.298,-0.11633842982986042,-0.08143690088090229,0.7832442403978854,78.32442403978854,262.8336377174112,Neutral,High
2011-01-07,0.32,-0.13810646048536873,-0.09667452233975811,0.7482459334444386,74.82459334444385,233.82685420138705,Neutral,High
2011-01-08,0.3229,-0.13903811317916875,-0.09732667922541813,0.7467834433574279,74.67834433574279,231.2739062735918,Neutral,High
2011-01-09,0.323,-0.13664535926944937,-0.09565175148861456,0.7505453116365999,75.05453116365999,232.36696954693494,Neutral,High
2011-01-10,0.32659,-0.13840426986777113,-0.09688298890743978,0.7477781269581242,74.77781269581241,228.96540829729145,Neutral,High
2011-01-11,0.32659,-0.136109792459985,-0.09527685472198949,0.7513899175392169,75.13899175392169,230.0713180254193,Neutral,High
2011-01-12,0.318799621274109,-0.12621070905389953,-0.08834749633772966,0.7671733528446434,76.71733528446434,240.64437397339802,Neutral,High
2011-01-13,0.3176,-0.12298091440652228,-0.14757709728782673,0.6422797697023087,64.22797697023087,202.22914663170928,Neutral,Medium
2011-01-14,0.399990005844535,-0.21258574883702655,-0.14881002418591857,0.6399085057858414,63.99085057858414,159.9811236370131,Neutral,High
2011-01-15,0.386,-0.19314143619259633,-0.1351990053348174,0.6665787338687842,66.65787338687842,172.6887911577161,Neutral,High
2011-01-16,0.38679,-0.1905210922398387,-0.1333647645678871,0.6702568420557757,67.02568420557758,173.28701415646105,Neutral,High
2011-01-17,0.3495,-0.14621538446074955,-0.10235076912252468,0.7356121219672404,73.56121219672403,210.47557137832342,Neutral,High
2011-01-18,0.31299,-0.106119923780749,-0.0742839466465243,0.8002334031412299,80.02334031412299,255.67379249855583,Neutral,High
2011-01-19,0.31299,-0.10453809497718722,-0.07317666648403105,0.8028960708895226,80.28960708895227,256.52451224944014,Neutral,High
2011-01-20,0.39,-0.18370501883595075,-0.12859351318516551,0.6799197247931003,67.99197247931002,174.3383909725898,Neutral,High
2011-01-21,0.41991,-0.21235582405599546,-0.14864907683919681,0.6402175551192952,64.02175551192953,152.46542238081858,Neutral,High
2011-01-22,0.44003552893045,-0.2301922165821994,-0.16113455160753956,0.6166808469287773,61.668084692877734,140.14342169771638,Neutral,High
2011-01-23,0.4424,-0.22851738428067725,-0.15996216899647406,0.6188536233814936,61.88536233814936,139.88553873903564,Neutral,High
2011-01-24,0.4199,-0.2015388025973172,-0.14107716181812205,0.6549270094867837,65.49270094867838,155.9721384822062,Neutral,High
2011-01-25,0.41,-0.18796492254306546,-0.13157544578014582,0.6738644255487745,67.38644255487745,164.35717696311573,Neutral,High
2011-01-26,0.415085129748685,-0.19009403201526887,-0.1330658224106882,0.670858215758121,67.0858215758121,161.61942880591624,Neutral,High
2011-01-27,0.4212,-0.1926118977079472,-0.13482832839556302,0.6673204022659391,66.73204022659391,158.4331439377823,Neutral,High
2011-01-28,0.444484044418469,-0.21267391714189127,-0.14887174199932388,0.6397900354925012,63.97900354925012,143.9399329461998,Neutral,High
2011-01-29,0.439,-0.20434371784507147,-0.14304060249155,0.6510806178649193,65.10806178649193,148.30993573232786,Neutral,High
2011-01-30,0.477142033898305,-0.23852193409489014,-0.16696535386642308,0.605987414306708,60.5987414306708,127.00356943103954,Neutral,High
2011-01-31,0.525136870251315,-0.2822802997166104,-0.19759620980162726,0.5527836247165766,55.27836247165766,105.26467594096577,Neutral,High
2011-02-01,0.707510116890707,-0.456264320859966,-0.31938502460197615,0.3835999471272362,38.35999471272362,54.21829850476796,Neutral,High
2011-02-02,0.725434821741671,-0.4630989972590565,-0.32416929808133954,0.3781335290659231,37.813352906592314,52.12508660089898,Neutral,High
2011-02-03,0.693898367621274,-0.42315053311306466,-0.29620537317914525,0.4112244446354525,41.12244446354525,59.262921462858465,Neutral,High
2011-02-04,0.810958971361777,-0.5227817458747722,-0.36594722211234054,0.3335903064455883,33.35903064455883,41.13528775511509,Neutral,High
2011-02-05,0.911671477498539,-0.6021861248464269,-0.42153028739249876,0.2823547945373414,28.23547945373414,30.97111201856086,Neutral,High
2011-02-06,0.898,-0.5744649699580326,-0.40212547897062284,0.29927977614773515,29.927977614773514,33.327369281484984,Neutral,High
2011-02-07,0.889421369959088,-0.5526722570280378,-0.3868705799196264,0.3132944675672075,31.329446756720753,35.22452665845195,Neutral,High
2011-02-08,0.918,-0.5632807438723167,-0.3942965207106217,0.306392119181999,30.639211918199898,33.37604784117636,Neutral,High
2011-02-09,1.01605024547049,-0.632590891717323,-0.44281362420212605,0.2648899366660437,26.488993666604372,26.070554861525018,Neutral,High
2011-02-10,0.979652963179427,-0.5858908273824903,-0.4101235791677432,0.2921842339451814,29.21842339451814,29.82527945374742,Neutral,High
2011-02-11,1.05406945353594,-0.6317674913599776,-0.44223724395198427,0.26534836487914054,26.534836487914053,25.173707860427346,Neutral,High
2011-02-12,1.07870328404442,-0.635011197479167,-0.4445078382354169,0.2635470116168171,26.35470116168171,24.431835474597897,Neutral,High
2011-02-13,1.05,-0.5964745679150933,-0.4175321975405653,0.2857618256328301,28.57618256328301,27.215411965031436,Neutral,High
2011-02-14,1.07001262419638,-0.5968359041923892,-0.4177851329346724,0.2855450700410105,28.554507004101048,26.686140292547073,Neutral,High
2011-02-15,1.05,-0.567538496845546,-0.3972769477918822,0.30366479214256525,30.366479214256525,28.920456394530024,Neutral,High
2011-02-16,1.031687628872,-0.5407112332701244,-0.378497863289087,0.3212635097799354,32.12635097799354,31.139610555492478,Neutral,High
2011-02-17,1.0399231975453,-0.5343316209702614,-0.374032134679183,0.3255964968286013,32.55964968286013,31.30966763672161,Neutral,High
2011-02-18,0.898955914669784,-0.42119789805975233,-0.29483852864182664,0.41291414626429385,41.291414626429386,45.932635797381764,Neutral,High
2011-02-19,0.944028116890707,-0.4448095078687692,-0.3113666555081384,0.392939365009357,39.2939365009357,41.62369297892944,Neutral,High
2011-02-20,0.865,-0.38115357402424543,-0.26680750181697177,0.44913916028002937,44.91391602800294,51.92360234451207,Neutral,High
2011-02-21,0.835747428404442,-0.35371761134848745,-0.2476023279439412,0.4757765423447847,47.57765423447847,56.92826877769858,Neutral,High
2011-02-22,0.877041779661017,-0.3759892386607,-0.26319246706249,0.4540366300856401,45.40366300856401,51.76909933083559,Neutral,High
2011-02-23,0.9,-0.3841830145518176,-0.2689281101862723,0.44629088521360416,44.629088521360416,49.587876134844905,Neutral,High
2011-02-24,0.989095265926359,-0.4367427780774355,-0.3057199446542048,0.39965251018854936,39.965251018854936,40.405866245274765,Neutral,High
2011-02-25,0.914652001753361,-0.37918275514063693,-0.26542792859844583,0.45100187331542924,45.10018733154293,49.3085755512339,Neutral,High
2011-02-26,0.958,-0.40066763336178957,-0.2804673433532527,0.43110567640405195,43.11056764040519,45.00059252651899,Neutral,High
2011-02-27,0.895033114552893,-0.353857548029009,-0.24770028362030627,0.4756367478472755,47.56367478472755,53.14180448897427,Neutral,High
2011-02-28,0.860220923436587,-0.3260547968007489,-0.2282383577605242,0.5042338788135109,50.42338788135109,58.6167884407059,Neutral,High
2011-03-01,0.921096891876096,-0.35750788375184006,-0.25025551862628803,0.47200459613074014,47.20045961307402,51.24375082510139,Neutral,High
2011-03-02,0.9399,-0.36337515200415443,-0.2543626064029081,0.4662245848528856,46.62245848528856,49.603637073399895,Neutral,High
2011-03-03,0.939073383401519,-0.3568298409361128,-0.24978088865527895,0.4726771574270633,47.26771574270633,50.334421758918175,Neutral,High
2011-03-04,0.9011,-0.3281990126717742,-0.22973930887024194,0.5019684917940536,50.196849179405355,55.706191520813846,Neutral,High
2011-03-05,0.90784060666277,-0.3270575332239838,-0.22894027325678865,0.5031732072383243,50.317320723832424,55.42528099596617,Neutral,High
2011-03-06,0.884770973115138,-0.30713218222846245,-0.2149925275599237,0.5246743037666434,52.46743037666434,59.30057830890954,Neutral,High
2011-03-07,0.877583864406779,-0.2960622550486951,-0.20724357853408656,0.5370142032315627,53.70142032315627,61.19235152466808,Neutral,High
2011-03-08,0.866071591466979,-0.28296998562549025,-0.19807898993784318,0.551983585360178,55.1983585360178,63.734175188128624,Neutral,High
2011-03-09,0.86,-0.27376297392993354,-0.19163408175095348,0.562759878567809,56.275987856780894,65.43719518230337,Neutral,High
2011-03-10,0.920670309760374,-0.299240090436792,-0.2094680633057544,0.53344239488556,53.344239488556,57.94065359014356,Neutral,High
2011-03-11,0.88,-0.2718121160171544,-0.19026848121200807,0.565070123224018,56.50701232240179,64.2125140027293,Neutral,High
2011-03-12,0.917815513150205,-0.2848808397073031,-0.19941658779511215,0.5497730273997824,54.97730273997824,59.90016724742474,Neutral,High
2011-03-13,0.89249,-0.2662756091902345,-0.18639292643316416,0.5716783452217803,57.167834522178026,64.0543137986734,Neutral,High
2011-03-14,0.893924922852133,-0.26108022806828235,-0.18275615964779762,0.57794967652059,57.794967652059,64.65304431569031,Neutral,High
2011-03-15,0.87224,-0.24491899884935014,-0.1714432991945451,0.5979011153904518,59.79011153904518,68.54777531303904,Neutral,High
2011-03-16,0.851211665692578,-0.22916143083225654,-0.16041300158257957,0.6180171910071034,61.801719100710336,72.60440803572179,Neutral,High
2011-03-17,0.82542,-0.21060134357781246,-0.14742094050446872,0.642580729220668,64.2580729220668,77.84894105069758,Neutral,High
2011-03-18,0.801959208065459,-0.19383261314179884,-0.13568282919925917,0.6656119155962268,66.56119155962269,82.99822595738524,Neutral,High
2011-03-19,0.765,-0.17010900543626536,-0.11907630380538575,0.69961233015396,69.96123301539599,91.45259217698822,Neutral,High
2011-03-20,0.7415,-0.1541116987620526,-0.10787818913343682,0.7235145898937992,72.35145898937992,97.57445581844898,Neutral,High
2011-03-21,0.75897,-0.15965434510839416,-0.1117580415758759,0.7151420213688346,71.51420213688347,94.2253345150447,Neutral,High
2011-03-22,0.809130292811222,-0.1813952145557833,-0.1269766501890483,0.6832257475197965,68.32257475197964,84.43952149486508,Neutral,High
2011-03-23,0.84971,-0.19731451062729782,-0.13812015743910847,0.6607627216614238,66.07627216614237,77.76332179936963,Neutral,High
2011-03-24,0.872374365867914,-0.20293912151659216,-0.1420573850616145,0.6530039144338557,65.30039144338558,74.85363394237183,Neutral,High
2011-03-25,0.88377,-0.20335518673556335,-0.14234863071489434,0.6524336099632239,65.24336099632238,73.8239145890021,Neutral,High
2011-03-26,0.8552,-0.18686087695700393,-0.13080261386990275,0.6754285898960101,67.542858989601,78.97902126941185,Neutral,High
2011-03-27,0.822,-0.16746143865879248,-0.20095372639055098,0.5472436319118124,54.72436319118123,66.57465108416208,Neutral,Medium
2011-03-28,0.794740500292227,-0.15125800544750603,-0.18150960653700723,0.580115057792592,58.011505779259195,72.99427392705958,Neutral,Medium
2011-03-29,0.792509941554646,-0.14687297340077393,-0.1762475680809287,0.5893454856356423,58.93454856356423,74.36442809531684,Neutral,Medium
2011-03-30,0.789706312098189,-0.14231525465644956,-0.17077830558773946,0.5990951072475867,59.909510724758675,75.86302630098487,Neutral,Medium
2011-03-31,0.78461,-0.13675501965853837,-0.16410602359024604,0.6112079275348861,61.12079275348861,77.89958419276915,Neutral,Medium
2011-04-01,0.77411,-0.12877794933211412,-0.15453353919853693,0.6290147217198259,62.90147217198259,81.25650381984808,Neutral,Medium
2011-04-02,0.78199,-0.12932491957031836,-0.15518990348438202,0.6277773519717765,62.777735197177655,80.2794603475462,Neutral,Medium
2011-04-03,0.779,-0.12501824324730124,-0.1500218918967615,0.6375862763278802,63.75862763278802,81.84676204465728,Neutral,Medium
2011-04-04,0.68,-0.07827677673985971,-0.09393213208783165,0.7544272731086806,75.44272731086807,110.9451872218648,Neutral,Medium
2011-04-05,0.715691834599649,-0.09181333062926003,-0.06426933144048202,0.8246402945587317,82.46402945587317,115.222817236699,Neutral,High
2011-04-06,0.74,-0.10007911180637008,-0.07005537826445905,0.8104495909097231,81.04495909097231,109.52021498780043,Neutral,High
2011-04-07,0.7538,-0.10341559011553153,-0.07239091308087206,0.8047909383201439,80.4790938320144,106.7645182170528,Neutral,High
2011-04-08,0.74999,-0.09923410140807198,-0.06946387098565038,0.8118890281848298,81.18890281848297,108.25331380216132,Neutral,High
2011-04-09,0.734060517241379,-0.09020522613572726,-0.10824627136287271,0.7227160922542918,72.27160922542917,98.45456543150966,Neutral,Medium
2011-04-10,0.733156820572765,-0.08753495488161188,-0.10504194585793425,0.7296970451856263,72.96970451856262,99.52809886097276,Neutral,Medium
2011-04-11,0.770113933372297,-0.0996992113172275,-0.119639053580673,0.6984322065609407,69.84322065609408,90.69206208262393,Neutral,Medium
2011-04-12,0.861381607831677,-0.13262732623218693,-0.09283912836253085,0.756905108773906,75.69051087739061,87.87105527818667,Neutral,High
2011-04-13,0.930320058445353,-0.15377218407910279,-0.10764052885537194,0.7240306258696738,72.40306258696738,77.82597174993657,Neutral,High
2011-04-14,0.998629766218586,-0.1776446011395878,-0.12435122079771145,0.6886282784110335,68.86282784110335,68.9573154842555,Neutral,High
2011-04-15,0.983673136762127,-0.16758957169316233,-0.11731270018521361,0.7033236559724713,70.33236559724713,71.49973194221221,Neutral,High
2011-04-16,1.04663285797779,-0.1885926615485384,-0.13201486308397686,0.6729766877412968,67.29766877412968,64.29921271930655,Neutral,High
2011-04-17,1.09812209789597,-0.2041667448838242,-0.14291672141867692,0.6513226325300923,65.13226325300923,59.31240558568515,Neutral,High
2011-04-18,1.14943331151373,-0.22010213902570802,-0.1540714973179956,0.6298872197107821,62.988721971078206,54.79980555646686,Neutral,High
2011-04-19,1.18516222092344,-0.22921139692492043,-0.1604479778474443,0.6179523466102942,61.79523466102942,52.14073952921025,Neutral,High
2011-04-20,1.14212598480421,-0.20722596089823178,-0.14505817262876225,0.6471517176726005,64.71517176726005,56.66202558061395,Neutral,High
2011-04-21,1.20733887200468,-0.22743055355222125,-0.15920138748655485,0.6202676736246306,62.02676736246306,51.3747786977761,Neutral,High
2011-04-22,1.40450508182349,-0.29811956044996896,-0.20868369231497827,0.5346991231368405,53.469912313684056,38.070287538058075,Neutral,High
2011-04-23,1.82885230099357,-0.4516256433721921,-0.31613795036053444,0.3873549390626312,38.735493906263116,21.1802199036079,Neutral,High
2011-04-24,1.63198421975453,-0.3670155556942725,-0.25691088898599074,0.4626739581775317,46.26739581775317,28.35039411392859,Neutral,High
2011-04-25,1.56448363530099,-0.3334518993962151,-0.23341632957735056,0.496461675037985,49.6461675037985,31.733260983741197,Neutral,High
2011-04-26,1.77084089012274,-0.39994840496579004,-0.279963883476053,0.4317573016136048,43.175730161360484,24.381484752347177,Neutral,High
2011-04-27,1.9031759585038,-0.43690513511198,-0.305833594578386,0.3995162719826166,39.951627198261654,20.992082744503566,Neutral,High
2011-04-28,2.28574446580947,-0.5590076346853665,-0.39130534427975655,0.30915391081498833,30.915391081498832,13.52530501284644,Neutral,High
2011-04-29,2.85060509000585,-0.7349172885993388,-0.5144421020195371,0.21366918894625025,21.366918894625027,7.495573122189709,Neutral,High
2011-04-30,3.5,-0.9247387455449685,-0.6473171218814779,0.2,20.0,5.714285714285714,Neutral,High
2011-05-01,3.0942275534775,-0.7633268630402179,-0.5343288041281525,0.20129447116045227,20.129447116045228,6.505483765543491,Neutral,High
2011-05-02,3.2,-0.7720454893107186,-0.540431842517503,0.2,20.0,6.25,Neutral,High
2011-05-03,3.36058570368206,-0.7961401455223355,-0.5572981018656348,0.2,20.0,5.951343534576963,Neutral,High
2011-05-04,3.40867304734074,-0.784486492134462,-0.5491405444941233,0.2,20.0,5.867385848461736,Neutral,High
2011-05-05,3.34373668439509,-0.7408142497845971,-0.518569974849218,0.21103950732040974,21.103950732040975,6.311487035008217,Neutral,High
2011-05-06,3.45507558445354,-0.7486199466800229,-0.524033962676016,0.20760835392198337,20.760835392198338,6.008793406897899,Neutral,High
2011-05-07,3.64126297779077,-0.7759666471319024,-0.5431766529923316,0.2,20.0,5.49259971663305,Neutral,High
2011-05-08,3.84866837697253,-0.8065003346653808,-0.5645502342657666,0.2,20.0,5.196602575494581,Neutral,High
2011-05-09,3.80408958211572,-0.7686119624281132,-0.5380283736996793,0.2,20.0,5.257499742915256,Neutral,High
2011-05-10,5.65166700233781,-1.2088701559708965,-0.8462091091796275,0.2,20.0,3.538778911023422,Neutral,High
2011-05-11,5.43975104383402,-1.1076196750488143,-0.77533377253417,0.2,20.0,3.676638845939481,Neutral,High
2011-05-12,6.3348786943308,-1.271754098867426,-0.8902278692071982,0.2,20.0,3.157124384701852,Neutral,High
2011-05-13,8.13903486732905,-1.5,-1.0499999999999998,0.2,20.0,2.457293810139839,Neutral,High
2011-05-14,7.00724382933957,-1.2955768827975305,-0.9069038179582712,0.2,20.0,2.8541892485971894,Neutral,High
2011-05-15,6.92492484453536,-1.222906968100965,-0.8560348776706754,0.2,20.0,2.888117986693029,Neutral,High
2011-05-16,7.88514074517826,-1.3608704983080413,-0.9526093488156289,0.2,20.0,2.536416361652129,Neutral,High
2011-05-17,7.25719954061952,-1.181147172362254,-0.8268030206535777,0.2,20.0,2.7558839863858386,Neutral,High
2011-05-18,6.76316336236119,-1.0424961072649208,-0.7297472750854446,0.2,20.0,2.957196052856765,Neutral,High
2011-05-19,6.89014363237873,-1.0259702814809406,-0.7181791970366583,0.2,20.0,2.9026971086661177,Neutral,High
2011-05-20,5.61809621858562,-0.7658436291411506,-0.5360905403988053,0.20023339432395845,20.023339432395844,3.5640791209939096,Neutral,High
2011-05-21,6.08480066744594,-0.8214610567589998,-0.5750227397312998,0.2,20.0,3.2868784193706193,Neutral,High
2011-05-22,6.71195603974284,-0.8986782870588647,-0.6290748009412053,0.2,20.0,2.9797572990013617,Neutral,High
2011-05-23,7.06525678375219,-0.9240688877328938,-0.6468482214130256,0.2,20.0,2.8307534477718552,Neutral,High
2011-05-24,7.40266058211573,-0.944508227573481,-0.6611557593014367,0.2,20.0,2.7017313272904193,Neutral,High
2011-05-25,8.56928963705436,-1.088260105209199,-0.7617820736464392,0.2,20.0,2.3339157441380256,Neutral,High
2011-05-26,8.78215543424898,-1.077740690755696,-0.7544184835289871,0.2,20.0,2.2773452542189414,Neutral,High
2011-05-27,8.52865846814728,-1.000615311421905,-0.7004307179953334,0.2,20.0,2.3450346938731026,Neutral,High
2011-05-28,8.34926911981298,-0.9390705488927713,-0.6573493842249398,0.2,20.0,2.3954192532301546,Neutral,High
2011-05-29,8.40095347223846,-0.9126314340023107,-0.6388420038016175,0.2,20.0,2.3806821530545794,Neutral,High
2011-05-30,8.77934246464056,-0.9297202050277209,-0.6508041435194046,0.2,20.0,2.2780749333508123,Neutral,High
2011-05-31,8.72157642197545,-0.8897799335501098,-0.6228459534850768,0.2,20.0,2.293163418210348,Neutral,High
2011-06-01,9.62377723202805,-0.9700502428419966,-0.6790351699893976,0.2,20.0,2.078186092404524,Neutral,High
2011-06-02,10.7027602279369,-1.0634461007915428,-0.7444122705540799,0.2,20.0,1.8686768248619607,Neutral,High
2011-06-03,14.2646467738165,-1.4284870378873418,-0.9999409265211392,0.2,20.0,1.4020676654055704,Neutral,High
2011-06-04,18.3127387258913,-1.5,-1.0499999999999998,0.2,20.0,1.0921359333174552,Neutral,High
2011-06-05,16.5433423962595,-1.5,-1.0499999999999998,0.2,20.0,1.2089455395979751,Neutral,High
2011-06-06,18.4020986440678,-1.5,-1.0499999999999998,0.2,20.0,1.0868325611572194,Neutral,High
2011-06-07,23.2378784628872,-1.5,-1.0499999999999998,0.2,20.0,0.860663766356367,Neutral,High
2011-06-08,29.0299213267095,-1.5,-1.0499999999999998,0.2,20.0,0.6889443403898805,Neutral,High
2011-06-09,28.7905440181181,-1.5,-1.0499999999999998,0.2,20.0,0.6946725281541694,Neutral,High
2011-06-10,24.0493992285213,-1.5,-1.0499999999999998,0.2,20.0,0.83162160559425,Neutral,High
2011-06-11,14.7497466277031,-0.9059472591179948,-0.6341630813825964,0.2,20.0,1.3559554956988773,Neutral,High
2011-06-12,18.8501447311514,-1.1747144927125526,-0.8223001448987868,0.2,20.0,1.0609998111552095,Neutral,High
2011-06-13,19.5423291145529,-1.1751804968197512,-0.8226263477738258,0.2,20.0,1.0234194646280048,Neutral,High
2011-06-14,19.2577355055523,-1.1076847819771882,-0.7753793473840317,0.2,20.0,1.0385437059426688,Neutral,High
2011-06-15,19.4641426241964,-1.077404674525956,-0.7541832721681692,0.2,20.0,1.0275304895853703,Neutral,High
2011-06-16,17.9293625423729,-0.9379325611836191,-0.6565527928285333,0.2,20.0,1.1154886267001134,Neutral,High
2011-06-17,15.4363689129164,-0.7482507112591685,-0.523775497881418,0.20776939470063224,20.776939470063223,1.3459732393852089,Neutral,High
2011-06-18,16.8754045353594,-0.8124335193848329,-0.568703463569383,0.2,20.0,1.18515677405502,Neutral,High
2011-06-19,17.5107167913501,-0.8232601979299872,-0.576282138550991,0.2,20.0,1.1421576990999907,Neutral,High
2011-06-20,17.5107167913501,-0.7957802866613923,-0.5570462006629746,0.2,20.0,1.1421576990999907,Neutral,High
2011-06-21,17.5107167913501,-0.7696758461367629,-0.538773092295734,0.2,20.0,1.1421576990999907,Neutral,High
2011-06-22,17.5107167913501,-0.7447870615987686,-0.521350943119138,0.2092861490204933,20.92861490204933,1.195188932093722,Neutral,High
2011-06-23,17.5107167913501,-0.7210902249517717,-0.5047631574662401,0.21996442012824982,21.996442012824982,1.2561702798877274,Neutral,High
2011-06-24,17.5107167913501,-0.6985061158626518,-0.4889542811038562,0.23064793007932147,23.064793007932145,1.3171815456078666,Neutral,High
2011-06-25,17.5107167913501,-0.6769928447885194,-0.47389499135196356,0.24130707798665263,24.130707798665263,1.3780536848488858,Neutral,High
2011-06-26,16.3613420157802,-0.5992362982966156,-0.4194654088076309,0.28410930831940157,28.410930831940156,1.7364670211366746,Neutral,High
2011-06-27,16.7522858132671,-0.6011347589000696,-0.4207943312300487,0.2829788854923085,28.297888549230848,1.689195663484927,Neutral,High
2011-06-28,16.9618353071303,-0.5937402521265747,-0.4156181764886022,0.28740740808091647,28.740740808091648,1.6944357899766784,Neutral,High
2011-06-29,16.8545683179427,-0.5718594227408873,-0.4003015959186211,0.30092181832490106,30.092181832490105,1.7854021096734451,Neutral,High
2011-06-30,16.1852627808299,-0.5250171196585306,-0.3675119837609714,0.33202800829722406,33.202800829722406,2.0514217952054734,Neutral,High
2011-07-01,15.4203573991818,-0.4758097090933018,-0.3330667963653112,0.36817371922227443,36.817371922227444,2.3875822699272176,Neutral,High
2011-07-02,15.38284406955,-0.4616688296914843,-0.323168180784039,0.3792709042298213,37.92709042298213,2.4655447491701468,Neutral,High
2011-07-03,15.4575505604909,-0.4525552784974068,-0.31678869494818473,0.3865994693390362,38.65994693390362,2.501039655837675,Neutral,High
2011-07-04,13.8527968123904,-0.3714681141040858,-0.2600276798728601,0.45836794702533334,45.83679470253333,3.3088476878210895,Neutral,High
2011-07-05,12.9648177147867,-0.324024591556031,-0.2268172140892217,0.506388234380596,50.638823438059596,3.9058646679085007,Neutral,High
2011-07-06,14.7147835832846,-0.3904122413102724,-0.27328856891719067,0.4404908054752924,44.04908054752924,2.993525545123696,Neutral,High
2011-07-07,14.7972891613092,-0.38391109428885395,-0.26873776600219773,0.4465458046135326,44.65458046135326,3.0177541287841145,Neutral,High
2011-07-08,14.2990376969608,-0.35422182489982446,-0.2479552774298771,0.47527303370337887,47.52730337033789,3.323811320564573,Neutral,High
2011-07-09,14.3815006697838,-0.34886292144574976,-0.2442040450120248,0.4806518213950173,48.06518213950173,3.342153454158571,Neutral,High
2011-07-10,14.6229375511397,-0.3499880086108519,-0.24499160602759631,0.4795175339936997,47.95175339936997,3.2792148110919515,Neutral,High
2011-07-11,14.3101554330801,-0.3293358277648072,-0.23053507943536503,0.5007715658290298,50.07715658290298,3.4994138824755194,Neutral,High
2011-07-12,14.0212726215663,-0.3105193688145459,-0.2173635581701821,0.5209554890776678,52.095548907766776,3.7154650875012543,Neutral,High
2011-07-13,13.9714545225015,-0.30127638450105254,-0.21089346915073676,0.5311661494915245,53.11661494915245,3.8017956443694785,Neutral,High
2011-07-14,13.997974547633,-0.2950647071415957,-0.206545294999117,0.5381403468995883,53.81403468995883,3.844415812218959,Neutral,High
2011-07-15,13.8063904056108,-0.2812686479136248,-0.19688805353953737,0.5539592446145699,55.39592446145699,4.012339419211596,Neutral,High
2011-07-16,13.7130792992402,-0.2712744953618801,-0.18989214675331606,0.5657084495693535,56.57084495693535,4.125320339981537,Neutral,High
2011-07-17,13.2581353109293,-0.24833659755020365,-0.17383561828514255,0.5936253664195511,59.36253664195511,4.477442358958262,Neutral,High
2011-07-18,13.6305212504383,-0.2559569228506246,-0.1791698459954372,0.584201373480459,58.4201373480459,4.285979697670576,Neutral,High
2011-07-19,13.8247948386908,-0.25655857923110914,-0.30787029507733094,0.3970826294838319,39.70826294838319,2.8722497087084107,Neutral,Medium
2011-07-20,13.6783305920514,-0.24576025407083646,-0.29491230488500375,0.4128227666137396,41.28227666137396,3.0180785866780746,Neutral,Medium
2011-07-21,13.6118084418469,-0.2379306173401644,-0.2855167408081973,0.4246244182967585,42.46244182967585,3.119529782621184,Neutral,Medium
2011-07-22,13.6985473310929,-0.2350137556652606,-0.2820165067983127,0.4291067654969831,42.91067654969831,3.1324983235485013,Neutral,Medium
2011-07-23,13.6817183424898,-0.2290325805639013,-0.27483909667668155,0.4384465839295416,43.84465839295416,3.2046163570544097,Neutral,Medium
2011-07-24,13.992515176505,-0.23322051265907393,-0.16325435886135173,0.6127715569179706,61.277155691797056,4.379280988359281,Neutral,High
2011-07-25,14.0334253787259,-0.22876064330160994,-0.16013245031112694,0.6185375664905398,61.853756649053985,4.407602205433162,Neutral,High
2011-07-26,13.8780323232028,-0.21894092609346164,-0.26272911131215393,0.45466821040373906,45.46682104037391,3.2761720092233495,Neutral,Medium
2011-07-27,13.878224755114,-0.2137574228991619,-0.25650890747899424,0.4632322538715562,46.32322538715562,3.3378350764989544,Neutral,Medium
2011-07-28,13.4915910756867,-0.19780605129043743,-0.23736726154852492,0.49061195239406685,49.061195239406686,3.636427680336402,Neutral,Medium
2011-07-29,13.5123163901227,-0.19377015873488584,-0.232524190481863,0.49779219336401503,49.7792193364015,3.683988584872788,Neutral,Medium
2011-07-30,13.5402806738749,-0.19004042537027377,-0.2280485104443285,0.5045211429561185,50.45211429561185,3.7260759588947043,Neutral,Medium
2011-07-31,13.3729061022794,-0.18069960129743678,-0.21683952155692413,0.5217751324440173,52.17751324440173,3.901733314010791,Neutral,Medium
2011-08-01,13.0191138468732,-0.16569295721783642,-0.1988315486614037,0.5507387908730653,55.07387908730653,4.230232543863469,Neutral,Medium
2011-08-02,12.2141564389246,-0.13726696172970088,-0.16472035407564103,0.6100825139288669,61.00825139288669,4.9948804649712,Neutral,Medium
2011-08-03,9.28635691350088,-0.044921822489494494,-0.03144527574264614,0.9099771158291496,90.99771158291496,9.79907539959172,Neutral,High
2011-08-04,10.7685037481005,-0.0876218234115098,-0.06133527638805686,0.8319309543504261,83.19309543504261,7.725594695522799,Neutral,High
2011-08-05,9.73015395967271,-0.05404670782836772,-0.0378326954798574,0.8927059046562434,89.27059046562434,9.174632882029659,Neutral,High
2011-08-06,6.964169735827,0.02867304451149091,0.020071131158043636,1.0620631597130117,106.20631597130117,15.250391647539171,Neutral,High
2011-08-07,8.50179329222677,-0.014996650555826538,-0.010497655389078576,0.9689977721980478,96.89977721980479,11.397569182069,Neutral,High
2011-08-08,7.77533763793104,0.007402315932911803,0.005181621153038262,1.0156663133403179,101.56663133403178,13.062665065315146,Neutral,High
2011-08-09,9.80249948100526,-0.0491819094709244,-0.03442733662964708,0.9018726006234307,90.18726006234307,9.20043507649278,Neutral,High
2011-08-10,10.0512531274109,-0.05442151922462078,-0.03809506345723455,0.8920035287861182,89.20035287861182,8.874550441412365,Neutral,High
2011-08-11,9.43841299473992,-0.03510540190225907,-0.024573781331581345,0.9289305098443293,92.89305098443293,9.842020161249856,Neutral,High
2011-08-12,9.45299328521333,-0.03369499344254577,-0.023586495409782037,0.9316859484827275,93.16859484827275,9.855988683924064,Neutral,High
2011-08-13,10.0040247445938,-0.04724064370228707,-0.03306845059160095,0.9055567312469253,90.55567312469253,9.051924144192972,Neutral,High
2011-08-14,10.8068207665108,-0.06762766118878105,-0.047339362832146736,0.8676055626638439,86.7605562663844,8.028314537726603,Neutral,High
2011-08-15,11.1306965499708,-0.07445004366258526,-0.05211503056380968,0.8552639949405704,85.52639949405703,7.683831744948738,Neutral,High
2011-08-16,10.9919655669199,-0.06830570739380336,-0.04781399517566235,0.8663710607898348,86.63710607898348,7.881857485044906,Neutral,High
2011-08-17,10.9639640561075,-0.17112724946048416,-0.1197890746223389,0.6981179387049483,69.81179387049482,6.367386240344889,Neutral,High
2011-08-18,10.8584714558738,-0.4540765035108135,-0.31785355245756947,0.38536641987649195,38.5366419876492,3.5489932578680876,Neutral,High
2011-08-19,11.6704730432496,0.09747207330609842,0.06823045131426889,1.2271462526542407,122.71462526542408,10.514965829633127,Neutral,High
2011-08-20,11.4597317393337,-0.5365093476720896,-0.3755565433704627,0.32411087008248773,32.41108700824877,2.8282587887291366,Neutral,High
2011-08-21,11.3544813407364,0.27595961329289503,0.19317172930502652,1.7851727475984962,178.5172747598496,15.722186632989066,Neutral,High
2011-08-22,10.9208958246639,-0.28615196054956404,-0.20030637238469481,0.5483074456454704,54.83074456454704,5.0207185788474,Neutral,High
2011-08-23,10.9172450543542,0.44888098332711673,0.4713250324934725,3.0,300.0,27.479460111628523,Value,High
2011-08-24,10.870444289889,-0.5402168644946704,-0.3781518051462693,0.32159721053040496,32.1597210530405,2.95845507280263,Neutral,High
2011-08-25,9.5460936735827,-0.5644017377610699,-0.23704872985964937,0.4910810028308511,49.10810028308511,5.1443136807869365,Elevated,High
2011-08-26,8.12692016306254,0.10664462935975598,0.07465124055182919,1.2510131232723951,125.10131232723951,15.393446695321844,Neutral,High
2011-08-27,8.59649760666277,0.0037513124725258307,0.002625918730768081,1.0079088673553431,100.79088673553431,11.724645471594817,Neutral,High
2011-08-28,9.03086639976622,0.020116024565272998,0.014081217195691097,1.043148612604462,104.31486126044621,11.55092508766895,Neutral,High
2011-08-29,8.96115727060199,0.10650764817574715,0.074555353723023,1.2506533079836402,125.06533079836402,13.956381639306104,Neutral,High
2011-08-30,8.80994873816481,-0.25359802657897884,-0.17751861860528517,0.5871025011077721,58.71025011077721,6.664085326222576,Neutral,High
2011-08-31,8.19915176446523,0.7186694865016098,0.7546029608266902,3.0,300.0,36.58915075827564,Value,High
2011-09-01,8.23428166510813,-0.5177347925916367,-0.21744861288848738,0.5208225768684854,52.08225768684854,6.32505175376031,Elevated,High
2011-09-02,8.6214244377557,0.4875664981868101,0.5119448230961505,3.0,300.0,34.79703408246712,Value,High
2011-09-03,8.44965344067796,-0.2839281541090869,-0.19874970787636081,0.5508740261590248,55.087402615902484,6.519486627783226,Neutral,High
2011-09-04,8.20347060227937,-0.31865768057647853,-0.22306037640353496,0.5121277726033459,51.21277726033458,6.242818404944962,Neutral,High
2011-09-05,7.5973325251315,0.5368790972511486,0.563723052113706,3.0,300.0,39.48754368821146,Value,High
2011-09-06,6.84653002893045,-0.5650348586433712,-0.2373146406302159,0.49068940786197784,49.068940786197786,7.166979561742057,Elevated,High
2011-09-07,7.16297027352426,0.381903259046991,0.2673322813328937,2.229989426539505,222.99894265395048,31.132188762278997,Neutral,High
2011-09-08,6.67818000029223,0.007937643461503205,0.005556350423052243,1.0168087550680593,101.68087550680593,15.225836306052921,Neutral,High
2011-09-09,4.98677704178843,0.31308416066412714,0.21915891246488897,1.929916499348657,192.9916499348657,38.70067747517589,Neutral,High
2011-09-10,4.74284665517242,-0.27733003113938953,-0.19413102179757266,0.5585600950851812,55.85600950851812,11.776895516451722,Neutral,High
2011-09-11,5.85290397253068,0.38482858160907435,0.269380007126352,2.243730811811628,224.3730811811628,38.335342974053326,Neutral,High
2011-09-12,6.09062947223846,-0.4429060607492039,-0.1860205455146656,0.5723173484060508,57.23173484060508,9.396686352612905,Elevated,High
2011-09-13,5.80252327703098,-0.24762599958150694,-0.17333819970705486,0.5945118685560358,59.45118685560358,10.245747240849227,Neutral,High
2011-09-14,5.59743261016949,-0.05942659272731149,-0.04159861490911804,0.8826770873725631,88.26770873725631,15.76932048755538,Neutral,High
2011-09-15,4.86775518468732,-0.1403674541989017,-0.09825721793923119,0.7447016178236665,74.47016178236665,15.298666214075478,Neutral,High
2011-09-16,4.83116810052601,0.2475241463868138,0.17326690247076965,1.6816924674567877,168.16924674567878,34.80923106926641,Neutral,High
2011-09-17,4.775285635301,0.523287380335528,0.5494517493523043,3.0,300.0,62.823467099490095,Value,High
2011-09-18,5.23673227819988,-0.23645224088865796,-0.16551656862206057,0.6086269832766235,60.86269832766234,11.622266538434502,Neutral,High
2011-09-19,5.52037669199299,-0.07859071350230588,-0.055013499451614115,0.847859366483132,84.7859366483132,15.358723032667436,Neutral,High
2011-09-20,6.14666555172414,0.027343519937028507,0.019140463955919954,1.0591020133513032,105.91020133513031,17.230513104039392,Neutral,High
2011-09-21,5.59706749795441,-0.4665782839290801,-0.1959628792502136,0.5554989068614069,55.54989068614069,9.924820579069808,Elevated,High
2011-09-22,5.47504877673875,0.11890730627096154,0.08323511438967307,1.2836471255633304,128.36471255633305,23.445400724410415,Neutral,High
2011-09-23,5.56342141963764,-0.2738700126272979,-0.1917090088391085,0.5626333949068254,56.26333949068254,10.113082444570075,Neutral,High
2011-09-24,5.45788968731736,0.28129186146594026,0.19690430302615816,1.8052749536545694,180.52749536545693,33.07642801666611,Neutral,High
2011-09-25,5.34115488135593,0.3850085852336802,0.26950600966357613,2.2445791194603095,224.45791194603095,42.02422826747331,Neutral,High
2011-09-26,4.87382608123904,0.27053699447505064,0.18937589613253544,1.7649594019587107,176.49594019587107,36.21301565832684,Neutral,High
2011-09-27,4.91115779251899,0.36261240539685274,0.2538286837777969,2.141456170925029,214.1456170925029,43.60389670612988,Neutral,High
2011-09-28,4.76341532144945,-0.24805949738954125,-0.17364164817267885,0.5939709036829105,59.39709036829105,12.469433454779507,Neutral,High
2011-09-29,4.77766097837522,0.20510683182938494,0.14357478228056944,1.538371434560614,153.8371434560614,32.19925904168657,Neutral,High
2011-09-30,5.14368590999416,0.7129261872161297,0.7485724965769361,3.0,300.0,58.3239344799614,Value,High
2011-10-01,5.03407054471069,0.3918649541387741,0.27430546789714183,2.277131196800088,227.7131196800088,45.23439186192326,Neutral,High
2011-10-02,5.00706259672706,0.27078540232358933,0.1895497816265125,1.765880344658068,176.5880344658068,35.26779045687109,Neutral,High
2011-10-03,5.02284486031561,-0.029507686118221424,-0.020655380282754994,0.9399147109671327,93.99147109671327,18.71279597729947,Neutral,High
2011-10-04,4.95680562068966,0.539808879784951,0.5667993237741985,3.0,300.0,60.52284938263523,Value,High
2011-10-05,4.88506713091759,0.2717501612880777,0.1902251129016544,1.7694616339427796,176.94616339427796,36.221848881949995,Neutral,High
2011-10-06,4.73016629573349,0.026400554741565663,0.018480388319095962,1.057006826201173,105.70068262011729,22.346081725595372,Neutral,High
2011-10-07,4.27603575686733,0.36217375811794417,0.2535216306825609,2.1394844569589813,213.94844569589813,50.03429762071005,Neutral,High
2011-10-08,3.98125299415546,0.5144092078179402,0.5401296682088371,3.0,300.0,75.35316153994849,Value,High
2011-10-09,4.11163464348334,-0.015600200362796433,-0.010920140253957503,0.9677703895097063,96.77703895097063,23.537363443601592,Neutral,High
2011-10-10,4.07496248392753,0.16944138041449106,0.11860896629014372,1.4273604491718423,142.73604491718424,35.02757276420675,Neutral,High
2011-10-11,4.00892449590883,0.22807868884298385,0.1596550821900887,1.6144030285414586,161.44030285414587,40.27022784262917,Neutral,High
2011-10-12,4.16623534248977,0.707399290868143,0.7427692554115501,3.0,300.0,72.007454053404,Value,High
2011-10-13,4.03698109000584,0.22386681767391298,0.15670677237173908,1.6001867114844415,160.01867114844416,39.63820180991055,Neutral,High
2011-10-14,3.98628088544711,-0.054897436322837306,-0.038428205425986114,0.8911124826924223,89.11124826924222,22.354482995557227,Neutral,High
2011-10-15,3.83733856049094,0.14310806983154045,0.1001756488820783,1.3505702985899843,135.05702985899845,35.195494932227085,Neutral,High
2011-10-16,3.60974171654003,0.3843483988727731,0.26904387921094114,2.2414694105018613,224.14694105018614,62.09500807859267,Neutral,High
2011-10-17,2.58124672180012,0.017447340389079233,0.012213138272355463,1.0373189115635932,103.73189115635932,40.18674010519164,Neutral,High
2011-10-18,2.42227473816482,0.1568380365247783,0.1097866255673448,1.3900780222772708,139.0078022277271,57.38729799619803,Neutral,High
2011-10-19,2.21725471303331,0.5508427230823014,0.5783848592364165,3.0,300.0,135.30245227873965,Value,High
2011-10-20,2.35612350847458,0.06879428690244933,0.04815600083171453,1.1554247236640545,115.54247236640545,49.03922563941093,Neutral,High
2011-10-21,2.57009230508475,-0.3702180141091117,-0.15549156592582689,0.6272094784236767,62.72094784236767,24.40416156193247,Elevated,High
2011-10-22,3.15548613851549,0.6409995787242889,0.6730495576605033,3.0,300.0,95.0725139743875,Value,High
2011-10-23,3.14775092986558,0.11258208043690415,0.0788074563058329,1.2667092157954332,126.67092157954332,40.241723186450656,Neutral,High
2011-10-24,2.52293599766219,0.9368908213739033,1.967470724885197,3.0,300.0,118.90908064175501,Deep Value,High
2011-10-25,2.80192383109293,-0.5684105239553158,-0.2387324200612326,0.48860677203061686,48.860677203061684,17.43826033415151,Elevated,High
2011-10-26,2.7775052390415,0.07532518987492448,0.052727632912447135,1.1713804191159882,117.13804191159882,42.17383292930257,Neutral,High
2011-10-27,3.04540782758621,0.01029571495670692,0.007207000469694843,1.0218564289247916,102.18564289247915,33.5540094061791,Neutral,High
2011-10-28,3.17963943658679,0.3558373161624031,0.24908612131368216,2.11120392205181,211.12039220518102,66.39758891398388,Neutral,High
2011-10-29,3.56918896873174,0.9128813751116733,1.9170508877345138,3.0,300.0,84.05270850834235,Deep Value,High
2011-10-30,3.25740372296902,0.5210211508272814,0.5470722083686453,3.0,300.0,92.09788700264625,Value,High
2011-10-31,3.26509821274109,0.9160588651339153,1.9237236167812222,3.0,300.0,91.88085026947668,Deep Value,High
2011-11-01,3.17100774284044,-0.2102962893546501,-0.14720740254825507,0.6429925072287972,64.29925072287972,20.277229176767467,Neutral,High
2011-11-02,3.2558005666277,0.26860655862227156,0.18802459103559008,1.7578188893471014,175.78188893471014,53.990373592440854,Neutral,High
2011-11-03,3.16831638515488,-0.38275295898016665,-0.16075624277166997,0.6173811316793874,61.738113167938735,19.48609471491299,Elevated,High
2011-11-04,3.12011817182934,-0.2125070696955116,-0.14875494878685813,0.6400142441699314,64.00142441699313,20.512500133758973,Neutral,High
2011-11-05,2.97781759789597,0.2625379733150312,0.18377658132052183,1.735559333666684,173.5559333666684,58.28292958215353,Neutral,High
2011-11-06,2.96272057685564,0.7142213070890965,0.7499323724435513,3.0,300.0,101.25828346539264,Value,High
2011-11-07,3.01775768731736,1.1442908141644983,2.403010709745446,3.0,300.0,99.41156019941596,Deep Value,High
2011-11-08,3.05656711104617,0.2033768412665899,0.1423637888866129,1.5327927014757983,153.27927014757984,50.14752321113506,Neutral,High
2011-11-09,2.9195672238457,0.31613904885261007,0.22129733419682704,1.9423372240205727,194.23372240205728,66.52825830336921,Neutral,High
2011-11-10,2.85670208533022,-0.2456635572992002,-0.17196449010944012,0.5969669839839247,59.69669839839247,20.89706823296271,Neutral,High
2011-11-11,3.06786173348919,0.3498981503768287,0.24492870526378008,2.08503598853769,208.50359885376898,67.96381876592277,Neutral,High
2011-11-12,3.02552299590883,0.2996227250168676,0.20973590751180732,1.876123579850984,187.6123579850984,62.009893244503985,Neutral,High
2011-11-13,2.98637330333139,0.7708590493205256,0.8094020017865519,3.0,300.0,100.45629582388139,Value,High
2011-11-14,2.22422446434833,0.13506907475333824,0.09454835232733676,1.3279614964302664,132.79614964302664,59.70447307436404,Neutral,High
2011-11-15,2.3223841157218,0.08690932474591717,0.060836527322142016,1.2002256514203746,120.02256514203746,51.68075527623659,Neutral,High
2011-11-16,2.54678093074226,0.3927668108333713,0.2749367675833599,2.2814479398776717,228.14479398776717,89.58163273245269,Neutral,High
2011-11-17,2.27909583576856,0.2711132816771444,0.18977929717400105,1.7670966543352964,176.70966543352964,77.53498675229659,Neutral,High
2011-11-18,2.10506600321449,0.06467300155899611,0.04527110109129727,1.1454680185016772,114.54680185016772,54.41482674426921,Neutral,High
2011-11-19,2.20345672180012,0.28494172574870874,0.1994592080240961,1.819165035417803,181.91650354178032,82.55959907992343,Neutral,High
2011-11-20,2.20198950964348,0.32711867950507045,0.2289830756535493,1.9876424281890166,198.76424281890166,90.26575374152587,Neutral,High
2011-11-21,2.27987916540035,0.3001665641822015,0.21011659492754103,1.878267453748314,187.8267453748314,82.38451766449155,Neutral,High
2011-11-22,2.32245859614261,-0.207074430509945,-0.1449521013569615,0.6473576830586029,64.73576830586029,27.873809424796825,Neutral,High
2011-11-23,2.33032356750438,-0.10885688403687138,-0.07619981882580996,0.7956471610053354,79.56471610053354,34.1432053514105,Neutral,High
2011-11-24,2.43887900029223,0.11754007325979343,0.08227805128185539,1.2799668176000851,127.99668176000851,52.48176795350314,Neutral,High
2011-11-25,2.49616100292227,-0.38553901750852937,-0.16192638735358234,0.6152176557120159,61.52176557120159,24.64655344714452,Elevated,High
2011-11-26,2.47179996902396,0.05895628043066087,0.041269396301462605,1.1317987586176559,113.1798758617656,45.788444566757136,Neutral,High
2011-11-27,2.47756495119813,0.3234111628088358,0.22638781396618504,1.9722271593186194,197.22271593186193,79.60344928050691,Neutral,High
2011-11-28,2.5412402521917,0.0654616830757053,0.04582317815299371,1.1473667502908083,114.73667502908083,45.14987314958743,Neutral,High
2011-11-29,2.75769848275862,-0.4256156970143458,-0.17875859274602524,0.5849225824277248,58.49225824277248,21.21053429461972,Elevated,High
2011-11-30,2.9660415458796,0.09512378597856065,0.06658665018499245,1.2211095962940037,122.11095962940037,41.16967269020081,Neutral,High
2011-12-01,3.08258945002922,0.2653352653882563,0.1857346857717794,1.7457845567149168,174.5784556714917,56.63370309329932,Neutral,High
2011-12-02,3.10040233313852,-0.24494478453598056,-0.17146134917518638,0.597868739956349,59.786873995634906,19.283585667771376,Neutral,High
2011-12-03,2.80385618527177,0.08203181464720292,0.05742227025304204,1.1879947607161365,118.79947607161365,42.37003192091279,Neutral,High
2011-12-04,2.81969397603741,0.2556792102550205,0.17897544717851432,1.7107405407506402,171.07405407506403,60.671142162554425,Neutral,High
2011-12-05,2.87479622735242,-0.23655618439428733,-0.16558932907600113,0.6084941458483673,60.84941458483672,21.1665139970205,Neutral,High
2011-12-06,3.02536045149036,0.3841317889587809,0.2688922522711466,2.240450040923201,224.04500409232008,74.05563987654779,Neutral,High
2011-12-07,2.98550242109877,0.006326031352568491,0.004428221946797943,1.0133732990663458,101.33732990663458,33.94314109091859,Neutral,High
2011-12-08,2.99188048305085,-0.13538902205752193,-0.09477231544026535,0.7525280958933198,75.25280958933197,25.152344826487166,Neutral,High
2011-12-09,2.95579195207481,0.12618041980924943,0.0883262938664746,1.3034034496915534,130.34034496915535,44.09658970674959,Neutral,High
2011-12-10,3.06897526709527,-0.6257561650664301,-0.2628175893279006,0.4545475419959606,45.45475419959606,14.811052629504626,Elevated,High
2011-12-11,3.2492688471654,0.040222004085491384,0.028155402859843966,1.0881360739471462,108.81360739471462,33.488643911273,Neutral,High
2011-12-12,3.18733535651666,-0.2762735936733336,-0.1933915155713335,0.5598006466739349,55.98006466739349,17.56328042260742,Neutral,High
2011-12-13,3.24108840853302,0.8582043126487425,1.802229056562359,3.0,300.0,92.56149854171547,Deep Value,High
2011-12-14,3.1550865043834,0.442199207466278,0.3095394452263946,2.5310097547868917,253.10097547868918,80.21997974605543,Neutral,High
2011-12-15,3.20313854061952,0.21904216472315785,0.15332951530621047,1.5840558409860754,158.40558409860753,49.45324159097105,Neutral,High
2011-12-16,3.2091377773232,-0.0422752520731507,-0.029592676451205488,0.9150486649770905,91.50486649770905,28.513847907781294,Neutral,High
2011-12-17,3.19254170426651,0.9020620116096458,2.5,3.0,300.0,93.96901522040582,Deep Value,Medium
2011-12-18,3.19401080888369,-0.3805382053909547,-0.27398750788148735,0.439568144576739,43.9568144576739,13.76226227394542,Elevated,Medium
2011-12-19,3.52577391934541,0.2206079620680214,0.26472955448162566,2.2126450685238526,221.26450685238527,62.75629462182445,Neutral,Medium
2011-12-20,3.95255082729398,0.026433594273292393,0.018503515991304675,1.057080167067645,105.70801670676451,26.74425233871945,Neutral,High
2011-12-21,3.88899325073057,0.7080947449707359,0.7434994822192726,3.0,300.0,77.1407870002457,Value,High
2011-12-22,3.90306042051432,0.2546710252396681,0.17826971766776767,1.7071224119780155,170.71224119780155,43.73804727709191,Neutral,High
2011-12-23,3.93796507597896,-0.16784088937442504,-0.11748862256209752,0.7029525627986426,70.29525627986426,17.8506550778359,Neutral,High
2011-12-24,3.93941911864407,-0.2629773839240672,-0.18408416874684705,0.5756516898932401,57.565168989324015,14.612603344712833,Neutral,High
2011-12-25,4.23386687784921,0.5738825098871858,0.602576635381545,3.0,300.0,70.85721130476331,Value,High
2011-12-26,3.99912196405611,0.28741852760619524,0.20119296932433667,1.8286516792059628,182.8651679205963,45.72632932033042,Neutral,High
2011-12-27,4.0955185458796,0.0007954662071873106,0.0005568263450311173,1.0016718750624334,100.16718750624334,24.457754588126345,Neutral,High
2011-12-28,4.20729587609585,0.46723759572032547,0.32706631700422784,2.6676527102604948,266.7652710260495,63.40539835615119,Neutral,High
2011-12-29,4.17335222676797,-0.0639391183085884,-0.044757382816011874,0.8743520786598064,87.43520786598063,20.95083355417962,Neutral,High
2011-12-30,4.31063509000584,0.020326291112265575,0.014228403778585901,1.04360932675261,104.36093267526101,24.210106050781402,Neutral,High
2011-12-31,4.71430633138515,0.2562584260843473,0.1793808982590431,1.712822671599487,171.2822671599487,36.33244323128718,Neutral,High
2012-01-01,5.2948427773232,0.20740640236977206,0.14518448165884043,1.5458183476510117,154.58183476510118,29.194792228231147,Neutral,High
2012-01-02,5.2048778918761,0.6224669935262407,0.6535903432025527,3.0,300.0,57.6382397881509,Value,High
2012-01-03,4.87050882875511,0.0006884717271509674,0.0004819302090056772,1.0014468362861597,100.14468362861597,20.561441760944863,Neutral,High
2012-01-04,5.58570626709527,-0.12024922736025664,-0.08417445915217965,0.7768380521292371,77.6838052129237,13.907606576190684,Neutral,High
2012-01-05,6.87400087726476,0.8481584042621162,1.781132648950444,3.0,300.0,43.64270609743845,Deep Value,High
2012-01-06,6.68331663997662,0.6429518519933313,0.6750994445929978,3.0,300.0,44.88789266777123,Value,High
2012-01-07,6.79622798071303,0.22903513471420497,0.16032459429994347,1.617648874283185,161.7648874283185,23.80215729775252,Neutral,High
2012-01-08,7.09665056633548,-0.33024260519056303,-0.2311698236333941,0.49981888763949184,49.981888763949186,7.043025198542147,Neutral,High
2012-01-09,6.28853834248977,0.15462784152690115,0.1082394890688308,1.3836410508111698,138.36410508111697,22.002585902392003,Neutral,High
2012-01-10,6.52847455523086,-0.01398027708487963,-0.00978619395941574,0.9710681945715844,97.10681945715845,14.874350606046677,Neutral,High
2012-01-11,6.88912772121566,-0.17451606894148924,-0.12216124825904247,0.6931674039816165,69.31674039816164,10.06175864394193,Neutral,High
2012-01-12,6.77356419579194,-0.1746904462644368,-0.12228331238510576,0.6929136178315817,69.29136178315817,10.229675216809085,Neutral,High
2012-01-13,6.45436889012273,0.08772947174706719,0.06141063022294703,1.202294591670143,120.22945916701431,18.627608866763758,Neutral,High
2012-01-14,6.76172714260666,-0.009102892137093442,-0.006372024495965409,0.9810654799414645,98.10654799414645,14.509095963953104,Neutral,High
2012-01-15,7.04692255815312,-0.08208938649371528,-0.05746257054560069,0.8416527913202263,84.16527913202263,11.943551023509608,Neutral,High
2012-01-16,6.71560766656926,-0.44269877940007235,-0.30988914558005065,0.39468494626061545,39.46849462606154,5.877129306188973,Neutral,High
2012-01-17,5.59962195032145,-0.4602899962205666,-0.19332179841263797,0.5599177420504096,55.991774205040954,9.999206143162345,Elevated,High
2012-01-18,5.9002312881356,-0.3637886383115896,-0.2546520468181127,0.4658199278521911,46.581992785219114,7.894943521771407,Neutral,High
2012-01-19,6.31570634161309,-0.05205120166166115,-0.0364358411631628,0.8964546942289799,89.64546942289799,14.194052822285228,Neutral,High
2012-01-20,6.50149198831093,0.388846298750062,0.408288613687565,3.0,300.0,46.143254585158566,Value,High
2012-01-21,6.18056832554062,-0.29617986097584864,-0.20732590268309403,0.5368815918960519,53.68815918960519,8.686605561456847,Neutral,High
2012-01-22,6.30296722676797,0.5665515257550601,0.594879102042813,3.0,300.0,47.59663015951199,Value,High
2012-01-23,6.37487607714787,0.09108041284480481,0.06375628899136336,1.2107849484070847,121.07849484070847,18.993074277120567,Neutral,High
2012-01-24,6.27447647574518,0.08067401723616718,0.056471812065317026,1.1846121674861936,118.46121674861936,18.879856703032818,Neutral,High
2012-01-25,5.81046507247224,0.4783013810110265,0.5022164500615778,3.0,300.0,51.63097897641364,Value,High
2012-01-26,5.36722695441262,0.07196199392671188,0.05037339574869831,1.1631364438474376,116.31364438474377,21.671087392553336,Neutral,High
2012-01-27,5.30313719696084,0.004939990089916163,0.003457993062941314,1.0104279754681589,101.04279754681589,19.053400618170357,Neutral,High
2012-01-28,5.65979677498539,0.2518800018767788,0.17631600131374514,1.6971459782967488,169.7145978296749,29.98598793860633,Neutral,High
2012-01-29,5.39142945733489,-0.03693576473748094,-0.025855035316236657,0.925366775553552,92.5366775553552,17.163662863002244,Neutral,High
2012-01-30,5.50348193863238,0.19074257243050985,0.13351980070135688,1.4926594609784505,149.26594609784505,27.122092479318244,Neutral,High
2012-01-31,5.53822029573349,0.25834883142719406,0.18084418199903582,1.7203582361963783,172.03582361963782,31.06337675880644,Neutral,High
2012-02-01,6.07523265225015,0.5331530085672882,0.5598106589956525,3.0,300.0,49.380824928389494,Value,High
2012-02-02,6.09957291291642,-0.18240720743721067,-0.12768504520604745,0.6817753081466459,68.17753081466459,11.177426975303836,Neutral,High
2012-02-03,5.95161092752776,0.38535246541260965,0.40462008868324006,3.0,300.0,50.4065207979946,Value,High
2012-02-04,5.8954132390415,0.1934165013371095,0.13539155093597663,1.5010646947292305,150.10646947292307,25.461568746167824,Neutral,High
2012-02-05,5.67811571712449,-0.2220038821882941,-0.15540271753180585,0.6273766803707416,62.73766803707416,11.049029495447789,Neutral,High
2012-02-06,5.48266405844535,0.10540734822460282,0.07378514375722196,1.247766847114555,124.77668471145552,22.758404195721756,Neutral,High
2012-02-07,5.66202770017534,-0.1316056438696805,-0.09212395070877634,0.7585308170150008,75.85308170150007,13.39680512321603,Neutral,High
2012-02-08,5.6185281899474,0.6906237600875782,0.725154948091957,3.0,300.0,53.394766361901716,Value,High
2012-02-09,5.83569985417884,-0.3155519377422062,-0.22088635641954432,0.5154788166156304,51.547881661563046,8.833196180343398,Neutral,High
2012-02-10,5.93783415546464,-0.28127688985492943,-0.1968938228984506,0.5539496567284277,55.394965672842766,9.329153395411407,Neutral,High
2012-02-11,5.61213285330216,-0.2892830791348416,-0.2024981553943891,0.5447139599734533,54.471395997345326,9.706006151528387,Neutral,High
2012-02-12,5.51909716949152,-0.3113384898813955,-0.21793694291697685,0.5200601355779131,52.006013557791306,9.422920445262367,Neutral,High
2012-02-13,5.34835455932203,0.33274740504768696,0.23292318353338085,2.0112764104516256,201.12764104516256,37.60551751278396,Neutral,High
2012-02-14,4.48365409175921,0.5057712636842301,0.5310598268684416,3.0,300.0,66.90971111071858,Value,High
2012-02-15,4.3255203220339,0.21382683592709897,0.14967878514896926,1.5668016179370645,156.68016179370645,36.22226925985958,Neutral,High
2012-02-16,4.25523904500292,-0.2993365464043273,-0.2095355824830291,0.5333343530533945,53.33343530533945,12.533593234431992,Neutral,High
2012-02-17,4.39153837288136,-0.22935369797376948,-0.16054758858163862,0.6177677101385012,61.776771013850116,14.067227875164248,Neutral,High
2012-02-18,4.27008127761543,0.47170481119134106,0.49529005175090807,3.0,300.0,70.25627394322831,Value,High
2012-02-19,4.38955145821157,-0.1644123203533355,-0.11508862424733485,0.7080320820097135,70.80320820097134,16.129941492887433,Neutral,High
2012-02-20,4.36513593892461,-0.14142251683647575,-0.09899576178553302,0.7430534599616495,74.30534599616495,17.022458644087664,Neutral,High
2012-02-21,4.31511560198714,-0.26216940496520463,-0.18351858347564323,0.5766292593584847,57.66292593584848,13.363008376715172,Neutral,High
2012-02-22,4.41931028755114,0.40238266068550393,0.28166786247985276,2.327986166064918,232.7986166064918,52.677590270651,Neutral,High
2012-02-23,5.03951511805961,-0.08678643691896724,-0.06075050584327707,0.8333917014307749,83.3391701430775,16.537140615854725,Neutral,High
2012-02-24,5.02560875891292,-0.005988558171064945,-0.004191990719745461,0.9875027749259273,98.75027749259273,19.649416066751925,Neutral,High
2012-02-25,4.77256738106371,-0.09911308527112514,-0.0693791596897876,0.8120953829196075,81.20953829196075,17.015901884209914,Neutral,High
2012-02-26,4.9264208515488,0.2900710670979007,0.20304974696853048,1.8388663008865231,183.8866300886523,37.32661817368706,Neutral,High
2012-02-27,4.95251575628287,-0.13403541421521903,-0.09382478995065331,0.7546702577378382,75.46702577378383,15.238119268584802,Neutral,High
2012-02-28,4.85725777556984,0.5567452409653391,0.5845825030136059,3.0,300.0,61.76324458398851,Value,High
2012-02-29,4.87274875569842,0.8284421973228145,1.7397286143779105,3.0,300.0,61.566892741836114,Deep Value,High
2012-03-01,4.92207212361192,-0.35744535941203937,-0.25021175158842757,0.47206657492868115,47.20665749286812,9.590809786474011,Neutral,High
2012-03-02,4.71482358708358,-0.1752793187910705,-0.12269552315374935,0.6920572680705733,69.20572680705733,14.678327943520259,Neutral,High
2012-03-03,4.62819325248393,-0.2525736645648496,-0.1768015651953947,0.5883668120390435,58.83668120390435,12.712667339966188,Neutral,High
2012-03-04,4.83414448158971,0.12658332463194868,0.08860832724236407,1.3045067261921166,130.45067261921167,26.985265565813815,Neutral,High
2012-03-05,4.98239290385739,0.06633017811775374,0.04643112468242762,1.1494612726480868,114.94612726480868,23.070466236377484,Neutral,High
2012-03-06,4.98784135242548,-0.10615030594751959,-0.0743052141632637,0.8001823478380863,80.01823478380862,16.04265836259958,Neutral,High
2012-03-07,4.94911288457043,1.168417408572849,2.4536765580029822,3.0,300.0,60.616924082554895,Deep Value,High
2012-03-08,4.93497949503214,0.06598785866971993,0.046191501068803945,1.1486352553919015,114.86352553919015,23.2753805066098,Neutral,High
2012-03-09,4.87229784745763,-0.4769738139118301,-0.33388166973828104,0.36727477357900007,36.72747735790001,7.538019740945115,Neutral,High
2012-03-10,4.84142380479252,-0.18189672240104274,-0.1273277056807299,0.6825065758378469,68.25065758378469,14.097228488078947,Neutral,High
2012-03-11,4.89202875160724,0.38924491407892825,0.40870715978287464,3.0,300.0,61.32425119158124,Value,High
2012-03-12,4.91083937931035,0.5188112403145123,0.5447518023302379,3.0,300.0,61.08935292486195,Value,High
2012-03-13,5.29088027878434,0.5591095553188064,0.5870650330847467,3.0,300.0,56.70133970011688,Value,High
2012-03-14,5.39054329222677,0.04241164472792034,0.029688151309544237,1.093151111939489,109.3151111939489,20.279052642352884,Neutral,High
2012-03-15,5.34082089888954,-0.43259208896068163,-0.5191105067528179,0.21069756388246622,21.06975638824662,3.9450408068593785,Neutral,Medium
2012-03-16,5.33957479135009,-0.28259007516240997,-0.33910809019489196,0.3615610866583722,36.15610866583722,6.771346048829348,Neutral,Medium
2012-03-17,5.23600355406195,-0.048194822830380374,-0.05783378739645645,0.8407160059466953,84.07160059466953,16.056444524268716,Neutral,Medium
2012-03-18,5.27014898538866,0.19961565234418896,0.23953878281302673,2.051592556616065,205.15925566160652,38.92854950218766,Neutral,Medium
2012-03-19,4.67867255289305,-0.09098300741478793,-0.06368810519035155,0.8260794566706291,82.6079456670629,17.65627851343912,Neutral,High
2012-03-20,4.83083021624781,-0.1780345642343391,-0.12462419496403737,0.68806457606618,68.806457606618,14.24319517071771,Neutral,High
2012-03-21,4.81722952483928,-0.33233033692042246,-0.2326312358442957,0.49763235999225597,49.7632359992256,10.330260524774534,Neutral,High
2012-03-22,4.72960850496785,0.017318423171765098,0.012122896220235569,1.0370381202122432,103.70381202122432,21.926510812109864,Neutral,High
2012-03-23,4.69164317650497,-0.44357504335090336,-0.31050253034563235,0.393959332885932,39.3959332885932,8.397043808847611,Neutral,High
2012-03-24,4.65198626592636,2.9593531433835807e-05,3.551223772060297e-05,1.000106542388399,100.0106542388399,21.498484415435946,Neutral,Medium
2012-03-25,4.55227026241964,-0.3823766800904137,-0.4588520161084964,0.2524464711149071,25.24464711149071,5.5455071110107115,Neutral,Medium
2012-03-26,4.63272235973115,0.3592272373807231,0.4310726848568677,3.0,300.0,64.75674057389656,Neutral,Medium
2012-03-27,4.81134073524255,-0.32135359092066135,-0.3856243091047936,0.31446800928047075,31.446800928047075,6.535974618821458,Neutral,Medium
2012-03-28,4.79058939158387,-0.1317110477779896,-0.1580532573335875,0.6224078012834318,62.240780128343175,12.992301163962846,Neutral,Medium
2012-03-29,4.79406657218001,0.015972334262416153,0.019166801114899382,1.0591856978715817,105.91856978715816,22.093679383136667,Neutral,Medium
2012-03-30,4.86140935651666,0.508433825835496,0.9151808865038927,3.0,300.0,61.710499568988915,Value,Medium
2012-03-31,4.88977687317358,0.12175293485168917,0.146103521822027,1.5500862359279604,155.00862359279603,31.700551500255223,Neutral,Medium
2012-04-01,4.79332567738165,0.022833149467074314,0.027399779360489176,1.0856722040752886,108.56722040752886,22.649664912156275,Neutral,Medium
2012-04-02,4.98304547866745,-0.17350117729014997,-0.20820141274817996,0.5354733064453956,53.54733064453956,10.74590446219628,Neutral,Medium
2012-04-03,4.95623319286967,-0.2755796271780559,-0.33069555261366707,0.37080214599246064,37.08021459924606,7.481531468816248,Neutral,Medium
2012-04-04,4.91784217767387,-0.49099069102357307,-0.5891888292282876,0.2,20.0,4.066824285414536,Neutral,Medium
2012-04-05,4.92084924488603,0.19838729847912295,0.23806475817494754,2.042540292330906,204.2540292330906,41.50788188550191,Neutral,Medium
2012-04-06,4.94910743220339,0.3512267857365444,0.4214721428838533,3.0,300.0,60.616990863428704,Neutral,Medium
2012-04-07,4.70971191028638,0.6729161270002737,1.2112490286004927,3.0,300.0,63.69816364877361,Value,Medium
2012-04-08,4.77881884921099,0.45635999715104864,0.8214479948718876,3.0,300.0,62.7770186454194,Value,Medium
2012-04-09,4.85254738106371,0.20762340612721647,0.24914808735265975,2.1115964273672496,211.15964273672495,43.5152150313342,Neutral,Medium
2012-04-10,4.84141759380479,0.2097406442517623,0.25168877310211474,2.1277526297546845,212.77526297546845,43.948958926356916,Neutral,Medium
2012-04-11,4.91525071712449,0.0528603552833424,0.06343242634001088,1.2096091356315184,120.96091356315183,24.609306935601474,Neutral,Medium
2012-04-12,4.90115814728229,-0.2156439513213472,-0.25877274158561664,0.46009686997973065,46.00968699797306,9.387513239801413,Neutral,Medium
2012-04-13,4.93440673348919,-0.38231136829144474,-0.4587736419497337,0.2525058339328187,25.25058339328187,5.117248082106685,Neutral,Medium
2012-04-14,4.95636466101695,0.1003768590017968,0.12045223080215615,1.435275321393082,143.5275321393082,28.958226836735438,Neutral,Medium
2012-04-15,4.9616003383986,0.5377989960954771,0.9680381929718587,3.0,300.0,60.46436220955831,Value,Medium
2012-04-16,4.95076456925774,-0.06458578913592325,-0.0775029469631079,0.7925427425331338,79.25427425331338,16.008491849006635,Neutral,Medium
2012-04-17,4.9687445075979,0.5269481884930269,0.9485067392874484,3.0,300.0,60.37742523111389,Value,Medium
2012-04-18,5.12437744301578,0.03426839851843054,0.03426839851843054,1.108275491054176,110.82754910541762,21.627514822599366,Neutral,Low
2012-04-19,5.13090651139684,0.21378029286088113,0.21378029286088113,1.899025535554672,189.9025535554672,37.01150140499598,Neutral,Low
2012-04-20,5.36651596814728,0.30113832153777237,0.30113832153777237,2.4680169270092414,246.80169270092415,45.989184447750596,Neutral,Low
2012-04-21,5.28255033898305,-0.7916535652913594,-0.47499213917481564,0.2405141350601739,24.05141350601739,4.552992771034825,Elevated,Low
2012-04-22,5.19560899473992,-0.2506137158812343,-0.2506137158812343,0.4714976563042356,47.14976563042356,9.074925707103517,Neutral,Low
2012-04-23,5.11088819170076,0.5979358412030867,0.89690376180463,3.0,300.0,58.69821227690923,Value,Low
2012-04-24,5.08786726241964,-0.049046443246825874,-0.049046443246825874,0.8631737032695675,86.31737032695675,16.965334564547337,Neutral,Low
2012-04-25,5.14881624547048,-0.28973289390824275,-0.28973289390824275,0.41928739732313386,41.92873973231339,8.143374658048629,Neutral,Low
2012-04-26,5.09741928579778,-0.72281336893489,-0.433688021360934,0.2722419559715744,27.22419559715744,5.340780122405935,Elevated,Low
2012-04-27,5.09588733985973,-0.0651617702046138,-0.0651617702046138,0.8224354245469927,82.24354245469927,16.13919950925821,Neutral,Low
2012-04-28,4.9707366528346,-0.05476380949964432,-0.05476380949964432,0.8484947103053597,84.84947103053597,17.069798091626904,Neutral,Low
2012-04-29,4.90260617767387,0.3726040889828962,0.5589061334743444,3.0,300.0,61.191943453704134,Value,Low
2012-04-30,4.9421168100526,0.062469073964696156,0.062469073964696156,1.2061183428544662,120.61183428544662,24.40489347400976,Neutral,Low
2012-05-01,4.98713722735243,0.24079776039158565,0.24079776039158565,2.05935593535421,205.93559353542102,41.29334809676935,Neutral,Low
2012-05-02,5.05343735388662,0.0038935779942269773,0.0038935779942269773,1.0117492201523475,101.17492201523474,20.02101043904713,Neutral,Low
2012-05-03,5.11887297895967,0.12085533191206954,0.12085533191206954,1.4370120545252645,143.70120545252644,28.072821115739313,Neutral,Low
2012-05-04,5.08550708825248,-0.30337986552909374,-0.30337986552909374,0.40246803694751687,40.24680369475169,7.914019781374762,Neutral,Low
2012-05-05,5.05663956458212,-0.193881275845127,-0.193881275845127,0.5589787462690903,55.89787462690903,11.054352186466037,Neutral,Low
2012-05-06,5.0478007729398,-0.5155394370297861,-0.5155394370297861,0.2129669454301192,21.29669454301192,4.219004572680251,Neutral,Low
2012-05-07,5.06755586703682,0.08922653878109607,0.08922653878109607,1.3069283544472343,130.69283544472344,25.790112408004727,Neutral,Low
2012-05-08,5.02346642285213,0.17959593924848435,0.17959593924848435,1.7139280093466505,171.39280093466505,34.11843267330029,Neutral,Low
2012-05-09,5.04130623553478,0.5391697376041742,0.8087546064062613,3.0,300.0,59.50838651407101,Value,Low
2012-05-10,4.92748871975453,-0.4556149006859443,-0.4556149006859443,0.2549100089832183,25.49100089832183,5.173223592806459,Neutral,Low
2012-05-11,4.96370997749854,-0.8727253351460128,-0.2618176005438038,0.4559132167924506,45.59132167924506,9.184928588881979,Extreme,Low
2012-05-12,4.94653223495032,-0.24026713483419498,-0.24026713483419498,0.48636232677677277,48.63623267767728,9.832389716179774,Neutral,Low
2012-05-13,4.94479505376973,0.14825571558730036,0.14825571558730036,1.5601268729396431,156.01268729396432,31.550890501523615,Neutral,Low
2012-05-14,5.01143592197545,-0.10011288931659254,-0.10011288931659254,0.740567371773402,74.05673717734021,14.777548457238957,Neutral,Low
2012-05-15,5.03364040035067,-0.1530558420633234,-0.1530558420633234,0.631809391412997,63.180939141299696,12.551738725098078,Neutral,Low
2012-05-16,5.08778450905903,0.23863850531432326,0.23863850531432326,2.0460590247054733,204.60590247054733,40.21512745011847,Neutral,Low
2012-05-17,5.08966168644068,-0.33874931762282545,-0.33874931762282545,0.3619504507635846,36.19504507635846,7.111483494627029,Neutral,Low
2012-05-18,5.11830148275862,-0.3097363660367756,-0.3097363660367756,0.3948658870810134,39.48658870810134,7.7147836721058445,Neutral,Low
2012-05-19,5.11254581122151,-0.04985244897049248,-0.04985244897049248,0.8610890558058983,86.10890558058983,16.842666796567315,Neutral,Low
2012-05-20,5.09420096843951,0.5037401457420028,0.7556102186130041,3.0,300.0,58.890491729441536,Value,Low
2012-05-21,5.0942213100526,0.32159618597060075,0.32159618597060075,2.6242327245614634,262.4232724561463,51.51391282084616,Neutral,Low
2012-05-22,5.08913918877849,-0.1287207238207937,-0.1287207238207937,0.6796602952384455,67.96602952384455,13.355113114946647,Neutral,Low
2012-05-23,5.12885889976622,0.4464068151701127,0.669610222755169,3.0,300.0,58.49254305156931,Value,Low
2012-05-24,5.11915775920514,-0.45820909176410934,-0.45820909176410934,0.25293385293406995,25.293385293406995,4.940927098393299,Neutral,Low
2012-05-25,5.13727680654588,0.2598309444156197,0.2598309444156197,2.18036617580191,218.036617580191,42.4420613859799,Neutral,Low
2012-05-26,5.10397880479252,-0.21003962093906567,-0.21003962093906567,0.5325284994071913,53.25284994071913,10.433595431610318,Neutral,Low
2012-05-27,5.13461613500877,-0.4367002822618717,-0.4367002822618717,0.26979284727130487,26.979284727130487,5.254391763228549,Neutral,Low
2012-05-28,5.13632541905318,0.45596227894700325,0.6839434184205049,3.0,300.0,58.40751422936544,Value,Low
2012-05-29,5.14847069783752,0.8423336565411079,2.5,3.0,300.0,58.26973049026134,Deep Value,Low
2012-05-30,5.13826456925774,-0.3138156969022956,-0.3138156969022956,0.3900629702522178,39.006297025221784,7.5913368218905335,Neutral,Low
2012-05-31,5.18163972121566,0.08436350741027435,0.08436350741027435,1.2879998641786827,128.79998641786827,24.856993798799003,Neutral,Low
2012-06-01,5.26694375803624,0.17955823185567574,0.17955823185567574,1.7137341370424035,171.37341370424036,32.53754389208368,Neutral,Low
2012-06-02,5.24363906019871,0.19084898973930392,0.19084898973930392,1.77277651347553,177.277651347553,33.80813387655919,Neutral,Low
2012-06-03,5.21270498480421,0.5288767135221366,0.7933150702832049,3.0,300.0,57.551693578390385,Value,Low
2012-06-04,5.25876585739334,-0.10576112104587604,-0.10576112104587604,0.7281244022754746,72.81244022754746,13.845917883029509,Neutral,Low
2012-06-05,5.42601429485681,0.15881744231856773,0.15881744231856773,1.610351256526078,161.0351256526078,29.67834526445114,Neutral,Low
2012-06-06,5.44616942197545,-0.22223426672694716,-0.22223426672694716,0.5133985678030064,51.33985678030064,9.426782900499356,Neutral,Low
2012-06-07,5.58716980976037,-0.29353145605165654,-0.29353145605165654,0.41453645117904503,41.4536451179045,7.419435336561288,Neutral,Low
2012-06-08,5.62252910169492,-0.19255953322810015,-0.19255953322810015,0.5611996245963462,56.11996245963462,9.981266694149644,Neutral,Low
2012-06-09,5.55700233547633,-0.11052714087079216,-0.11052714087079216,0.7177877096868787,71.77877096868787,12.916814972426172,Neutral,Low
2012-06-10,5.45789356925774,-0.26347233981459545,-0.26347233981459545,0.4536555726357655,45.36555726357655,8.31191680231796,Neutral,Low
2012-06-11,5.58699698158971,0.1529484129206022,0.1529484129206022,1.5822458135121134,158.22458135121133,28.320147992310265,Neutral,Low
2012-06-12,5.72749129865575,0.7130736069799817,2.1392208209399453,3.0,300.0,52.378953429472766,Deep Value,Low
2012-06-13,5.90930132378726,0.09034118668113433,0.09034118668113433,1.3113059644460907,131.13059644460907,22.19054153098555,Neutral,Low
2012-06-14,5.96202318205728,-0.19253216211218185,-0.19253216211218185,0.5612457084683052,56.12457084683052,9.41367873505382,Neutral,Low
2012-06-15,6.52338071917008,0.05789437605257893,0.05789437605257893,1.1896785304599249,118.96785304599248,18.237146989809272,Neutral,Low
2012-06-16,6.44415828229106,-0.5158148420827883,-0.5158148420827883,0.21279106158039426,21.279106158039426,3.3020768928838553,Neutral,Low
2012-06-17,6.1999664880187,-0.20726662287599878,-0.20726662287599878,0.5369770790980963,53.69770790980964,8.660967444514302,Neutral,Low
2012-06-18,6.31084466861485,-0.42372721985768297,-0.42372721985768297,0.2804999703921991,28.04999703921991,4.444729431975787,Neutral,Low
2012-06-19,6.49482671595558,-0.34542947750966574,-0.34542947750966574,0.3547689904222855,35.47689904222855,5.462331882554138,Neutral,Low
2012-06-20,6.69355105552309,-0.10240765486165279,-0.10240765486165279,0.7354865951607638,73.54865951607637,10.987988125583762,Neutral,Low
2012-06-21,6.67226250379895,0.5805649016664951,0.8708473524997427,3.0,300.0,44.96225977757779,Value,Low
2012-06-22,6.56376169783752,-0.129989620738878,-0.129989620738878,0.6770779568766768,67.70779568766768,10.315395165850479,Neutral,Low
2012-06-23,6.44754168907072,-0.34786308781986586,-0.34786308781986586,0.35218831400783956,35.218831400783955,5.462365828589164,Neutral,Low
2012-06-24,6.35049403857393,0.1485818618824811,0.1485818618824811,1.561654108770128,156.1654108770128,24.591064872817576,Neutral,Low
2012-06-25,6.31747363004091,0.18389345665935988,0.18389345665935988,1.7361679726183619,173.61679726183618,27.481997936050252,Neutral,Low
2012-06-26,6.43286082875511,-0.802213465548799,-0.4813280793292794,0.2359856601242893,23.59856601242893,3.668440316156464,Elevated,Low
2012-06-27,6.61571340151958,0.1740918412351287,0.1740918412351287,1.685859501570329,168.5859501570329,25.482656204289317,Neutral,Low
2012-06-28,6.59006463296318,-0.5834914350178552,-0.3500948610107131,0.34983817693440133,34.98381769344013,5.308569739734083,Elevated,Low
2012-06-29,6.65877675715956,-0.1562543793396103,-0.1562543793396103,0.6257757880964961,62.577578809649616,9.397758941590254,Neutral,Low
2012-06-30,6.68042762302747,-0.2894232872452574,-0.2894232872452574,0.4196770207558903,41.96770207558903,6.28218797415395,Neutral,Low
2012-07-01,6.62686009234366,0.45631264924950965,0.6844689738742644,3.0,300.0,45.27030838429876,Value,Low
2012-07-02,6.74347805084746,0.3084417393459307,0.3084417393459307,2.5226885507847436,252.26885507847436,37.40930913933522,Neutral,Low
2012-07-03,6.44999240327294,0.11032398862127524,0.13238878634553028,1.4876033857335713,148.76033857335713,23.063645547531372,Neutral,Medium
2012-07-04,6.51483533313852,0.8712937658283251,2.5,3.0,300.0,46.048746385655015,Deep Value,Medium
2012-07-05,6.64239860432496,0.19440256771216677,0.19440256771216677,1.7917767102546154,179.17767102546154,26.974844735875443,Neutral,Low
2012-07-06,6.67218118936295,-0.02512624067262012,-0.02512624067262012,0.9273921959682496,92.73921959682497,13.89938566786427,Neutral,Low
2012-07-07,6.80827371186441,0.00928450181945465,0.00928450181945465,1.0282450411014967,102.82450411014968,15.102874599615904,Neutral,Low
2012-07-08,6.79631768790181,-1.297102717061568,-0.3891308151184704,0.31117729608779243,31.117729608779243,4.578616103271954,Extreme,Low
2012-07-09,7.03239588603156,-0.2546272257081138,-0.30555267084973653,0.39985311470569435,39.985311470569435,5.685873224229628,Neutral,Medium
2012-07-10,7.17858003565167,0.2637404668149258,0.2637404668149258,2.206089299834707,220.6089299834707,30.73155538948363,Neutral,Low
2012-07-11,7.18514778901227,-0.5403381493539667,-0.5403381493539667,0.2,20.0,2.7835196418067505,Neutral,Low
2012-07-12,7.55593565020456,-0.5749577761698007,-0.4139695988422565,0.2888323691999802,28.88323691999802,3.822589055429035,Elevated,Medium
2012-07-13,7.63092125599065,-0.03977352525693604,-0.047728230308323245,0.8665940020666837,86.65940020666837,11.35634837518949,Neutral,Medium
2012-07-14,7.58012917825833,0.048745312365040754,0.0584943748380489,1.1918218759083499,119.18218759083499,15.72297579475014,Neutral,Medium
2012-07-15,7.62723485973115,0.2519196337062124,0.2519196337062124,2.129226782954033,212.92267829540327,27.916103569794693,Neutral,Low
2012-07-16,8.49340567738165,-0.0917177362777,-0.11006128353323999,0.7187915710218232,71.87915710218232,8.462936992824915,Neutral,Medium
2012-07-17,8.75198485505552,-0.31849220527762523,-0.38219064633315025,0.3177240821619693,31.77240821619693,3.6303088662046563,Neutral,Medium
2012-07-18,9.09519268614845,-0.013614872631948438,-0.016337847158338126,0.9521682358488289,95.21682358488289,10.468917687680618,Neutral,Medium
2012-07-19,8.87953341350087,0.2125238160340511,0.2550285792408613,2.149178632437557,214.9178632437557,24.2037338264851,Neutral,Medium
2012-07-20,8.53245067913501,0.20810456769288688,0.24972548123146424,2.115257265625306,211.5257265625306,24.79073533701039,Neutral,Medium
2012-07-21,8.87564584102864,0.4242223872427551,0.7636002970369591,3.0,300.0,33.8003572216928,Value,Medium
2012-07-22,8.50656254412624,0.18464120891302774,0.22156945069563327,1.9439234974239297,194.39234974239298,22.85204496340539,Neutral,Medium
2012-07-23,8.53121126943308,0.25620424014130405,0.30744508816956484,2.515157094212911,251.51570942129112,29.481828720202937,Neutral,Medium
2012-07-24,8.57458517066043,-0.04724086634859383,-0.05668903961831259,0.8436081926802299,84.360819268023,9.8384723679321,Neutral,Medium
2012-07-25,8.7693472729398,-0.2905889836709989,-0.34870678040519865,0.35129802517075986,35.12980251707599,4.005976890147631,Neutral,Medium
2012-07-26,8.87576504617183,-0.02411164035887626,-0.02893396843065151,0.9168587025018696,91.68587025018697,10.329911818669832,Neutral,Medium
2012-07-27,8.89145989421391,-0.3127777260449221,-0.37533327125390653,0.3243280375654202,32.43280375654202,3.6476353874854195,Neutral,Medium
2012-07-28,8.84256089421391,-0.28481660953960025,-0.3417799314475203,0.3586745691078849,35.86745691078849,4.0562295628926,Neutral,Medium
2012-07-29,8.74768065926359,-0.5918275616405929,-0.42611584438122685,0.2784971276970182,27.849712769701817,3.183668203549431,Elevated,Medium
2012-07-30,9.08831724897721,-0.003289096753407557,-0.003946916104089068,0.9882290774797627,98.82290774797627,10.873619949732465,Neutral,Medium
2012-07-31,9.32099840210403,0.1453340180907052,0.17440082170884624,1.6874229190588492,168.7422919058849,18.10345680005639,Neutral,Medium
2012-08-01,9.56802090385739,0.49655707177771946,0.893802729199895,3.0,300.0,31.354446547985038,Value,Medium
2012-08-02,10.5510396960842,0.3216468183554784,0.5789642730398612,3.0,300.0,28.43321688111351,Value,Medium
2012-08-03,10.9158647466394,-0.9273006333083351,-0.6676564559820012,0.2,20.0,1.8321956587229864,Elevated,Medium
2012-08-04,10.9197148807715,-0.020738019255404243,-0.02488562310648509,0.9280618782042743,92.80618782042744,8.498957054625084,Neutral,Medium
2012-08-05,10.805117377557,-0.9257560547894711,-0.6665443594484192,0.2,20.0,1.8509748021378674,Elevated,Medium
2012-08-06,10.8694465017534,-0.6157376775683865,-0.7388852130820638,0.2,20.0,1.8400200964026743,Neutral,Medium
2012-08-07,10.9412794400935,0.3386607967837565,0.6095894342107616,3.0,300.0,27.419096792343357,Value,Medium
2012-08-08,11.0703915967271,0.03331502346200502,0.03997802815440602,1.127422534468537,112.7422534468537,10.184125146953727,Neutral,Medium
2012-08-09,11.1037247440094,-0.5132131088925038,-0.6158557306710045,0.2,20.0,1.801197387461379,Neutral,Medium
2012-08-10,11.4475688045003,-0.11699728676006735,-0.1403967441120808,0.6562652466627753,65.62652466627753,5.732791458783655,Neutral,Medium
2012-08-11,11.5425355271771,0.07879430208454556,0.09455316250145467,1.3279806597465935,132.79806597465935,11.505103507109336,Neutral,Medium
2012-08-12,11.5925523898305,-0.1610206120367758,-0.19322473444413096,0.5600808093054322,56.00808093054322,4.83138475869007,Neutral,Medium
2012-08-13,11.9849629903565,-0.2469880058377297,-0.2963856070052756,0.4110021550718511,41.10021550718511,3.4293151793840093,Neutral,Medium
2012-08-14,12.1870974810053,-0.7881569972512439,-0.5674730380208955,0.2,20.0,1.641079841297062,Elevated,Medium
2012-08-15,13.1700773538866,-0.6951919011325448,-0.8342302813590537,0.2,20.0,1.5185939658963228,Neutral,Medium
2012-08-16,13.4507908246639,0.02607777694420104,0.03129333233304125,1.0984279233607313,109.84279233607313,8.16627020432591,Neutral,Medium
2012-08-17,12.0770055423729,-0.404280022220939,-0.4851360266651268,0.23330513731308308,23.330513731308308,1.9318127866590602,Neutral,Medium
2012-08-18,11.5775071648159,-0.6445240733946265,-0.7734288880735517,0.2,20.0,1.7274875942880084,Neutral,Medium
2012-08-19,7.83062184190532,-0.2568521287958488,-0.17979649015709415,0.5831041460206079,58.31041460206079,7.446460291316136,Neutral,High
2012-08-20,9.97987664874343,0.4596530739979118,0.4826357276978074,3.0,300.0,30.060491783510482,Value,High
2012-08-21,9.90298201811806,-0.5288959498625253,-0.37022716490376767,0.32933444489813685,32.93344448981369,3.3256088347489787,Neutral,High
2012-08-22,9.772554578609,0.2540606579197178,0.17784246054380246,1.7049356730910619,170.4935673091062,17.44616169064914,Neutral,High
2012-08-23,10.0886574260666,-0.5075621829352287,-0.3552935280546601,0.3444244264941026,34.44244264941026,3.413976825144195,Neutral,High
2012-08-24,10.5940425943892,0.3182982451386857,0.33421315739561996,2.725466134958927,272.5466134958927,25.726403407160024,Value,High
2012-08-25,10.5836766715371,-0.7310391939088138,-0.30703646144170177,0.39807717545180066,39.80771754518007,3.761237118310292,Elevated,High
2012-08-26,10.545530742256,0.3450803137046252,0.36233432938985644,2.9653734822300635,296.53734822300635,28.1197177715086,Value,High
2012-08-27,10.9003800806546,-0.23109906276674075,-0.16176934393671852,0.6155075716490412,61.55075716490413,5.646661557622294,Neutral,High
2012-08-28,10.9329585336061,-0.3621461263975258,-0.25350228847826806,0.4674294431275825,46.74294431275825,4.27541586013321,Neutral,High
2012-08-29,10.8677839018118,-0.3572098338413967,-0.2500468836889777,0.4723001185535174,47.23001185535174,4.345873296898909,Neutral,High
2012-08-30,10.7277488383986,0.15521611819735037,0.10865128273814526,1.3853514309551989,138.53514309551989,12.913719847695457,Neutral,High
2012-08-31,10.1024098205728,-0.012978670305805386,-0.00908506921406377,0.9731128639921572,97.31128639921572,9.63248255886913,Neutral,High
2012-09-01,10.0065329374635,0.731266840977413,1.5356603660525674,3.0,300.0,29.980413983031898,Deep Value,High
2012-09-02,10.2261162016365,-1.1785664231813227,-0.24749894886807772,0.4759241212462528,47.59241212462528,4.654006583360454,Extreme,High
2012-09-03,10.4971343091759,0.07296954913411609,0.05107868439388126,1.1656000900808186,116.56000900808185,11.103983770712812,Neutral,High
2012-09-04,10.3640018942139,0.11329694975923568,0.07930786483146497,1.268612260160709,126.8612260160709,12.240563762044085,Neutral,High
2012-09-05,11.0255228784337,-0.11822524530359887,-0.0827576717125192,0.7801469222810773,78.01469222810773,7.075826977848565,Neutral,High
2012-09-06,11.1607690157802,-0.04342647457208554,-0.030398532200459873,0.9128391452020056,91.28391452020055,8.178998632722738,Neutral,High
2012-09-07,11.0761223366452,0.14001976989171272,0.0980138389241989,1.3418396113605677,134.18396113605678,12.114705585375395,Neutral,High
2012-09-08,11.0432700333139,0.12490215038112733,0.08743150526678913,1.2999093298948354,129.99093298948355,11.77105446098337,Neutral,High
2012-09-09,11.0620954932788,-0.2925973402917734,-0.20481813820424138,0.540935941560704,54.0935941560704,4.889995226396033,Neutral,High
2012-09-10,11.1252888047925,-0.19596539286044123,-0.13717577500230885,0.6626374141751675,66.26374141751675,5.956136742173557,Neutral,High
2012-09-11,11.2680929552893,0.016991660549758224,0.011894162384830756,1.0363267471926843,103.63267471926842,9.197002112999318,Neutral,High
2012-09-12,11.3152859082408,-0.03158610744795018,-0.022110275213565123,0.9358212194207204,93.58212194207204,8.27041602845556,Neutral,High
2012-09-13,11.38029928872,-0.15823795677838381,-0.11076656974486866,0.7172723174992257,71.72723174992257,6.302754429403947,Neutral,High
2012-09-14,11.730107622443,0.09320677844354545,0.06524474491048181,1.2162036376931746,121.62036376931746,10.368222328721302,Neutral,High
2012-09-15,11.7183934155465,-0.362946046278469,-0.25406223239492826,0.46664489944332377,46.664489944332374,3.9821576464930564,Neutral,High
2012-09-16,11.8869112238457,-0.17139228323838257,-0.1199745982668678,0.6977294946604093,69.77294946604093,5.869729162784788,Neutral,High
2012-09-17,11.908317157218,-0.4582358385649714,-0.32076508699547995,0.38201505468329056,38.20150546832905,3.2079684277785576,Neutral,High
2012-09-18,12.2596508386908,-0.08788607838843993,-0.061520254871907945,0.8314694144448848,83.14694144448848,6.782162276765762,Neutral,High
2012-09-19,12.5048540981882,-0.2968549712639716,-0.2968549712639716,0.4104238331673403,41.04238331673403,3.2821161282226052,Neutral,Low
2012-09-20,12.3671766493279,-0.3251022997698534,-0.3251022997698534,0.3770766112518032,37.70766112518032,3.0490112815870196,Neutral,Low
2012-09-21,12.3336578357686,-0.5068973857244459,-0.5068973857244459,0.21856055632909638,21.856055632909637,1.7720659940415502,Neutral,Low
2012-09-22,12.2137276250731,0.047893678171999486,0.047893678171999486,1.154515799098392,115.45157990983921,9.452608036946316,Neutral,Low
2012-09-23,12.1654630263004,-0.20245500193010835,-0.20245500193010835,0.5447844834215962,54.47844834215962,4.478123703502544,Neutral,Low
2012-09-24,12.11358871654,-0.28950109637074867,-0.28950109637074867,0.41957906808283146,41.95790680828315,3.463705743203371,Neutral,Low
2012-09-25,12.1824053945061,0.47711340702908234,0.7156701105436235,3.0,300.0,24.625678614774305,Value,Low
2012-09-26,12.3198168597312,-0.24753698532351104,-0.24753698532351104,0.4758698169447442,47.58698169447442,3.8626371021811354,Neutral,Low
2012-09-27,12.3187514018118,-0.049242807475133966,-0.049242807475133966,0.8626653636994143,86.26653636994142,7.002863647143137,Neutral,Low
2012-09-28,12.3814573892461,-0.11057358619307225,-0.11057358619307225,0.7176877030097887,71.76877030097887,5.796471937408076,Neutral,Low
2012-09-29,12.4047515055523,0.44048931264408653,0.6607339689661298,3.0,300.0,24.18428131073175,Value,Low
2012-09-30,12.3916224728229,-0.16987889643927284,-0.16987889643927284,0.6007137849065535,60.07137849065535,4.847741175330582,Neutral,Low
2012-10-01,12.3893951601403,-0.28794454734655944,-0.28794454734655944,0.4215429359661621,42.15429359661621,3.4024496798872668,Neutral,Low
2012-10-02,12.8072380958504,-0.3364655535013848,-0.3364655535013848,0.36443879357160136,36.443879357160135,2.845568973139346,Neutral,Low
2012-10-03,12.9554304944477,-0.1321454252763736,-0.1321454252763736,0.672713143422702,67.2713143422702,5.192518640820205,Neutral,Low
2012-10-04,12.8623857779077,0.3357075489364517,0.5035613234046776,3.0,300.0,23.32382228149904,Value,Low
2012-10-05,12.7522194190532,-0.07873921582800683,-0.07873921582800683,0.7896087988609602,78.96087988609602,6.191932344586221,Neutral,Low
2012-10-06,12.5051297136178,-0.12621181885742205,-0.12621181885742205,0.6847952047611746,68.47952047611746,5.4761143662144365,Neutral,Low
2012-10-07,11.8739970853302,-0.058176995157345174,-0.058176995157345174,0.8398508306516089,83.9850830651609,7.07302540682958,Neutral,Low
2012-10-08,11.7333297481005,-0.04436338559504701,-0.04436338559504701,0.8753861665484542,87.53861665484543,7.460679835493159,Neutral,Low
2012-10-09,11.8286634354179,0.6604376402328526,1.9813129206985578,3.0,300.0,25.362121564954407,Deep Value,Low
2012-10-10,12.109188478083,0.09876405687628265,0.09876405687628265,1.3448630289132883,134.48630289132885,11.106136727059955,Neutral,Low
2012-10-11,12.0675518082992,-0.1637357664882807,-0.1637357664882807,0.6118872169604862,61.18872169604862,5.070516594257949,Neutral,Low
2012-10-12,12.0280681648159,-0.5147979679395572,-0.5147979679395572,0.2134411979217455,21.344119792174553,1.7745260086411592,Neutral,Low
2012-10-13,11.9268038293396,-0.30495011587054666,-0.30495011587054666,0.40057656884566756,40.057656884566754,3.358624612071346,Neutral,Low
2012-10-14,11.6505779608416,-0.19316223981631264,-0.19316223981631264,0.5601858252747027,56.01858252747027,4.808223481766536,Neutral,Low
2012-10-15,11.9083095268849,-0.027792299777588195,-0.027792299777588195,0.9200043328479866,92.00043328479866,7.72573412515799,Neutral,Low
2012-10-16,11.8480180689655,-0.8536165556039264,-0.5121699333623558,0.2151306415901424,21.513064159014238,1.8157521396228453,Elevated,Low
2012-10-17,11.9193881607247,-0.29468961078500955,-0.29468961078500955,0.413098658346074,41.3098658346074,3.4657706652029825,Neutral,Low
2012-10-18,11.9259328445354,-0.07004884543296333,-0.07004884543296333,0.810465474657211,81.04654746572109,6.795824571732144,Neutral,Low
2012-10-19,11.7574857971946,0.1820648769503403,0.1820648769503403,1.7266698838774264,172.66698838774263,14.685706737484805,Neutral,Low
2012-10-20,11.6943775517241,-0.03097634005525307,-0.03097634005525307,0.9112581789551659,91.12581789551659,7.792276031149852,Neutral,Low
2012-10-21,11.657411405903,0.3082120638026925,0.3082120638026925,2.5209509498901657,252.09509498901656,21.625306529146116,Neutral,Low
2012-10-22,11.7410779129164,-0.08127969781966243,-0.08127969781966243,0.7836137126911679,78.36137126911679,6.6741207110900085,Neutral,Low
2012-10-23,11.7077817299825,-0.019750526134763143,-0.019750526134763143,0.9424696343226547,94.24696343226547,8.04994196218299,Neutral,Low
2012-10-24,11.6343523869082,-0.2206916159720195,-0.2206916159720195,0.5157800583292934,51.57800583292934,4.433251127150712,Neutral,Low
2012-10-25,10.7536298202805,-0.5431741058409504,-0.3259044635045702,0.37617027069122827,37.61702706912283,3.4980771793148464,Elevated,Low
2012-10-26,10.130619493571,-0.10970984493866148,-0.10970984493866148,0.7195498039586076,71.95498039586076,7.102722636214317,Neutral,Low
2012-10-27,10.4581862957335,-0.0013275484222161765,-0.0013275484222161765,0.9960252749470555,99.60252749470556,9.523881548690637,Neutral,Low
2012-10-28,10.7099620838691,0.3362365880009335,0.3362365880009335,2.742060826084108,274.20608260841084,25.602899474444328,Neutral,Low
2012-10-29,10.6307389760374,0.21056897281751652,0.21056897281751652,1.880818244241248,188.0818244241248,17.692262489755173,Neutral,Low
2012-10-30,10.8593230584454,-0.32625649064402995,-0.32625649064402995,0.37577321395722735,37.577321395722734,3.460374205047569,Neutral,Low
2012-10-31,11.1460718381064,0.1437849100801408,0.1437849100801408,1.5393415040997593,153.93415040997593,13.810618901961762,Neutral,Low
2012-11-01,10.6135357510228,-0.2773243133284525,-0.332789175994143,0.36848048452474225,36.848048452474224,3.4717976475392067,Neutral,Medium
2012-11-02,10.5305036388077,0.527656492478224,0.9497816864608032,3.0,300.0,28.488665907148107,Value,Medium
2012-11-03,10.650747019287,-0.2532235184389928,-0.3038682221267914,0.4018788249076721,40.187882490767215,3.7732454275735434,Neutral,Medium
2012-11-04,10.7968828924605,0.19891942475363739,0.23870330970436485,2.04645684419615,204.64568441961498,18.954145048893672,Neutral,Medium
2012-11-05,10.7408207352425,0.1787148485768067,0.21445781829216803,1.9028893752839502,190.28893752839502,17.71642430489729,Neutral,Medium
2012-11-06,10.8681974991233,-0.066440203723038,-0.066440203723038,0.8192871786003662,81.92871786003661,7.538390599420513,Neutral,Low
2012-11-07,10.9540989444769,0.26988140673180033,0.26988140673180033,2.24710836866462,224.71083686646202,20.513858602652306,Neutral,Low
2012-11-08,10.892699371128,0.35845523718846883,0.5376828557827033,3.0,300.0,27.54138251489569,Value,Low
2012-11-09,10.8158672180012,-0.2021103000674641,-0.2021103000674641,0.5453481394898365,54.534813948983654,5.042112005426581,Neutral,Low
2012-11-10,10.8632604430158,-0.25322530519992165,-0.25322530519992165,0.4678180149657359,46.781801496573586,4.306423632386583,Neutral,Low
2012-11-11,10.8418406388077,-0.15745307259598035,-0.15745307259598035,0.6235294897995748,62.35294897995748,5.751140517300074,Neutral,Low
2012-11-12,11.0313424552893,0.32390350752876873,0.32390350752876873,2.64246058429902,264.246058429902,23.954116146870366,Neutral,Low
2012-11-13,10.9980027790766,0.006306012846799221,0.006306012846799221,1.0190981184250625,101.90981184250624,9.266210773867677,Neutral,Low
2012-11-14,10.9589524184687,0.1977623535247131,0.1977623535247131,1.8099279911189285,180.99279911189285,16.515520115487742,Neutral,Low
2012-11-15,11.1751098585622,0.08725817105581077,0.08725817105581077,1.2992335493397749,129.9233549339775,11.626136707231758,Neutral,Low
2012-11-16,11.705044829924,-0.07770339213240265,-0.07770339213240265,0.7920663017052832,79.20663017052833,6.766879693449462,Neutral,Low
2012-11-17,11.7500423991818,-0.08894313945610127,-0.08894313945610127,0.765803692367697,76.5803692367697,6.517454715065734,Neutral,Low
2012-11-18,11.6656310321449,-0.3669151207502302,-0.3669151207502302,0.33262306660071794,33.26230666007179,2.8513079634026472,Neutral,Low
2012-11-19,11.7505293506721,0.12463688815330314,0.12463688815330314,1.4534073037305246,145.34073037305245,12.368866630228819,Neutral,Low
2012-11-20,11.6991703167738,0.05397306232872778,0.05397306232872778,1.1757652203505886,117.57652203505886,10.049988063382782,Neutral,Low
2012-11-21,11.7291351759205,-0.08538621446375401,-0.08538621446375401,0.774019166026182,77.4019166026182,6.599115402943057,Neutral,Low
2012-11-22,12.2919979465225,-0.37041788407887294,-0.44450146089464754,0.2635520538523565,26.355205385235653,2.1440945157895785,Neutral,Medium
2012-11-23,12.2802876195207,0.24948531983907307,0.2993823838068877,2.455050058387958,245.5050058387958,19.99179607556927,Neutral,Medium
2012-11-24,12.4132043997662,-0.14563835703101913,-0.14563835703101913,0.6460262953879462,64.60262953879462,5.2043475204526075,Neutral,Low
2012-11-25,12.5296894897721,0.5986838678326306,0.898025801748946,3.0,300.0,23.943131251966616,Value,Low
2012-11-26,12.1846262399182,0.1698538250573407,0.1698538250573407,1.664561083508786,166.4561083508786,13.66115833783639,Neutral,Low
2012-11-27,12.1592753845704,0.07056134049390331,0.07056134049390331,1.2357573506048904,123.57573506048905,10.163083831237293,Neutral,Low
2012-11-28,12.3316598270018,0.14644169160557155,0.14644169160557155,1.5516596108754492,155.16596108754493,12.582731219019562,Neutral,Low
2012-11-29,12.4976616534191,0.3148711127147292,0.3148711127147292,2.5718187620952233,257.18187620952233,20.57839965119897,Neutral,Low
2012-11-30,12.5861389275278,0.20699685579001106,0.20699685579001106,1.860770347621185,186.0770347621185,14.784282601166886,Neutral,Low
2012-12-01,12.5923868702513,-0.5722443969083263,-0.3433466381449958,0.35699271112241093,35.69927111224109,2.834988432302562,Elevated,Low
2012-12-02,12.4979447565751,-0.15023078083706637,-0.15023078083706637,0.6371868473305566,63.71868473305567,5.098333043881764,Neutral,Low
2012-12-03,12.6569578369375,-0.6235454394451123,-0.3741272636670674,0.32550358909095445,32.55035890909544,2.571736378397495,Elevated,Low
2012-12-04,13.3695895815313,0.9815776526326214,2.5,3.0,300.0,22.438983498372966,Deep Value,Low
2012-12-05,13.3127502220923,-0.20655188818601963,-0.20655188818601963,0.5381297028251955,53.812970282519544,4.042212869976165,Neutral,Low
2012-12-06,13.4779245403273,0.1274095608229191,0.1274095608229191,1.4655471917648866,146.55471917648865,10.873685984661975,Neutral,Low
2012-12-07,13.4772824494448,-0.6929533459974949,-0.4157720075984969,0.28727480207993134,28.727480207993132,2.1315484271962086,Elevated,Low
2012-12-08,13.4999844091175,-0.026458233749942467,-0.026458233749942467,0.9236937503904825,92.36937503904825,6.842183830720918,Neutral,Low
2012-12-09,13.3465108907072,0.5172849605993186,0.7759274408989779,3.0,300.0,22.477784827559805,Value,Low
2012-12-10,13.4922565809468,0.8020345719497799,2.4061037158493397,3.0,300.0,22.234975906376363,Deep Value,Low
2012-12-11,13.615415666277,0.5115123553907029,0.7672685330860545,3.0,300.0,22.033848055263377,Value,Low
2012-12-12,13.6682136426067,-0.44396640797142084,-0.44396640797142084,0.2639754364501047,26.39754364501047,1.9313089724266357,Neutral,Low
2012-12-13,13.7552515207481,0.1808872288363627,0.1808872288363627,1.7205804184858493,172.05804184858493,12.508534764999142,Neutral,Low
2012-12-14,13.6009222527762,-0.419168907171653,-0.419168907171653,0.28436213737321314,28.436213737321314,2.0907562890830405,Neutral,Low
2012-12-15,13.5309482887201,-0.38101690348883976,-0.38101690348883976,0.31884483331813157,31.884483331813158,2.3564115870868596,Neutral,Low
2012-12-16,13.3328610765634,0.22252926691119373,0.22252926691119373,1.9495289918014047,194.95289918014046,14.621985338377979,Neutral,Low
2012-12-17,13.3200719514904,0.08637772326083765,0.08637772326083765,1.2958063555890724,129.58063555890723,9.728223393298434,Neutral,Low
2012-12-18,13.2720338690824,-0.03715317328559971,-0.03715317328559971,0.8945276012757692,89.45276012757692,6.739943629586405,Neutral,Low
2012-12-19,13.5385431800117,0.32521366446886724,0.32521366446886724,2.652867136446948,265.2867136446948,19.59492318467204,Neutral,Low
2012-12-20,13.5700270263004,-0.16155397829355655,-0.16155397829355655,0.615905377697954,61.5905377697954,4.538718872882513,Neutral,Low
2012-12-21,13.4289680023378,0.1358141495486845,0.1358141495486845,1.5029689451472805,150.29689451472805,11.19199140906162,Neutral,Low
2012-12-22,13.4272139129164,-0.2432257991131697,-0.2432257991131697,0.48206448029194787,48.20644802919479,3.5902048140323637,Neutral,Low
2012-12-23,13.3181057568673,0.14010652512009247,0.14010652512009247,1.5224480147571362,152.24480147571361,11.431415567278451,Neutral,Low
2012-12-24,13.4266626715371,-0.19536018757288948,-0.19536018757288948,0.5565041991132315,55.65041991132315,4.144769349817309,Neutral,Low
2012-12-25,13.3655670046756,0.24454690653270456,0.24454690653270456,2.082649163444812,208.26491634448118,15.58219836626647,Neutral,Low
2012-12-26,13.4546990175336,0.18632675341358343,0.18632675341358343,1.7488881798679876,174.88881798679876,12.99834487258994,Neutral,Low
2012-12-27,13.3993031811806,0.7436345130168764,2.2309035390506295,3.0,300.0,22.389223972583274,Deep Value,Low
2012-12-28,13.4555072215079,0.5611644950624355,0.8417467425936532,3.0,300.0,22.295703540663723,Value,Low
2012-12-29,13.3740038603156,0.07372691810533227,0.07372691810533227,1.247548910035163,124.7548910035163,9.32816322669824,Neutral,Low
2012-12-30,13.445013798948,-0.5668694272673722,-0.3401216563604233,0.3604633581821925,36.04633581821925,2.6810188786150357,Elevated,Low
2012-12-31,13.5455524436002,0.33825532018337634,0.33825532018337634,2.7587176730501954,275.87176730501955,20.366224888476903,Neutral,Low
2013-01-01,13.3313714219755,-0.7152812899216443,-0.4291687739529866,0.27595807641242076,27.595807641242075,2.0699901583833307,Elevated,Low
2013-01-02,13.2806068129749,-0.08798867497431745,-0.08798867497431745,0.7679996320601298,76.79996320601298,5.782865518688564,Neutral,Low
2013-01-03,13.3840811484512,-0.3568852469658018,-0.3568852469658018,0.34278366643572655,34.27836664357265,2.561129618340616,Neutral,Low
2013-01-04,13.4517211496201,0.027646258885241276,0.027646258885241276,1.0864752888613225,108.64752888613225,8.076849622265671,Neutral,Low
2013-01-05,13.459406766803,-0.0807519127795279,-0.0807519127795279,0.7848554342592596,78.48554342592597,5.831278063421555,Neutral,Low
2013-01-06,13.5044965078901,0.18972530383756311,0.18972530383756311,1.7668104431836371,176.68104431836372,13.08312710622988,Neutral,Low
2013-01-07,13.5560616578025,-0.882218833516752,-0.26466565005502557,0.452034420651675,45.2034420651675,3.3345556553403273,Extreme,Low
2013-01-08,13.7803506312098,0.11852183094160926,0.11852183094160926,1.4269873772849215,142.69873772849215,10.355232718484492,Neutral,Low
2013-01-09,13.8209552565751,0.7627151169689337,2.288145350906801,3.0,300.0,21.706169684420313,Deep Value,Low
2013-01-10,14.12317285564,-0.06868024236748568,-0.06868024236748568,0.8137999318947821,81.3799931894782,5.762160813388304,Neutral,Low
2013-01-11,14.2276211227352,-0.0816292836355957,-0.0816292836355957,0.7827923227684711,78.27923227684711,5.5019199345813234,Neutral,Low
2013-01-12,14.2142856560491,0.274581839019775,0.274581839019775,2.2790199796151565,227.90199796151563,16.033306454941588,Neutral,Low
2013-01-13,14.1607882670953,0.33080040647114545,0.33080040647114545,2.697704481657594,269.77044816575943,19.050524806773026,Neutral,Low
2013-01-14,14.3179703202805,-0.5409376603944871,-0.32456259623669226,0.377687634513534,37.7687634513534,2.6378573643120586,Elevated,Low
2013-01-15,14.3136377516072,0.35297594120856995,0.5294639118128549,3.0,300.0,20.959032581798756,Value,Low
2013-01-16,14.7078140479252,-0.031402339881797546,-0.031402339881797546,0.9100943353308298,91.00943353308298,6.18782867641174,Neutral,Low
2013-01-17,15.598599739626,-0.3486302459318078,-0.3486302459318078,0.35137869365936497,35.137869365936496,2.2526297201327496,Neutral,Low
2013-01-18,15.7157911239042,-0.18995204604989804,-0.18995204604989804,0.5656068020879469,56.560680208794686,3.5989712361832145,Neutral,Low
2013-01-19,15.5881263997662,-0.4115405258149911,-0.4115405258149911,0.2909448416286413,29.09448416286413,1.8664516450996,Neutral,Low
2013-01-20,15.7195921373466,-0.07601990379162052,-0.07601990379162052,0.79607672358058,79.607672358058,5.064232688895669,Neutral,Low
2013-01-21,16.7810195207481,0.20567964914860304,0.20567964914860304,1.8534317995669394,185.34317995669394,11.044810461458264,Neutral,Low
2013-01-22,17.3001788386908,0.16277376203424432,0.16277376203424432,1.6295783267448631,162.95783267448633,9.419430526928485,Neutral,Low
2013-01-23,17.5363954228521,0.6125773900363555,0.9188660850545332,3.0,300.0,17.107278478053864,Value,Low
2013-01-24,16.90108607218,-0.4130147087903568,-0.4130147087903568,0.28966096492810955,28.966096492810955,1.7138600660989793,Neutral,Low
2013-01-25,17.4072020292227,0.11370542140731814,0.11370542140731814,1.4065167589329775,140.65167589329775,8.08008522318382,Neutral,Low
2013-01-26,17.5536291760608,-0.014974141831205254,-0.014974141831205254,0.9560716457424349,95.60716457424348,5.446575384230524,Neutral,Low
2013-01-27,17.8646280148217,0.044985271562772544,0.044985271562772544,1.144486213754013,114.4486213754013,6.406437418145343,Neutral,Low
2013-01-28,18.7942648743425,-0.24280660612297253,-0.24280660612297253,0.4826710957983371,48.267109579833715,2.568182895289875,Neutral,Low
2013-01-29,19.5147141861484,-0.270793217423593,-0.270793217423593,0.44380071727584885,44.380071727584884,2.274185074106081,Neutral,Low
2013-01-30,19.7374466864407,-0.5323614217064941,-0.5323614217064941,0.20248605376176523,20.248605376176524,1.0258979136387982,Neutral,Low
2013-01-31,20.5116430306838,-0.34928783023374743,-0.34928783023374743,0.3506861936107339,35.06861936107339,1.7096933341036358,Neutral,Low
2013-02-01,20.443091956166,-0.34390631280995493,-0.34390631280995493,0.35639381471585535,35.63938147158554,1.743345945319982,Neutral,Low
2013-02-02,19.6359017054354,-0.24868689725790116,-0.24868689725790116,0.4742310201328322,47.42310201328322,2.4151221942690855,Neutral,Low
2013-02-03,20.5789396832262,-1.13114555897916,-0.33934366769374796,0.36130564996227527,36.13056499622753,1.7557058600875042,Extreme,Low
2013-02-04,20.4404879614261,-0.27463480770423404,-0.27463480770423404,0.43871537569423064,43.87153756942306,2.1463057854692336,Neutral,Low
2013-02-05,20.6593447276446,-0.0163047594229535,-0.0163047594229535,0.9522627558118169,95.22627558118168,4.6093560486339085,Neutral,Low
2013-02-06,21.2085655318527,0.6119471741942714,1.8358415225828142,3.0,300.0,14.145228235706762,Deep Value,Low
2013-02-07,22.1177651789246,0.053230345544912315,0.053230345544912315,1.1731483551288802,117.31483551288801,5.304099874641676,Neutral,Low
2013-02-08,22.7873650499299,-0.02434269981163799,-0.02434269981163799,0.9295747091347663,92.95747091347663,4.079342684412851,Neutral,Low
2013-02-09,23.7338601537113,0.23237016822974166,0.3485552523446125,2.8452921665019733,284.5292166501973,11.988324478506925,Value,Low
2013-02-10,23.9002893571011,-0.6925688563409688,-0.41554131380458126,0.28747368843672966,28.747368843672966,1.2028042177293443,Elevated,Low
2013-02-11,24.4972726949153,-0.5269768844048804,-0.5269768844048804,0.2057834959890412,20.57834959890412,0.8400261472035375,Neutral,Low
2013-02-12,24.9797364073641,-0.05539526041944884,-0.05539526041944884,0.8468888834909922,84.68888834909922,3.3903035231441705,Neutral,Low
2013-02-13,24.6416509347867,0.6411093290764331,1.9233279872292994,3.0,300.0,12.17450895615476,Deep Value,Low
2013-02-14,27.2823898203039,-0.15316186866100495,-0.18379424239320594,0.5761525974873841,57.61525974873841,2.111811323282992,Neutral,Medium
2013-02-15,27.1712692291058,-0.10154900308559622,-0.12185880370271546,0.6937966235183574,69.37966235183573,2.5534200028284437,Neutral,Medium
2013-02-16,27.3461635619521,0.3347494063437322,0.6025489314187179,3.0,300.0,10.970460237332997,Value,Medium
2013-02-17,26.9272513763881,-0.9740772274106054,-0.7013356037356359,0.2,20.0,0.7427419798790733,Elevated,Medium
2013-02-18,26.9288676370544,0.011934649434152851,0.014321579320983421,1.0439010841229013,104.39010841229013,3.876513109249654,Neutral,Medium
2013-02-19,29.4136243807715,0.12104824972923835,0.145257899675086,1.5461588578986973,154.61588578986974,5.256607747086973,Neutral,Medium
2013-02-20,29.8198072276447,-0.004306518207339696,-0.005167821848807636,0.9846160945130361,98.46160945130362,3.3018861825513066,Neutral,Medium
2013-02-21,29.8180689158387,0.12591490074196543,0.1510978808903585,1.5734861613624143,157.34861613624142,5.276955277699465,Neutral,Medium
2013-02-22,30.4726565324372,-0.1522489625599694,-0.18269875507196326,0.5780492159594758,57.804921595947576,1.8969439548014473,Neutral,Medium
2013-02-23,29.8064545458796,0.13999498604803617,0.1679939832576434,1.655299484355835,165.52994843558352,5.553493394552897,Neutral,Medium
2013-02-24,29.8828484924021,-0.11598932674415444,-0.13918719209298533,0.658650933325722,65.8650933325722,2.204110272463444,Neutral,Medium
2013-02-25,30.3520330949737,-0.33544173418790024,-0.40253008102548027,0.2989167288895891,29.891672888958908,0.9848326402197082,Neutral,Medium
2013-02-26,31.1555373506721,-0.6363667111271724,-0.7636400533526068,0.2,20.0,0.641940460692088,Neutral,Medium
2013-02-27,31.2402610829924,-0.44487146907393615,-0.5338457628887233,0.2015863832102249,20.15863832102249,0.6452775240088218,Neutral,Medium
2013-02-28,33.3752939365868,0.7636323650678478,2.5,3.0,300.0,8.988684880798392,Deep Value,Medium
2013-03-01,34.6062570341204,-0.5282510979411044,-0.6339013175293252,0.2,20.0,0.5779301696881229,Neutral,Medium
2013-03-02,34.143515924021,-0.5363035053999958,-0.643564206479995,0.2,20.0,0.5857627563753443,Neutral,Medium
2013-03-03,34.451740484512,-0.3316645965109637,-0.3979975158131564,0.30300906772376934,30.300906772376933,0.8795174451635875,Neutral,Medium
2013-03-04,36.3762652507306,-0.5958698683252083,-0.71504384199025,0.2,20.0,0.5498090543970374,Neutral,Medium
2013-03-05,40.6729539902747,0.40494784545239704,0.7289061218143147,3.0,300.0,7.375908818221881,Value,Medium
2013-03-06,43.2849961852133,-0.37579721864169546,-0.4509566623700345,0.2584973110772228,25.849731107722278,0.5971984148297759,Neutral,Medium
2013-03-07,41.9474407158387,-0.7430190048054408,-0.891622805766529,0.2,20.0,0.47678713310507903,Neutral,Medium
2013-03-08,43.902928914962,-0.6506055205964818,-0.7807266247157781,0.2,20.0,0.4555504722415924,Neutral,Medium
2013-03-09,46.8885866123086,-0.7842217003343872,-0.9410660404012646,0.2,20.0,0.4265430341367947,Neutral,Medium
2013-03-10,46.0660384590181,-0.3087608828510504,-0.3705130594212605,0.3290521012595387,32.90521012595387,0.71430518504923,Neutral,Medium
2013-03-11,48.275074577218,-0.2284422176552356,-0.2741306611862827,0.4393794082092552,43.93794082092552,0.9101579066572947,Neutral,Medium
2013-03-12,44.4135452582116,-0.49568446062443045,-0.3469791224371013,0.35312352032817645,35.31235203281764,0.7950806860276204,Neutral,High
2013-03-13,47.0161908515809,-0.8355610420035454,-0.5848927294024817,0.2,20.0,0.425385375500438,Neutral,High
2013-03-14,46.9255625535453,-0.6983822307238557,-0.48886756150669897,0.23070794297216865,23.070794297216864,0.49164662162316114,Neutral,High
2013-03-15,46.9025172478223,-0.1892654695935069,-0.13248582871545483,0.6720265124770685,67.20265124770684,1.4328154476789212,Neutral,High
2013-03-16,47.1570156995909,-0.626604959953331,-0.43862347196733165,0.26824074059078495,26.824074059078495,0.5688246735111188,Neutral,High
2013-03-17,47.3334997837522,-0.42883693133767736,-0.30018585193637415,0.4063430376481007,40.63430376481007,0.8584681874455075,Neutral,High
2013-03-18,51.3654363912578,0.040452386622019845,0.042475005953120835,1.1358996928573655,113.58996928573654,2.211408629345727,Value,High
2013-03-19,59.4986011114249,-0.49882374270520496,-0.34917661989364346,0.3508032129228683,35.08032129228683,0.5895990937096288,Neutral,High
2013-03-20,63.6874854981899,-0.128859087917436,-0.09020136154220519,0.7629184877775574,76.29184877775575,1.19790957644142,Neutral,High
2013-03-21,70.9175250053215,-0.2857741464234317,-0.20004190249640216,0.5487426506972871,54.874265069728715,0.7737758059888733,Neutral,High
2013-03-22,69.8460845417884,-0.2624962292108105,-0.18374736044756734,0.5762336366504258,57.62336366504258,0.8250049239419706,Neutral,High
2013-03-23,64.3831163705435,-0.6191457789068975,-0.4334020452348282,0.27247562029066397,27.247562029066398,0.4232097413900995,Neutral,High
2013-03-24,71.6904242064758,-0.9116982376789158,-0.638188766375241,0.2,20.0,0.2789772863164813,Neutral,High
2013-03-25,74.3140892495617,-0.5763554491620462,-0.4034488144134323,0.29809398889134153,29.809398889134155,0.4011271508559861,Neutral,High
2013-03-26,78.6141974320088,-1.269056418262852,-0.5330036956703978,0.20209627483848452,20.209627483848454,0.2570735076361645,Elevated,High
2013-03-27,88.8520799138223,-0.7563720070343852,-0.5294604049240696,0.2042559908363165,20.42559908363165,0.22988318454044582,Neutral,High
2013-03-28,87.6731739608416,-1.1221059973809941,-0.7854741981666958,0.2,20.0,0.22811994931234966,Neutral,High
2013-03-29,90.29569935827,-0.7632307943830567,-0.5342615560681396,0.20133508524517274,20.133508524517275,0.22297306148139698,Neutral,High
2013-03-30,92.1899599883109,-0.6337358733564464,-0.4436151113495125,0.2642537841355192,26.42537841355192,0.2866405237284243,Neutral,High
2013-03-31,93.8992384231444,-0.5558540738946298,-0.38909785172624084,0.3112080699871772,31.120806998717722,0.3314276827089476,Neutral,High
2013-04-01,103.580346911163,-0.1336726853187939,-0.14035631958473357,0.6563448391261416,65.63448391261416,0.6336576954014878,Value,High
2013-04-02,116.679944241173,-0.7296308129609639,-0.5107415690726747,0.21605447430921218,21.605447430921217,0.1851684757944654,Neutral,High
2013-04-03,131.384809378154,-0.9357577481883204,-0.6550304237318242,0.2,20.0,0.15222459959153772,Neutral,High
2013-04-04,133.007120475745,-0.8236228887485058,-0.5765360221239539,0.2,20.0,0.15036788954202773,Neutral,High
2013-04-05,142.626065488019,-1.0337861900015426,-0.7236503330010797,0.2,20.0,0.14022682271691816,Neutral,High
2013-04-06,143.081822964933,-0.664551791580875,-0.46518625410661246,0.2476945952863276,24.76945952863276,0.17311394987400563,Neutral,High
2013-04-07,162.852214576856,-1.0331149660245398,-0.7231804762171778,0.2,20.0,0.12281073396494255,Neutral,High
2013-04-08,186.351161848042,-0.6895393777836587,-0.7240163466728416,0.2,20.0,0.10732425707283101,Value,High
2013-04-09,230.682996695207,-1.2180068531085753,-0.8526047971760027,0.2,20.0,0.08669906445868339,Neutral,High
2013-04-10,161.192889661017,-0.3403913093516675,-0.3574108748192509,0.34224356245982557,34.224356245982555,0.2123192674190231,Value,High
2013-04-11,82.9015850379895,-0.11203659230015514,-0.0784256146101086,0.7903520152594506,79.03520152594507,0.9533617661197591,Neutral,High
2013-04-12,111.476373194039,-0.7529278721702295,-0.5270495105191606,0.2057386651059678,20.57386651059678,0.18455808994418318,Neutral,High
2013-04-13,97.6090718702513,-0.6731626019131115,-0.471213821339178,0.2432558609114132,24.32558609114132,0.249214398057965,Neutral,High
2013-04-14,88.8614913997663,-1.1047127966492725,-0.4639793745926944,0.24859303336289887,24.859303336289887,0.2797533886130035,Elevated,High
2013-04-15,80.8746931659848,-0.6182831555631848,-0.4327982088942293,0.27296965967834225,27.296965967834225,0.3375217252671457,Neutral,High
2013-04-16,68.2831387270602,-0.6073493003481314,-0.42514451024369193,0.2793098525650456,27.93098525650456,0.40904659301251006,Neutral,High
2013-04-17,92.8640369135009,-0.06759486024645799,-0.04731640217252059,0.8676653271102092,86.76653271102091,0.9343394450086252,Neutral,High
2013-04-18,108.628345092344,-0.20667282071622708,-0.14467097450135896,0.6479038822427813,64.79038822427813,0.5964409028711649,Neutral,High
2013-04-19,119.012283239042,-0.35884988619622693,-0.25119492033735885,0.470676262991826,47.0676262991826,0.3954854492174137,Neutral,High
2013-04-20,128.208288893045,-0.2185126025495099,-0.15295882178465692,0.6319933131475625,63.19933131475624,0.4929426315601086,Neutral,High
2013-04-21,118.483243756283,-0.27550915393799325,-0.19285640775659527,0.5607000294831344,56.07000294831344,0.4732314981487846,Neutral,High
2013-04-22,126.31427175979,-0.8807962345692929,-0.616557364198505,0.2,20.0,0.1583352357683992,Neutral,High
2013-04-23,142.127218053185,-1.0407211821419,-0.72850482749933,0.2,20.0,0.14071900001951673,Neutral,High
2013-04-24,154.1332778045,-0.6381417716564252,-0.4466992401594976,0.2618200821464807,26.18200821464807,0.169866031447517,Neutral,High
2013-04-25,141.008659278492,-0.18446056554927756,-0.12912239588449428,0.6788417868352172,67.88417868352172,0.48141851025936305,Neutral,High
2013-04-26,137.209600419638,-0.20081803044701327,-0.1405726213129093,0.6559190717134759,65.59190717134759,0.47804167471330816,Neutral,High
2013-04-27,128.226669605202,-0.1228613847260535,-0.08600296930823745,0.7725883499174204,77.25883499174205,0.6025176761559418,Neutral,High
2013-04-28,134.62356956166,-0.5342205772329577,-0.37395440406307034,0.3256724321309118,32.56724321309118,0.24191338351175426,Neutral,High
2013-04-29,143.810378192577,-0.7767610413985212,-0.5437327289789649,0.2,20.0,0.13907202144491915,Neutral,High
2013-04-30,139.129647545295,-0.03787372127134748,-0.03976740733491485,0.8875395262498483,88.75395262498483,0.6379226440294843,Value,High
2013-05-01,116.113801040327,-0.37345759447577936,-0.26142031613304556,0.45645692237778934,45.64569223777893,0.3931116872310977,Neutral,High
2013-05-02,106.340984697253,-0.5077582145991913,-0.35543075021943393,0.34428266767856835,34.42826676785683,0.32375350732243297,Neutral,High
2013-05-03,96.3168402741087,-0.8075678612773507,-0.3391785017364873,0.3614847205037667,36.14847205037667,0.37530791030417426,Elevated,High
2013-05-04,112.497636369082,0.1282351929874108,0.1346469526367813,1.4977153663222684,149.77153663222686,1.331330519166258,Value,High
2013-05-05,116.488715827002,-0.1290475254323826,-0.09033326780266782,0.7626166463293798,76.26166463293798,0.6546699746110566,Neutral,High
2013-05-06,112.118596195207,-0.5817495018800226,-0.4072246513160158,0.2947363786252497,29.47363786252497,0.26287911963515065,Neutral,High
2013-05-07,111.609212873466,0.13328125038754388,0.13994531290692105,1.521711881140387,152.1711881140387,1.3634285575202358,Value,High
2013-05-08,113.136061854763,0.08623721738678533,0.09054907825612458,1.3121240479152931,131.2124047915293,1.1597752532695684,Value,High
2013-05-09,111.974532710696,0.0019039519298463883,0.0013327663508924717,1.0040063029140567,100.40063029140566,0.896638082436179,Neutral,High
2013-05-10,117.691036883694,0.32069394936988976,0.33672864683838427,2.746111580950028,274.6111580950028,2.333322616287103,Value,High
2013-05-11,115.49977766277,-0.3429168458962887,-0.24004179212740206,0.4866912325486159,48.66912325486159,0.42137850167091284,Neutral,High
2013-05-12,114.885675559614,-0.44399569755740403,-0.3107969882901828,0.39361147318743656,39.361147318743654,0.34261144504755264,Neutral,High
2013-05-13,117.404456646113,-0.44265651627813224,-0.30985956139469256,0.394719977112956,39.4719977112956,0.336205275667467,Neutral,High
2013-05-14,107.865566569258,-0.6919350423200796,-0.48435452962405573,0.23385276083491582,23.385276083491583,0.2168001970163151,Neutral,High
2013-05-15,108.986852425482,-0.463716857404893,-0.32460180018342505,0.37764321658790684,37.764321658790685,0.34650346182454833,Neutral,High
2013-05-16,112.917874050263,-0.30778295143737266,-0.21544806600616084,0.5239577655428712,52.395776554287124,0.4640166757918614,Neutral,High
2013-05-17,117.284616014027,-0.2784907824179445,-0.19494354769256114,0.5572002195361763,55.720021953617625,0.4750838076406681,Neutral,High
2013-05-18,118.169876680304,-0.34045857103872107,-0.23832099972710474,0.48921021263983355,48.921021263983356,0.41398893388315844,Neutral,High
2013-05-19,117.033880187025,-0.05117814399633848,-0.03582470079743693,0.8980997807854222,89.80997807854222,0.7673844354730625,Neutral,High
2013-05-20,117.818636469901,-0.6569880344214779,-0.4598916240950345,0.25166036151820775,25.166036151820776,0.2135997912202109,Neutral,High
2013-05-21,117.252040911748,-0.48365895835576456,-0.33856127084903515,0.36215469921417515,36.215469921417515,0.3088685675729584,Neutral,High
2013-05-22,118.9781735827,-0.7023678901179735,-0.4916575230825814,0.22878500270387803,22.878500270387804,0.19229157400441427,Neutral,High
2013-05-23,123.726156049094,-0.052615327964545475,-0.03683072957518183,0.8953933243251705,89.53933243251704,0.7236896004187524,Neutral,High
2013-05-24,128.971080654588,0.37289738375467085,0.3915422529424044,3.0,300.0,2.3261028633501475,Value,High
2013-05-25,128.844915254237,0.08744803118719352,0.06121362183103546,1.201584215243671,120.15842152436711,0.9325817886353552,Neutral,High
2013-05-26,130.158601110462,-0.8622459190638447,-0.3621432860068147,0.33741897957053446,33.741897957053446,0.25923679010976486,Elevated,High
2013-05-27,126.392905902981,0.0027226894221359585,0.0019058825954951708,1.005734024732249,100.5734024732249,0.7957203116322438,Neutral,High
2013-05-28,125.904595265926,-0.38783399137020574,-0.271483793959144,0.4428822339434868,44.28822339434868,0.35176018238894696,Neutral,High
2013-05-29,129.564812390415,-0.11579289388846178,-0.08105502572192325,0.784142059138165,78.4142059138165,0.6052122058999521,Neutral,High
2013-05-30,126.513068381064,-0.6902239543701607,-0.48315676805911245,0.23469457190892462,23.469457190892463,0.18551014129387192,Neutral,High
2013-05-31,127.816488895383,-0.27672117020703757,-0.1937048191449263,0.5592747312401222,55.92747312401222,0.4375607060352636,Neutral,High
2013-06-01,128.791151081239,-0.22646141673284073,-0.1585229917129885,0.6215313199717756,62.15313199717756,0.48258852782496325,Neutral,High
2013-06-02,122.626708942139,-0.9577133930953918,-0.40223962510006456,0.29917730880890936,29.917730880890936,0.2439740178871433,Elevated,High
2013-06-03,122.949187901812,-0.3984945121804996,-0.4781934146165995,0.23821533538352024,23.821533538352025,0.19375104419051595,Neutral,Medium
2013-06-04,120.189968731736,-0.9804339919726645,-0.7059124742203183,0.2,20.0,0.16640323823230205,Elevated,Medium
2013-06-05,120.869923845704,-0.17455515563047747,-0.20946618675657294,0.5334453979866817,53.344539798668166,0.44133840827735543,Neutral,Medium
2013-06-06,119.053975669784,0.05742650517540957,0.06891180621049148,1.2296571843562716,122.96571843562715,1.032856884819143,Neutral,Medium
2013-06-07,110.1977314436,-0.07004607602345465,-0.08405529122814558,0.777115824312529,77.7115824312529,0.7052012905640099,Neutral,Medium
2013-06-08,109.178545341321,-0.43072818465468743,-0.5168738215856249,0.2121161101698434,21.211611016984342,0.1942836932903918,Neutral,Medium
2013-06-09,99.9036034482759,0.2995672658083763,0.5392210784550773,3.0,300.0,3.002894686930107,Value,Medium
2013-06-10,104.357566627703,-0.22180705073518653,-0.26616846088222385,0.4500010411081994,45.00010411081994,0.4312107455644152,Neutral,Medium
2013-06-11,107.507520455874,-0.3872237356915291,-0.4646684828298349,0.2480796416984236,24.807964169842357,0.23075561658055987,Neutral,Medium
2013-06-12,106.378116306254,-0.1247384316298438,-0.14968611795581255,0.6382288544851381,63.82288544851381,0.5999625455368366,Neutral,Medium
2013-06-13,101.323897720631,-0.18654257956290612,-0.22385109547548734,0.5109143647781883,51.09143647781883,0.5042387593367905,Neutral,Medium
2013-06-14,99.2132443015781,-0.21815623591790953,-0.2617874831014914,0.4559544114734589,45.59544114734589,0.45957010546645977,Neutral,Medium
2013-06-15,99.8750374050263,-0.22948948008494233,-0.27538737610193076,0.4377260029884404,43.77260029884404,0.4382736811534966,Neutral,Medium
2013-06-16,99.0383512565751,0.44996848548977986,0.8099432738816037,3.0,300.0,3.0291295866063117,Value,Medium
2013-06-17,100.126305084746,-0.0678703904024173,-0.08144446848290075,0.783226458757696,78.32264587576961,0.7822384518182114,Neutral,Medium
2013-06-18,104.289176382233,0.007840354825313076,0.00940842579037569,1.0286273847951355,102.86273847951355,0.9863222824054975,Neutral,Medium
2013-06-19,104.417150789012,-0.0512457137378669,-0.06149485648544027,0.8315327708031505,83.15327708031505,0.7963565032370661,Neutral,Medium
2013-06-20,104.323499707773,0.17251596369567773,0.20701915643481328,1.8608948409213022,186.08948409213022,1.7837734030529744,Neutral,Medium
2013-06-21,101.416857393337,-0.1047072915709621,-0.1256487498851545,0.6859529431121728,68.59529431121729,0.676369748326711,Neutral,Medium
2013-06-22,100.039508474576,0.0013487448474404432,0.0016184938169285317,1.0048672884025889,100.48672884025889,1.0044704374551836,Neutral,Medium
2013-06-23,100.314744593805,0.1489796938292333,0.17877563259507995,1.7097153553262932,170.9715355326293,1.704351002685878,Neutral,Medium
2013-06-24,99.0456832261835,-0.1523738726532173,-0.18284864718386076,0.577789339340755,57.7789339340755,0.5833564073875881,Neutral,Medium
2013-06-25,97.8327887200468,0.1871517205857818,0.22458206470293815,1.961572002967711,196.1572002967711,2.0050251338340592,Neutral,Medium
2013-06-26,98.6517007597896,-0.3939009240164553,-0.47268110881974634,0.24218743532994758,24.218743532994758,0.24549747593268365,Neutral,Medium
2013-06-27,96.8039495990649,-0.10665445624014444,-0.12798534748817333,0.6811613686964968,68.11613686964968,0.7036503898009102,Neutral,Medium
2013-06-28,89.4245067212157,-0.0936202280449483,-0.11234427365393795,0.7138854091124597,71.38854091124597,0.798310703952804,Neutral,Medium
2013-06-29,88.7972910578609,-0.1765235787273653,-0.21182829447283835,0.5296785936734105,52.96785936734105,0.596503099771668,Neutral,Medium
2013-06-30,89.4809076563413,-0.07094862286091852,-0.08513834743310222,0.7745949415703643,77.45949415703643,0.8656538717122306,Neutral,Medium
2013-07-01,82.8675701344243,-0.22055497243638086,-0.264665966923657,0.45203399094529456,45.20339909452946,0.5454896170021928,Neutral,Medium
2013-07-02,87.8164666861484,-0.7213228733787632,-0.5193524688327095,0.21054467691609668,21.05446769160967,0.23975534983498334,Elevated,Medium
2013-07-03,77.6913308007014,-0.16893213330332754,-0.11825249331232927,0.7013435124579708,70.13435124579708,0.9027307232734892,Neutral,High
2013-07-04,79.1348708357686,-0.43727382782630847,-0.3060916794784159,0.39920706434945,39.920706434945004,0.5044641636907939,Neutral,High
2013-07-05,67.4476238527177,0.18060529700442246,0.1264237079030957,1.4612191531994851,146.12191531994853,2.1664501575181996,Neutral,High
2013-07-06,66.3416808883694,0.07232072244542301,0.0506245057117961,1.164012999422217,116.4012999422217,1.7545726665877777,Neutral,High
2013-07-07,72.1095223728814,-0.21803309295179743,-0.1526231650662582,0.632630032076863,63.263003207686296,0.8773182948092573,Neutral,High
2013-07-08,73.9885537697253,0.13142486684840524,0.09199740679388366,1.3178376117137587,131.78376117137586,1.7811371415844495,Neutral,High
2013-07-09,74.8919108708358,0.2907646264743683,0.2035352385320578,1.841546514470955,184.15465144709552,2.4589391471757533,Neutral,High
2013-07-10,85.0136791350088,0.10364145913739127,0.07254902139617389,1.2431482386519919,124.31482386519919,1.4622920114747286,Neutral,High
2013-07-11,87.4975493863238,0.2393907708944018,0.16757353962608126,1.6532129201768258,165.32129201768257,1.8894391120344098,Neutral,High
2013-07-12,90.0466987142022,-0.06695497842298037,-0.046868484896086256,0.8688320376899163,86.88320376899163,0.9648682851189123,Neutral,High
2013-07-13,91.5925978959673,-0.13660893497164894,-0.09562625448015426,0.750602723812812,75.0602723812812,0.8195015110995776,Neutral,High
2013-07-14,89.892269275862,0.31877471371888844,0.22314229960322188,1.953117665769701,195.3117665769701,2.172731516851533,Neutral,High
2013-07-15,93.7961525423729,-0.22968815840431395,-0.16078171088301976,0.6173339628871397,61.73339628871397,0.6581655496031736,Neutral,High
2013-07-16,91.7810356516657,-0.01079337743073578,-0.007555364201515045,0.9775888534294981,97.75888534294981,1.065131643469046,Neutral,High
2013-07-17,91.0313512565751,0.1599742091459748,0.11198194640218234,1.3992632375514045,139.92632375514046,1.5371223410795378,Neutral,High
2013-07-18,84.9617291174752,-0.18900750172107758,-0.1323052512047543,0.6723906697303217,67.23906697303217,0.7914041730490419,Neutral,High
2013-07-19,86.2387945996493,0.5623004541938921,0.5904154769035866,3.0,300.0,3.478712815881821,Value,High
2013-07-20,84.9108591466978,-0.13591613027955562,-0.09514129119568893,0.7516955628870908,75.16955628870909,0.8852761242097554,Neutral,High
2013-07-21,85.6643502618352,-0.1169619657474352,-0.08187337602320463,0.7822193116543535,78.22193116543535,0.9131211633117872,Neutral,High
2013-07-22,85.6490286382233,0.503102209108684,0.5282573195641181,3.0,300.0,3.5026666941803066,Value,High
2013-07-23,86.977056691993,-0.027046372463919555,-0.018932460724743687,0.9447854803540768,94.47854803540768,1.086246783102575,Neutral,High
2013-07-24,88.15173056692,0.6560505632078466,0.6888530913682389,3.0,300.0,3.403223034541067,Value,High
2013-07-25,90.166092226768,-0.5648965161006916,-0.23725653676229044,0.49077494817473627,49.07749481747363,0.5443010072349989,Elevated,High
2013-07-26,89.9839859731151,-0.4704066073664014,-0.32928462515648094,0.37237499719945993,37.237499719945994,0.41382363002981,Neutral,High
2013-07-27,88.165275862069,0.2904898919521476,0.2033429243665033,1.8404843544592617,184.04843544592617,2.08753881441785,Neutral,High
2013-07-28,92.7458421975453,-0.13125989321554077,-0.09188192525087853,0.7590817683121092,75.90817683121091,0.8184536905657639,Neutral,High
2013-07-29,93.2986972530684,0.4080620258294695,0.428465127120943,3.0,300.0,3.2154789813009272,Value,High
2013-07-30,96.659552893045,-0.2894888702549497,-0.20264220917846476,0.5444786065109324,54.44786065109324,0.5632951841949908,Neutral,High
2013-07-31,98.0244199298656,0.2318743033466511,0.16231201234265577,1.6273225176649275,162.73225176649277,1.6601195078014668,Neutral,High
2013-08-01,96.5680178258329,-0.11986515806103888,-0.08390561064272721,0.7774648601270546,77.74648601270546,0.8050955975189077,Neutral,High
2013-08-02,96.0745306838106,-0.13358646740332195,-0.09351052718232536,0.7553820875306287,75.53820875306288,0.7862459302732949,Neutral,High
2013-08-03,95.5067095265926,-0.23591546679672148,-0.16514082675770503,0.6093134300062794,60.93134300062793,0.6379797116103387,Neutral,High
2013-08-04,96.3654821741672,0.02837514115533299,0.034050169386399584,1.1075501545190356,110.75501545190356,1.1493224851169144,Neutral,Medium
2013-08-05,97.5271338398598,0.225866747391344,0.2710400968696128,2.254933067303578,225.4933067303578,2.3121084138555665,Neutral,Medium
2013-08-06,97.6712066043249,0.4539245867041713,0.8170642560675083,3.0,300.0,3.071529577957686,Value,Medium
2013-08-07,97.0542068965517,0.10790025821118854,0.12948030985342623,1.4746798709034357,147.46798709034357,1.5194394123227135,Neutral,Medium
2013-08-08,94.2572717708942,-0.7156378486830026,-0.5152592510517618,0.21314603174146143,21.314603174146143,0.2261321887817243,Elevated,Medium
2013-08-09,92.4727767387493,0.4090284291418471,0.6135426437127707,3.0,300.0,3.2441980286538707,Value,Low
2013-08-10,93.293552893045,-0.3712606770495549,-0.3712606770495549,0.32831491281659364,32.83149128165937,0.3519159712922343,Neutral,Low
2013-08-11,94.271312390415,0.4680870587056763,0.7021305880585145,3.0,300.0,3.1823042704399898,Value,Low
2013-08-12,95.4464707773232,-0.3537177645261593,-0.3537177645261593,0.34605647538825196,34.605647538825195,0.3625660253018704,Neutral,Low
2013-08-13,97.7590750847458,0.17617183263774716,0.17617183263774716,1.6964121111431736,169.64121111431737,1.7352988555513447,Neutral,Low
2013-08-14,99.1212875511397,-0.09653952607903356,-0.09653952607903356,0.7485490260241954,74.85490260241954,0.7551849300161644,Neutral,Low
2013-08-15,98.1063331385155,0.25831571399011466,0.25831571399011466,2.1704773969926454,217.04773969926455,2.21237235921168,Neutral,Low
2013-08-16,98.2909602571596,-0.1897429363719559,-0.1897429363719559,0.5659617349748388,56.59617349748388,0.5758024272975945,Neutral,Low
2013-08-17,99.6305043834015,0.8494314112058245,2.5,3.0,300.0,3.0111259785008193,Deep Value,Low
2013-08-18,99.1780397428405,-0.23344152237240495,-0.23344152237240495,0.4964241546841719,49.64241546841719,0.5005383812498754,Neutral,Low
2013-08-19,102.784012273524,0.09760297526986783,0.09760297526986783,1.3401866908785134,134.01866908785135,1.3038863352717458,Neutral,Low
2013-08-20,104.500210987726,0.003962938786341255,0.003962938786341255,1.0119597692393574,101.19597692393573,0.9683805991149781,Neutral,Low
2013-08-21,110.801603740503,0.1046627337124697,0.1046627337124697,1.3688735853007554,136.88735853007555,1.2354275922816542,Neutral,Low
2013-08-22,109.523216832262,0.484313336494569,0.7264700047418535,3.0,300.0,2.7391452577535116,Value,Low
2013-08-23,107.697571595558,-0.1315361302489724,-0.1315361302489724,0.6739439102496452,67.39439102496452,0.6257744722235149,Neutral,Low
2013-08-24,108.882675043834,0.05005809404445443,0.05005809404445443,1.1620367473246742,116.20367473246742,1.0672375075803946,Neutral,Low
2013-08-25,113.082563413209,-0.10665874568769396,-0.10665874568769396,0.7261662927124736,72.61662927124736,0.6421558468382326,Neutral,Low
2013-08-26,112.11811484512,-0.2398302286591554,-0.2398302286591554,0.48700022885210725,48.70002288521073,0.43436355447542935,Neutral,Low
2013-08-27,117.759790765634,0.5096902028333373,0.764535304250006,3.0,300.0,2.547558874294038,Value,Low
2013-08-28,118.317414377557,-0.14000724231628348,-0.14000724231628348,0.657032544347492,65.7032544347492,0.5553134741863671,Neutral,Low
2013-08-29,118.835638223261,0.4495212333688023,0.6742818500532034,3.0,300.0,2.5244952144438244,Value,Low
2013-08-30,124.885379602572,-0.5292040328447765,-0.5292040328447765,0.2044131478638167,20.44131478638167,0.16368060738120768,Neutral,Low
2013-08-31,128.377978959673,0.40691072971517883,0.6103660945727682,3.0,300.0,2.3368493758126396,Value,Low
2013-09-01,130.536372004676,0.23701357073588264,0.23701357073588264,2.0361091600516414,203.61091600516414,1.5598021676124914,Neutral,Low
2013-09-02,129.565371712449,-0.5494422326713114,-0.3296653396027868,0.37194993436437956,37.194993436437954,0.28707511077100667,Elevated,Low
2013-09-03,129.182803623612,0.045732611179278244,0.045732611179278244,1.147055052034131,114.7055052034131,0.8879316904873805,Neutral,Low
2013-09-04,122.529238749269,0.7040760282574162,2.1122280847722488,3.0,300.0,2.4483951998909306,Deep Value,Low
2013-09-05,122.370085037989,0.3709672189312869,0.5564508283969304,3.0,300.0,2.451579566254832,Value,Low
2013-09-06,117.861146405611,0.053555035582997026,0.053555035582997026,1.1742916406109105,117.42916406109106,0.9963348197629667,Neutral,Low
2013-09-07,119.814989479836,-0.38707130562040093,-0.38707130562040093,0.31310586560414494,31.310586560414492,0.2613244527779543,Neutral,Low
2013-09-08,118.057386323787,0.007812412198415164,0.007812412198415164,1.0237140469511752,102.37140469511752,0.8671325690232652,Neutral,Low
2013-09-09,121.259272647575,-0.4116427595968903,-0.4116427595968903,0.2908556221367586,29.085562213675857,0.23986258187618711,Neutral,Low
2013-09-10,122.215530189363,0.5158327006745227,0.773749051011784,3.0,300.0,2.4546798556220675,Value,Low
2013-09-11,127.088227060199,0.44229618242153645,0.6634442736323047,3.0,300.0,2.3605648370395187,Value,Low
2013-09-12,126.780723553478,0.06553208508482661,0.06553208508482661,1.217252482186847,121.72524821868468,0.9601242586956775,Neutral,Low
2013-09-13,127.407745178258,0.5914481567009231,0.8871722350513847,3.0,300.0,2.3546449203717223,Value,Low
2013-09-14,124.348477498539,-0.17936078547063525,-0.2152329425647623,0.5242960214743142,52.42960214743142,0.42163445184157905,Neutral,Medium
2013-09-15,125.076417884278,-0.21066276927645736,-0.21066276927645736,0.5315338966273998,53.15338966273998,0.42496731647622055,Neutral,Low
2013-09-16,126.204665984804,-0.3945456126449589,-0.3945456126449589,0.3061632452917116,30.616324529171163,0.24259265131177957,Neutral,Low
2013-09-17,126.897250146113,-0.220495466755727,-0.220495466755727,0.5160836572092181,51.60836572092181,0.40669412190964355,Neutral,Low
2013-09-18,126.903819403857,0.014764209423650115,0.014764209423650115,1.0452881910140943,104.52881910140943,0.8236853673312883,Neutral,Low
2013-09-19,124.180957334892,-1.0090588548120458,-0.30271765644361376,0.40326838565361256,40.32683856536126,0.32474253243681783,Extreme,Low
2013-09-20,122.921635885447,-0.24377960368650956,-0.24377960368650956,0.481264236702372,48.1264236702372,0.3915211778916376,Neutral,Low
2013-09-21,123.508256867329,0.054748061450815934,0.054748061450815934,1.1785020517212592,117.85020517212592,0.9541888790376106,Neutral,Low
2013-09-22,123.124935125658,0.6988840366890698,1.0483260550336047,3.0,300.0,2.4365495071638255,Value,Low
2013-09-23,122.865699006429,0.6432895664830378,0.9649343497245567,3.0,300.0,2.4416904182859236,Value,Low
2013-09-24,123.797357685564,0.2676294865786447,0.2676294865786447,2.2319786068665777,223.19786068665778,1.8029291162543517,Neutral,Low
2013-09-25,123.614078609001,-0.01684605537774953,-0.01684605537774953,0.9507176427636495,95.07176427636495,0.7691014271690108,Neutral,Low
2013-09-26,124.68567445938,0.5645339186021135,0.8468008779031704,3.0,300.0,2.4060502644009336,Value,Low
2013-09-27,126.605347749854,-0.04693194187486703,-0.04693194187486703,0.8686666530640897,86.86666530640898,0.6861216121615933,Neutral,Low
2013-09-28,126.796551724138,-0.24547329117073566,-0.24547329117073566,0.4788251049973346,47.88251049973346,0.3776325921221261,Neutral,Low
2013-09-29,127.108627703098,0.387521923232955,0.5812828848494325,3.0,300.0,2.360185971803141,Value,Low
2013-09-30,126.090261835184,0.0839383146202066,0.0839383146202066,1.2863579668181189,128.63579668181188,1.020188195421112,Neutral,Low
2013-10-01,127.575424313267,-0.5079407280647106,-0.5079407280647106,0.21787752539239216,21.787752539239218,0.17078330451591087,Neutral,Low
2013-10-02,104.105092928112,-0.08290390433655921,-0.05803273303559144,0.8402143853050421,84.02143853050421,0.8070828829529386,Neutral,High
2013-10-03,117.575495032145,-0.2753001479441667,-0.19271010356091667,0.5609461817993492,56.09461817993492,0.47709446738539113,Neutral,High
2013-10-04,121.930347749854,0.3459691138898001,0.24217837972286008,2.0679031837226827,206.79031837226827,1.695970873440865,Neutral,High
2013-10-05,121.393402688486,-0.10825507085755548,-0.07577854960028883,0.7966533416707509,79.66533416707509,0.6562575263789951,Neutral,High
2013-10-06,122.475261250731,0.12834289342838312,0.08984002539986818,1.3093359184515332,130.93359184515333,1.0690615435970083,Neutral,High
2013-10-07,123.906872589129,-0.04460132186681517,-0.031220925306770616,0.9105897832720524,91.05897832720524,0.7348985284226626,Neutral,High
2013-10-08,124.76652893045,-0.07863561205498942,-0.05504492843849259,0.8477794281690496,84.77794281690495,0.6794926775927514,Neutral,High
2013-10-09,125.933520312683,-0.046868308253543434,-0.032807815777480404,0.9062650669672326,90.62650669672327,0.7196376824193018,Neutral,High
2013-10-10,126.704650496785,-0.46097273227422153,-0.322680912591955,0.37982572959759525,37.98257295975952,0.29977252461402976,Neutral,High
2013-10-11,127.25529924021,0.6359347547861397,0.6677314925254467,3.0,300.0,2.3574656756235606,Value,High
2013-10-12,127.851263004091,-0.11458292754670055,-0.08020804928269037,0.7861370421675493,78.61370421675493,0.6148840642601977,Neutral,High
2013-10-13,132.415658679135,0.028455040189781282,0.019918528132846895,1.0615770488411198,106.15770488411198,0.8017005386149204,Neutral,High
2013-10-14,135.339194915254,-0.292269445363923,-0.2045886117547461,0.5413085471484506,54.13085471484506,0.3999643617559601,Neutral,High
2013-10-15,141.493908533022,-0.2883196867410224,-0.20182378071871565,0.5458170993913944,54.581709939139444,0.38575307237626494,Neutral,High
2013-10-16,138.327921917008,-0.1215367211741947,-0.08507570482193628,0.7747405231985636,77.47405231985636,0.5600752996660943,Neutral,High
2013-10-17,143.74713383986,0.25951358926972445,0.1816595124888071,1.724571368308328,172.45713683083278,1.1997257421699752,Neutral,High
2013-10-18,152.775572180012,-0.027284103518446567,-0.019098872462912597,0.9443139278897212,94.43139278897212,0.6181053125280116,Neutral,High
2013-10-19,165.772717124489,-0.12191285507005015,-0.0853389985490351,0.774128811860343,77.4128811860343,0.4669820373873716,Neutral,High
2013-10-20,166.500151081239,0.3578143771929399,0.3757050960525869,3.0,300.0,1.8018001668576478,Value,High
2013-10-21,179.910628579778,0.30930151070304596,0.32476658623819826,2.649311404079101,264.9311404079101,1.4725708119597356,Value,High
2013-10-22,190.402781414378,0.2714384770676557,0.2850104009210385,2.3514477510973704,235.14477510973703,1.2349860299466213,Value,High
2013-10-23,204.600350964348,0.3753184205726875,0.3940843416013219,3.0,300.0,1.4662731446256199,Value,High
2013-10-24,194.41004376505,0.1211286659692208,0.08479006617845455,1.289649142131014,128.9649142131014,0.6633654913887017,Neutral,High
2013-10-25,185.64378762595,0.3294718947872599,0.3459454895266229,2.8231025312698628,282.31025312698625,1.5207094012529392,Value,High
2013-10-26,179.808218001169,0.007474670513338111,0.005232269359336677,1.015820650096246,101.58206500962459,0.5649467312387477,Neutral,High
2013-10-27,194.546133255406,-0.03162937769014843,-0.0221405643831039,0.9357361875413773,93.57361875413773,0.48098421278459164,Neutral,High
2013-10-28,196.274687317358,-0.40784682746748063,-0.2854927792272364,0.4246549434110212,42.46549434110212,0.21635746779939763,Neutral,High
2013-10-29,204.428174167154,0.3571612444742762,0.37501930669799,3.0,300.0,1.4675080928654196,Value,High
2013-10-30,197.900599420982,0.11222689430681071,0.07855882601476749,1.2657647412336441,126.57647412336442,0.6395962139260929,Neutral,High
2013-10-31,203.283649912332,-0.010545283328266548,-0.007381698329786583,0.9780983075914447,97.80983075914446,0.4811495208853534,Neutral,High
2013-11-01,203.037109849386,0.1509099552489354,0.10563696867425479,1.3728802511146758,137.2880251114676,0.6761720811200896,Neutral,High
2013-11-02,204.792881355932,-0.4566481611665246,-0.5479777933998295,0.2,20.0,0.0976596445519989,Neutral,Medium
2013-11-03,210.275382611748,-0.6875366557035784,-0.4950263921065764,0.22648440776466428,22.648440776466426,0.10770847493015603,Elevated,Medium
2013-11-04,228.79103886616,-0.4602103697397333,-0.5522524436876799,0.2,20.0,0.08741601113013767,Neutral,Medium
2013-11-05,243.641668907072,0.41436599098258386,0.7458587837686509,3.0,300.0,1.2313164712166857,Value,Medium
2013-11-06,263.209583987142,-0.2652817456856553,-0.18569722197995872,0.5728727487276803,57.28727487276804,0.21764889410549185,Neutral,High
2013-11-07,290.124226183518,-0.2741984199254507,-0.19193889394781546,0.5622455055597257,56.22455055597258,0.19379474542883487,Neutral,High
2013-11-08,333.750656511981,0.1300708308035392,0.13657437234371617,1.5064006306851365,150.64006306851365,0.4513551063624828,Value,High
2013-11-09,331.051148451198,-0.51683620528109,-0.36178534369676296,0.33778150376682947,33.778150376682945,0.10203302581704338,Neutral,High
2013-11-10,327.558653499708,0.039461020197134,0.0276227141379938,1.0863985492133772,108.63985492133772,0.3316653483600749,Neutral,High
2013-11-11,342.697692869667,-0.9358532091571312,-0.3930583478459951,0.30753233477069725,30.753233477069724,0.08973866505942786,Elevated,High
2013-11-12,354.645488310929,-0.8148410288249115,-0.570388720177438,0.2,20.0,0.0563943449421958,Neutral,High
2013-11-13,394.50449522443,-0.36298185532847366,-0.2540872987299315,0.4666098095305725,46.660980953057255,0.11827743794531986,Neutral,High
2013-11-14,416.706303302747,-0.8723518790690075,-0.6106463153483052,0.2,20.0,0.047995434293849705,Neutral,High
2013-11-15,408.398797334892,0.023475399342114976,0.02464916930922072,1.0767502831589921,107.67502831589921,0.263651678258015,Value,High
2013-11-16,435.798442767387,-0.4995464766544598,-0.34968253365812185,0.35027118824078834,35.02711882407883,0.08037458463975056,Neutral,High
2013-11-17,485.33657685564,-0.34112689765918586,-0.2387888283614301,0.488524094593929,48.852409459392895,0.10065676437554738,Neutral,High
2013-11-18,657.778503874927,-1.2630148701695736,-0.5304662454712208,0.2036405729489389,20.36405729489389,0.030958836713165083,Elevated,High
2013-11-19,546.878397311514,-0.3618399663363265,-0.2532879764354285,0.46773006703473247,46.77300670347325,0.08552725237166446,Neutral,High
2013-11-20,595.339099649328,-0.018172902817775102,-0.019081547958663857,0.9443630084771231,94.4363008477123,0.15862606857728315,Value,High
2013-11-21,720.764425260082,-0.9828929032535736,-0.6880250322775014,0.2,20.0,0.027748317340694446,Neutral,High
2013-11-22,802.916933718294,-0.7929692512531262,-0.5550784758771883,0.2,20.0,0.024909176977225223,Neutral,High
2013-11-23,834.295339989129,-0.7243038315384227,-0.5070126820768959,0.218484971696996,21.8484971696996,0.026187965007672568,Neutral,High
2013-11-24,807.166695499708,-1.3395174497418534,-0.5625973288915783,0.2,20.0,0.024778029261499968,Elevated,High
2013-11-25,816.243386616014,-0.6970621989810933,-0.4879435392867653,0.2313483680093756,23.13483680093756,0.02834306186154853,Neutral,High
2013-11-26,916.097160140269,-1.00036522689527,-0.700255658826689,0.2,20.0,0.021831745441649095,Neutral,High
2013-11-27,962.910560911748,-0.6453542171922799,-0.4517479520345959,0.2578844000985157,25.78844000985157,0.026781760483999006,Neutral,High
2013-11-28,1007.38716364699,-0.8864154829977455,-0.6204908380984219,0.2,20.0,0.019853340127538522,Neutral,High
2013-11-29,1128.7254880187,-1.0071048829787472,-0.704973418085123,0.2,20.0,0.017719100181840364,Neutral,High
2013-11-30,1119.29671478667,-0.6359816409179894,-0.6677807229638888,0.2,20.0,0.017868362995965604,Value,High
2013-12-01,964.485793687902,-0.804009861819797,-0.5628069032738579,0.2,20.0,0.020736438142366045,Neutral,High
2013-12-02,1040.80821770894,-0.42808694638490286,-0.449491293704148,0.2596361941480307,25.96361941480307,0.024945632608430985,Value,High
2013-12-03,1053.62102744828,-0.7864102417236776,-0.5504871692065743,0.2,20.0,0.018982157226338912,Neutral,High
2013-12-04,1134.93223088837,-0.8629349942160788,-0.6040544959512552,0.2,20.0,0.017622197568875956,Neutral,High
2013-12-05,1027.411772827,-0.6324416725496569,-0.4427091707847598,0.2649729556501214,26.49729556501214,0.02579033671387944,Neutral,High
2013-12-06,824.581710337814,-0.11244727640139021,-0.11806964022145973,0.7017283464875009,70.1728346487501,0.08510112917736405,Value,High
2013-12-07,703.748376025716,-0.18189749640443714,-0.127328247483106,0.682505466487695,68.2505466487695,0.09698146237182298,Neutral,High
2013-12-08,783.573348334307,-0.30165518341021214,-0.2111586283871485,0.5307437866720799,53.07437866720799,0.06773377218614142,Neutral,High
2013-12-09,896.079289888954,-0.3602488676710931,-0.25217420736976515,0.469295510731682,46.9295510731682,0.05237209653510005,Neutral,High
2013-12-10,977.165367329047,-0.7612230833989176,-0.5328561583792423,0.2021857448480951,20.21857448480951,0.020691046941291345,Neutral,High
2013-12-11,875.464034272355,-0.27992358939670564,-0.19594651257769394,0.5555261825371004,55.55261825371004,0.0634550547811856,Neutral,High
2013-12-12,873.324805987727,-0.5872987084375765,-0.4111090959063035,0.29132165234653035,29.132165234653034,0.03335776681815956,Neutral,High
2013-12-13,879.156135300994,-0.050828513038867394,-0.05336993869081076,0.8520502150202152,85.20502150202151,0.09691682521540969,Value,High
2013-12-14,852.856120526008,-0.7120406411664452,-0.4984284488165116,0.22418462531594585,22.418462531594585,0.02628633598568509,Neutral,High
2013-12-15,864.0616578609,-0.3362515658082731,-0.23537609606579116,0.49355139177390606,49.355139177390605,0.05711992741302263,Neutral,High
2013-12-16,677.894106801286,-0.9888220200843244,-0.4153052484354162,0.2876773482909339,28.76773482909339,0.042436915353692845,Elevated,High
2013-12-17,682.62677270602,0.4695179973936578,0.9859877945266813,3.0,300.0,0.4394788074466543,Deep Value,High
2013-12-18,526.12097632671,-0.3669293602582234,-0.25685055218075636,0.4627577145631968,46.27577145631968,0.08795652243217805,Neutral,High
2013-12-19,685.525128959673,-0.38554269379090755,-0.26987988565363524,0.4450183966157252,44.50183966157252,0.06491642360230737,Neutral,High
2013-12-20,600.216954260666,-0.41897239590663515,-0.29328067713464456,0.414848439531347,41.4848439531347,0.06911641475411973,Neutral,High
2013-12-21,597.033502548217,-0.4203003744717103,-0.2942102621301972,0.41369314054854117,41.369314054854115,0.06929144491604655,Neutral,High
2013-12-22,615.013035271771,-0.14885463910988087,-0.1041982473769166,0.7315463174064789,73.15463174064789,0.11894809954446128,Neutral,High
2013-12-23,657.926634155465,-0.8131093622253383,-0.34150593213464203,0.35896952007226696,35.896952007226695,0.05456072173351841,Elevated,High
2013-12-24,650.664745178258,0.5196791326709179,1.0913261786089277,3.0,300.0,0.4610669353505715,Deep Value,High
2013-12-25,678.290158094681,0.2450801099366784,0.2573341154335123,2.164095186317862,216.40951863178623,0.319051538709748,Value,High
2013-12-26,749.996594956166,-0.24295930376998426,-0.17007151263898898,0.6003667635600117,60.03667635600117,0.08004926523634424,Neutral,High
2013-12-27,722.570567492694,-0.1406298613153007,-0.09844090292071048,0.7442913593628921,74.42913593628921,0.10300604437094206,Neutral,High
2013-12-28,715.852363078901,-0.14765506427152056,-0.10335854499006439,0.7333914840834602,73.33914840834602,0.10245010310912755,Neutral,High
2013-12-29,727.271215663355,0.05964091929210481,0.04174864350447337,1.1334271631179185,113.34271631179185,0.15584655885000243,Neutral,High
2013-12-30,735.741997077732,-0.9590412776530872,-0.40279733661429656,0.29867716344107065,29.867716344107066,0.04059536693941301,Elevated,High
2013-12-31,729.557582910579,-0.15928110371528878,-0.11149677260070213,0.7157027743702495,71.57027743702496,0.09810093008901978,Neutral,High
2014-01-01,752.404549944594,-0.24908260753032557,-0.1743578252712279,0.5926961085666363,59.26961085666363,0.07877359441942258,Neutral,High
2014-01-02,784.954921314436,-0.4878430856290374,-0.34149015994032617,0.3589865056851865,35.89865056851865,0.045733391298961514,Neutral,High
2014-01-03,807.222939029807,0.09692801471090451,0.10177441544644973,1.3570635979556023,135.70635979556022,0.1681150934073607,Value,High
2014-01-04,828.602062618352,-0.363516086246942,-0.2544612603728594,0.4660866205514278,46.60866205514278,0.05624975384186364,Neutral,High
2014-01-05,902.487380263004,-0.8857647945251657,-0.37202121370056956,0.32756668015591367,32.756668015591366,0.03629598455553515,Elevated,High
2014-01-06,914.459960841613,-0.23374111243473222,-0.16361877870431255,0.612102004638235,61.210200463823504,0.06693589996820569,Neutral,High
2014-01-07,803.351796198714,-0.2441449805324388,-0.17090148637270716,0.598873757132484,59.8873757132484,0.07454688717523561,Neutral,High
2014-01-08,820.690009503214,-0.3383106531604227,-0.23681745721229586,0.4914218418680671,49.14218418680671,0.059879106139666315,Neutral,High
2014-01-09,831.334750487434,-0.3977097967024654,-0.2783968576917258,0.4337918045170705,43.37918045170705,0.05218016018971018,Neutral,High
2014-01-10,853.298854844603,-0.17689004340788325,-0.12382303038551827,0.6897203239571813,68.97203239571813,0.08082986635236825,Neutral,High
2014-01-11,889.555837119345,-0.9444082945903118,-0.39665148372793096,0.3042351213007352,30.423512130073522,0.03420078972062529,Elevated,High
2014-01-12,845.191332220924,-0.1564281968043533,-0.1094997377630473,0.7200034946601648,72.00034946601647,0.08518822510498292,Neutral,High
2014-01-13,822.877012197545,-0.06748501423928499,-0.04723950996749949,0.8678655002976238,86.78655002976238,0.10546721896871736,Neutral,High
2014-01-14,815.293602711864,-0.21287794646997785,-0.14901456252898448,0.6395159687550072,63.95159687550071,0.0784399591297935,Neutral,High
2014-01-15,841.089857364115,-0.8905804528783869,-0.3740437902089225,0.32558511202869067,32.55851120286907,0.0387099082432214,Elevated,High
2014-01-16,815.854800298071,-0.47888253353520116,-0.33521777347464077,0.36580556846999346,36.58055684699934,0.04483709213163262,Neutral,High
2014-01-17,792.829506475745,-0.18577989206017978,-0.13004592444212584,0.6769636005458972,67.69636005458972,0.08538577273127858,Neutral,High
2014-01-18,809.783528356386,-0.45788602341250273,-0.3205202163887519,0.3822957905612714,38.229579056127136,0.04720962790354793,Neutral,High
2014-01-19,838.428474734073,-0.23213102687446766,-0.16249171881212734,0.6141751343332265,61.41751343332265,0.07325313402887781,Neutral,High
2014-01-20,828.885216592636,-0.06606145643838032,-0.046243019506866226,0.8704638412719923,87.04638412719923,0.10501621018773587,Neutral,High
2014-01-21,823.817963763881,0.3235561991615463,0.3397340091196236,2.7709827131095417,277.09827131095415,0.3363586174364787,Value,High
2014-01-22,818.976386323787,-0.22819667470389807,-0.15973767229272864,0.6192705555612341,61.92705555612341,0.07561519060897587,Neutral,High
2014-01-23,810.922425195792,0.03557374625646782,0.024901622379527474,1.0775660787899768,107.75660787899768,0.1328815242135899,Neutral,High
2014-01-24,781.042513950906,0.47746720328029313,0.5013405634443078,3.0,300.0,0.3841020106350537,Value,High
2014-01-25,804.403240800701,-0.37807982607255286,-0.4536957912870634,0.2563818424140514,25.63818424140514,0.0318723035176797,Neutral,Medium
2014-01-26,814.499381373466,-0.42931688558175385,-0.5151802626981046,0.21319654588867654,21.319654588867653,0.02617516363599559,Neutral,Medium
2014-01-27,742.701374970777,-0.04685402562047888,-0.03279781793433521,0.9062922494628427,90.62922494628427,0.1220264671650167,Neutral,High
2014-01-28,790.176401876096,0.1754095511100129,0.12278668577700903,1.445362358609016,144.5362358609016,0.18291641653399526,Neutral,High
2014-01-29,793.38442490941,0.07388478597354398,0.05171935018148078,1.1678425246664017,116.78425246664017,0.14719756123265818,Neutral,High
2014-01-30,799.474479836353,-0.6122333496049229,-0.42856334472344604,0.276459751124071,27.6459751124071,0.034580184620859995,Neutral,High
2014-01-31,803.237598784921,-0.4777570131171799,-0.3344299091820259,0.36667120651126384,36.66712065112638,0.045649158737830146,Neutral,High
2014-02-01,813.219549216833,0.29167848532522805,0.3062624095914894,2.506249039358885,250.6249039358885,0.30818848880016664,Value,High
2014-02-02,814.490870426651,-0.6367486952441193,-0.4457240866708834,0.26258714790917953,26.258714790917953,0.03223942188224034,Neutral,High
2014-02-03,806.997428372531,-0.18589650596373825,-0.13012755417461677,0.6767978397703812,67.67978397703813,0.08386617056949949,Neutral,High
2014-02-04,800.078231893629,-0.5300526774226847,-0.6360632129072216,0.2,20.0,0.02499755549237217,Neutral,Medium
2014-02-05,784.473692777791,0.08891127748088808,0.10669353297706569,1.3772387638350447,137.72387638350446,0.17556213503582196,Neutral,Medium
2014-02-06,763.569382232612,-0.40891259401787866,-0.4906951128214544,0.22944651231237898,22.9446512312379,0.03004920281657927,Neutral,Medium
2014-02-07,711.571273419053,-0.03989275990371845,-0.047871311884462135,0.8662221009836191,86.6222100983619,0.1217337086728472,Neutral,Medium
2014-02-08,677.682300941379,-0.35276725087425465,-0.4233207010491056,0.28084226461464284,28.084226461464283,0.041441581730040825,Neutral,Medium
2014-02-09,687.406054576271,0.07890829030664043,0.09468994836796851,1.328525718529223,132.8525718529223,0.1932665139745022,Neutral,Medium
2014-02-10,685.457498836938,-0.2242638813094223,-0.26911665757130676,0.4460385156576475,44.60385156576475,0.06507165162164993,Neutral,Medium
2014-02-11,671.89969169024,0.48570080538874466,0.8742614496997404,3.0,300.0,0.4464952190189519,Value,Medium
2014-02-12,653.765780911747,-0.20408456781731818,-0.2449014813807818,0.47964720056731863,47.96472005673186,0.07336682563874769,Neutral,Medium
2014-02-13,612.918414962011,0.1782540162792907,0.2139048195351488,1.8997351060899839,189.9735106089984,0.30994909921375596,Neutral,Medium
2014-02-14,668.788602659264,0.2419685563663726,0.2903622676396471,2.3895063653565853,238.95063653565853,0.35728873905077546,Neutral,Medium
2014-02-15,654.377060198714,-0.17287229045398048,-0.20744674854477657,0.5366869874181196,53.66869874181196,0.08201494521448298,Neutral,Medium
2014-02-16,623.250321948568,0.6296318461197508,1.1333373230155512,3.0,300.0,0.4813475251197009,Value,Medium
2014-02-17,631.334596306254,-0.3686753782866876,-0.4424104539440251,0.2652105177324907,26.52105177324907,0.042007917716557354,Neutral,Medium
2014-02-18,627.271761415484,-0.18188304265469177,-0.21825965118563012,0.5195568960986866,51.955689609868664,0.08282803850858343,Neutral,Medium
2014-02-19,623.54013694623,-0.368859290507824,-0.4426311486093888,0.2650349842084857,26.50349842084857,0.04250487955859377,Neutral,Medium
2014-02-20,563.768561098773,-0.23168631595961822,-0.16218042117173276,0.6147489760552017,61.47489760552018,0.10904279139955392,Neutral,High
2014-02-21,580.324315973115,0.22944803846003284,0.16061362692202297,1.6190521424679016,161.90521424679017,0.27899091902654455,Neutral,High
2014-02-22,607.12463333723,-0.064685675494418,-0.0452799728460926,0.8729823695975435,87.29823695975435,0.14378964740714806,Neutral,High
2014-02-23,610.082323746347,-0.2040790722062354,-0.14285535054436477,0.6514425602881135,65.14425602881136,0.10677945171198942,Neutral,High
2014-02-24,542.266650753945,0.002146523000696697,0.001502566100487688,1.004517873256249,100.45178732562489,0.18524426531847552,Neutral,High
2014-02-25,533.707644436002,0.39571164105674067,0.41549722310957765,3.0,300.0,0.5621054956352112,Value,High
2014-02-26,587.57858829924,0.1607068786782561,0.11249481507477925,1.4014178094827994,140.14178094827994,0.23850729713266716,Neutral,High
2014-02-27,585.393925650058,-0.13239063951193591,-0.09267344765835514,0.7572814160006759,75.72814160006759,0.12936270480766318,Neutral,High
2014-02-28,551.29477030976,0.40045757523928294,0.42048045400124706,3.0,300.0,0.5441734914906535,Value,High
2014-03-01,567.534235441262,0.422450787216076,0.4435733265768798,3.0,300.0,0.5286024723543732,Value,High
2014-03-02,558.527707156633,-0.2805332568474664,-0.19637327979322647,0.5548153965581913,55.481539655819134,0.09933533993911593,Neutral,High
2014-03-03,676.505732781999,-0.07294034694914972,-0.0510582428644048,0.8579797951109284,85.79797951109283,0.12682520687336268,Neutral,High
2014-03-04,674.51139943308,-0.19453756703400832,-0.1361762969238058,0.6646272706195682,66.46272706195681,0.09853462390378882,Neutral,High
2014-03-05,670.338851099514,-0.08183119031136216,-0.05728183321795351,0.8421092692918859,84.21092692918859,0.12562441635459853,Neutral,High
2014-03-06,667.712834003507,-0.0047922490403158186,-0.0033545743282210726,0.989986746828861,98.9986746828861,0.1482653464803196,Neutral,High
2014-03-07,631.770295213326,0.14875360684845018,0.10412752479391513,1.3666774488066422,136.66774488066423,0.2163250566165294,Neutral,High
2014-03-08,621.524114496201,-0.30527559553148786,-0.2136929168720415,0.5267239137113011,52.67239137113011,0.08474714036449837,Neutral,High
2014-03-09,640.578889322034,0.2976619602795003,0.2083633721956502,1.8684143249677305,186.84143249677305,0.2916759131642933,Neutral,High
2014-03-10,628.151241165985,0.0972696516679235,0.06808875616754645,1.226624721504784,122.66247215047841,0.19527537973624035,Neutral,High
2014-03-11,633.73383823495,0.3716828591222189,0.39026700207832976,3.0,300.0,0.473384853230416,Value,High
2014-03-12,634.646823717125,-0.3230797649778935,-0.22615583548452542,0.507393974845152,50.7393974845152,0.07994902926849089,Neutral,High
2014-03-13,643.432100859147,0.054911976944693006,0.0384383838612851,1.1222270534810546,112.22270534810545,0.17441266172181857,Neutral,High
2014-03-14,628.308590005845,0.25031830318546183,0.17522281222982328,1.6915891908344842,169.1589190834484,0.269229040911051,Neutral,High
2014-03-15,636.218650061368,0.024968010554569615,0.01747760738819873,1.0538317655636953,105.38317655636953,0.16563987325144358,Neutral,High
2014-03-16,634.168900970894,0.7401380207578252,1.5542898435914327,3.0,300.0,0.47306009414953776,Deep Value,High
2014-03-17,622.760208649912,0.4897462808664684,0.5142335949097918,3.0,300.0,0.4817263464060637,Value,High
2014-03-18,614.309513717125,0.17470981020814463,0.12229686714570123,1.4432400220941504,144.32400220941503,0.2349369478849921,Neutral,High
2014-03-19,610.511203474576,-0.6020688273983309,-0.25286890750729896,0.46831847024302276,46.83184702430228,0.07670923442153103,Elevated,High
2014-03-20,586.607595710111,0.3855781035174043,0.4048570086932745,3.0,300.0,0.5114151303084279,Value,High
2014-03-21,569.694517995324,-0.011695897936667088,-0.00818712855566696,0.975737790764878,97.5737790764878,0.1712738599273105,Neutral,High
2014-03-22,564.700026703682,-0.2644676258053585,-0.18512733806375092,0.5738529993290934,57.38529993290934,0.10162085570968359,Neutral,High
2014-03-23,558.958861691408,0.0722464181919358,0.05057249273435505,1.1638313822466206,116.38313822466206,0.20821413918098913,Neutral,High
2014-03-24,585.023250518995,0.7594225008730912,1.5947872518334913,3.0,300.0,0.5128001318475108,Deep Value,High
2014-03-25,583.771189094097,-0.2523627647912333,-0.1766539353538633,0.5886274512496421,58.86274512496421,0.10083187766821468,Neutral,High
2014-03-26,579.243850400994,-0.7332154319120743,-0.3079504814030712,0.3969871191810021,39.69871191810021,0.06853540506406398,Elevated,High
2014-03-27,483.164012612507,0.29940506060532285,0.20958354242372598,1.875266208612592,187.5266208612592,0.38812207856145486,Neutral,High
2014-03-28,498.661328949153,-0.1306859011611748,-0.09148013081282234,0.759997304484883,75.99973044848831,0.15240750793458413,Neutral,High
2014-03-29,489.517023547633,0.307179735320116,0.2150258147240812,1.9061346425755328,190.6134642575533,0.38939087935315786,Neutral,High
2014-03-30,458.966328275862,0.26563187751706724,0.18594231426194704,1.7468723192905051,174.6872319290505,0.38061012576951975,Neutral,High
2014-03-31,455.355354056108,-0.00027746658361667287,-0.000194226608531671,0.9994174898993279,99.94174898993279,0.21948078154719172,Neutral,High
2014-04-01,479.008465867913,0.22818892158205786,0.1597322451074405,1.6147767879427297,161.47767879427298,0.3371081939057014,Neutral,High
2014-04-02,439.011492524839,-0.0025414416052180824,-0.0017790091236526576,0.9946771892568661,99.46771892568661,0.226572016039099,Neutral,High
2014-04-03,449.441151519579,0.4579944409263607,0.4808941629726787,3.0,300.0,0.6674956198062586,Value,High
2014-04-04,449.719869736996,-0.04814424109169549,-0.03370096876418684,0.9038400172747547,90.38400172747546,0.20097844860698194,Neutral,High
2014-04-05,461.675331482174,0.5294212053549718,0.5558922656227204,3.0,300.0,0.6498072986418237,Value,High
2014-04-06,458.633480544535,-0.279257798078667,-0.1954804586550669,0.5563034412466673,55.63034412466673,0.12129586365700315,Neutral,High
2014-04-07,448.655275066394,-0.09120386600772104,-0.06384270620540472,0.8256964073396712,82.56964073396712,0.18403804729978512,Neutral,High
2014-04-08,452.803098796026,0.3146555293395454,0.22025887053768176,1.9362955002102207,193.62955002102206,0.4276241716010125,Neutral,High
2014-04-09,442.837984932203,0.07119538284274866,0.04983676798992406,1.161265436394305,116.1265436394305,0.26223257170951375,Neutral,High
2014-04-10,366.911866063413,0.22041743527466637,0.15429220469226645,1.5886373148410844,158.86373148410843,0.4329751806300322,Neutral,High
2014-04-11,421.943528071303,-0.5550061507031228,-0.23310258329531156,0.4969291840364391,49.69291840364391,0.11777149096418052,Elevated,High
2014-04-12,424.274212647575,0.27859123376619044,0.1950138636363333,1.795065642499152,179.50656424991521,0.4230909136092677,Neutral,High
2014-04-13,416.362321654004,-0.6187400696450568,-0.25987082925092386,0.4585836836716931,45.85836836716931,0.11014053381438654,Elevated,High
2014-04-14,461.108246586649,-0.010527055122710557,-0.00736893858589739,0.9781357491597673,97.81357491597673,0.21212714289983128,Neutral,High
2014-04-15,521.615299606078,0.3298710231439676,0.2309097162007773,1.9991641108111429,199.9164110811143,0.3832640860651335,Neutral,High
2014-04-16,531.481846731999,-0.5476911986943609,-0.23003030345163153,0.5015304726802333,50.15304726802333,0.09436455370283442,Elevated,High
2014-04-17,499.837551544721,0.22982034932276132,0.1608742445259329,1.6203184979251053,162.03184979251054,0.32416902109847456,Neutral,High
2014-04-18,483.020013533606,1.064601970961759,2.235664139019694,3.0,300.0,0.6210922769127196,Deep Value,High
2014-04-19,504.365595178488,0.7358681183777542,0.7726615242966419,3.0,300.0,0.594806630087118,Value,High
2014-04-20,501.55718444916,-0.417471414437483,-0.29222999010623807,0.4161581301819566,41.61581301819566,0.08297321683050085,Neutral,High
2014-04-21,498.084530300994,0.230814386833875,0.1615700707837125,1.6237044111770642,162.37044111770643,0.32598972913209223,Neutral,High
2014-04-22,489.503510029223,-0.4321238009346293,-0.3024866606542405,0.4035479424042933,40.35479424042933,0.08244025510260422,Neutral,High
2014-04-23,490.63296754332,0.4393994707899528,0.46136944432945043,3.0,300.0,0.6114550383806236,Value,High
2014-04-24,503.291801028638,-0.8285316667367892,-0.17399165001472572,0.5933475582670129,59.33475582670129,0.11789334875996729,Extreme,High
2014-04-25,466.426171344243,-0.20659821400590977,-0.14461874980413683,0.6480053999474082,64.80053999474083,0.13892989711101605,Neutral,High
2014-04-26,459.22670981882,-0.32229490542966793,-0.22560643380076753,0.5082309537244092,50.82309537244092,0.11067103521154573,Neutral,High
2014-04-27,438.709363717287,0.2036545156054539,0.1425581609238177,1.5336867582399123,153.36867582399123,0.3495906139874987,Neutral,High
2014-04-28,441.547805468089,-0.29746961395162935,-0.20822872976614054,0.5354294256416704,53.54294256416704,0.12126193789459708,Neutral,High
2014-04-29,447.709930772047,-0.30250989068101314,-0.21175692347670919,0.5297920168822445,52.97920168822445,0.11833376489296367,Neutral,High
2014-04-30,448.875715514009,-0.04255372711222358,-0.029787608978556503,0.9145137031677832,91.45137031677832,0.20373427912458367,Neutral,High
2014-05-01,460.194698255991,0.11810212420096995,0.08267148694067897,1.281478463292035,128.1478463292035,0.2784644125950341,Neutral,High
2014-05-02,452.239779761701,0.28042437962918887,0.1962970657404322,1.8019892565713673,180.19892565713673,0.39845881260619986,Neutral,High
2014-05-03,438.978588005844,-0.04615890528683128,-0.03231123370078189,0.9076161780906841,90.76161780906841,0.2067563664582659,Neutral,High
2014-05-04,436.675398644705,0.24373443938155115,0.17061410756708578,1.6683620265813834,166.83620265813835,0.38205999966094345,Neutral,High
2014-05-05,432.338179035394,-0.07574927457991232,-0.05302449220593862,0.852933685984193,85.29336859841929,0.19728391507944207,Neutral,High
2014-05-06,430.128205394506,0.30243536686017886,0.2117047568021252,1.88723778456626,188.723778456626,0.4387616903279614,Neutral,High
2014-05-07,442.18287609585,0.372333327614499,0.26063332933014927,2.185620976606729,218.5620976606729,0.49427987711875154,Neutral,High
2014-05-08,440.402762711864,0.004968071352981655,0.0034776499470871585,1.0104875628220487,101.04875628220486,0.229446236122539,Neutral,High
2014-05-09,452.697999723553,0.5254654813533398,0.5517387554210067,3.0,300.0,0.6626934516679986,Value,High
2014-05-10,456.75584628872,-0.3850799721753046,-0.2695559805227132,0.44545103800988917,44.54510380098892,0.09752497786931774,Neutral,High
2014-05-11,439.114476037405,-0.399825597022004,-0.2798779179154028,0.4318686647485732,43.186866474857325,0.09834990379861344,Neutral,High
2014-05-12,441.280955581531,0.5206523414500273,0.5466849585225286,3.0,300.0,0.6798389919289686,Value,High
2014-05-13,439.005774985389,0.1427784487454695,0.09994491412182864,1.3496357515338997,134.96357515338997,0.30743006776592363,Neutral,High
2014-05-14,444.848205727645,0.0971021933445527,0.11652263201346323,1.4184544963472459,141.8454496347246,0.3188625868518584,Neutral,Medium
2014-05-15,446.96155873758,1.0724683111591502,2.5,3.0,300.0,0.671198661574688,Deep Value,Medium
2014-05-16,448.74215371128,-0.043943005716830956,-0.05273160686019714,0.8536834506611278,85.36834506611278,0.19023919273035053,Neutral,Medium
2014-05-17,449.2222893045,-0.7183977594368561,-0.4310386556621137,0.2744143833668887,27.441438336688872,0.061086546660840374,Elevated,Low
2014-05-18,446.962641437756,0.05474899824004801,0.05474899824004801,1.1785053637500094,117.85053637500094,0.26366976890038984,Neutral,Low
2014-05-19,447.404856808884,-0.29210345939682136,-0.29210345939682136,0.4163161305182257,41.63161305182257,0.0930513212323177,Neutral,Low
2014-05-20,490.335648158971,-0.1671955474203131,-0.2006346569043757,0.547767708930615,54.776770893061496,0.11171280550114601,Neutral,Medium
2014-05-21,493.933491817651,0.374123691984329,0.44894843038119475,3.0,300.0,0.6073692206940954,Neutral,Medium
2014-05-22,526.81428842782,0.4578214843019261,0.8240786717434669,3.0,300.0,0.5694606364897479,Value,Medium
2014-05-23,523.699320280538,0.0038554474102654238,0.004626536892318509,1.0139763796601886,101.39763796601886,0.19361804386475362,Neutral,Medium
2014-05-24,527.691243132671,0.5094981953086636,0.9170967515555943,3.0,300.0,0.568514266446856,Value,Medium
2014-05-25,573.312458796026,-0.0814477638406261,-0.09773731660875132,0.7458640381896104,74.58640381896105,0.13009730152314292,Neutral,Medium
2014-05-26,584.847974868498,0.306756669400766,0.3681080032809192,3.0,300.0,0.5129538151644527,Neutral,Medium
2014-05-27,573.928269245471,-0.36352588732265445,-0.4362310647871853,0.27017288924751065,27.017288924751064,0.04707433031704469,Neutral,Medium
2014-05-28,579.189318819404,-0.003932925767619472,-0.004719510921143366,0.9859412278851193,98.59412278851192,0.170227798726472,Neutral,Medium
2014-05-29,570.349310929281,0.22491724557695175,0.26990069469234207,2.247238398839252,224.72383988392522,0.3940108904800435,Neutral,Medium
2014-05-30,620.846360607832,-0.11387612849579079,-0.13665135419494895,0.6636807372136198,66.36807372136198,0.10689935213018746,Neutral,Medium
2014-05-31,627.892420689655,-0.12207459535922957,-0.14648951443107547,0.6443787895274771,64.43787895274771,0.10262566775686098,Neutral,Medium
2014-06-01,630.074953535944,0.2462296415168716,0.2954755698202459,2.426443753405498,242.6443753405498,0.38510398481774855,Neutral,Medium
2014-06-02,663.505723845704,-0.19303880440150414,-0.23164656528180497,0.4991045451552798,49.91045451552798,0.07522234205644093,Neutral,Medium
2014-06-03,672.387897136178,-0.033073864171326864,-0.039688637005592234,0.8877492863754921,88.77492863754921,0.1320293375530073,Neutral,Medium
2014-06-04,643.887368790181,0.3199375557196791,0.3839250668636149,3.0,300.0,0.465919995547791,Neutral,Medium
2014-06-05,661.503558153127,0.43506759303072884,0.7831216674553119,3.0,300.0,0.45351229982432695,Value,Medium
2014-06-06,650.133315897136,-0.27475894623974884,-0.3297107354876986,0.37189928282427503,37.1899282824275,0.05720354175529083,Neutral,Medium
2014-06-07,656.800271770894,0.31210999490645774,0.37453199388774927,3.0,300.0,0.45675985972284494,Neutral,Medium
2014-06-08,657.819974868498,0.02822864315263956,0.03387437178316747,1.1069661945328486,110.69661945328487,0.16827798437621747,Neutral,Medium
2014-06-09,648.336322326125,0.23020149349654934,0.2762417921958592,2.290397484651599,229.03974846515987,0.3532730476111574,Neutral,Medium
2014-06-10,650.936609585038,-0.1285028094286064,-0.15420337131432768,0.6296380717635297,62.96380717635297,0.09672801659825435,Neutral,Medium
2014-06-11,631.489022209235,1.0321787047713264,2.5,3.0,300.0,0.47506764084427616,Deep Value,Medium
2014-06-12,591.975077147867,0.47053448934655645,0.8469620808238016,3.0,300.0,0.5067780918166328,Value,Medium
2014-06-13,597.044999707773,-0.06859415294581368,-0.08231298353497642,0.7811883831538782,78.11883831538782,0.1308424630532431,Neutral,Medium
2014-06-14,575.559461718293,0.6530241546275575,1.1754434783296035,3.0,300.0,0.5212319837543296,Value,Medium
2014-06-15,589.724646405611,0.05726690227779511,0.06872028273335412,1.2289508626325873,122.89508626325873,0.20839401407471755,Neutral,Medium
2014-06-16,590.567482174167,0.5295176047009383,0.9531316884616889,3.0,300.0,0.5079859779877376,Value,Medium
2014-06-17,609.080002922268,0.039236034850475686,0.047083241820570824,1.1517122239426143,115.17122239426143,0.1890904673305451,Neutral,Medium
2014-06-18,607.629796025716,0.1989626523057256,0.23875518276687072,2.0467753369286807,204.67753369286808,0.33684578180923463,Neutral,Medium
2014-06-19,595.751476914085,-0.016475695879790503,-0.019770835055748604,0.942412214447872,94.2412214447872,0.15818881714392796,Neutral,Medium
2014-06-20,591.531522793688,-0.2737357528388476,-0.3284829034066171,0.37327169852770653,37.32716985277065,0.06310258779867167,Neutral,Medium
2014-06-21,592.764349503215,-0.08727289708188883,-0.1047274764982666,0.7303857720974637,73.03857720974636,0.12321688588552712,Neutral,Medium
2014-06-22,599.634633547633,0.4181126388992512,0.7526027500186522,3.0,300.0,0.5003046575630609,Value,Medium
2014-06-23,589.552299824664,0.2216258050167485,0.2659509660200982,2.220767591502338,222.0767591502338,0.3766871221031291,Neutral,Medium
2014-06-24,579.973718585622,0.2629879344584506,0.3155855213501407,2.5773366616327364,257.73366616327365,0.4443885264177263,Neutral,Medium
2014-06-25,562.236779953244,-0.29957295206944057,-0.35948754248332865,0.3401180120093618,34.01180120093618,0.06049373220258666,Neutral,Medium
2014-06-26,580.749230274693,-0.04351098355158231,-0.05221318026189877,0.8550122003040713,85.50122003040713,0.14722571391091685,Neutral,Medium
2014-06-27,600.638305376973,0.6889201968563997,1.2400563543415195,3.0,300.0,0.4994686441313692,Value,Medium
2014-06-28,594.390304208065,-0.44424845346508646,-0.5330981441581037,0.20203901988774436,20.203901988774437,0.03399096830102751,Neutral,Medium
2014-06-29,600.840518410286,-0.07191852679827296,-0.07191852679827296,0.8059322634474986,80.59322634474985,0.13413414021741538,Neutral,Low
2014-06-30,638.94611396844,-0.2629276500647463,-0.3155131800776955,0.38808164344935553,38.808164344935555,0.060737773493763574,Neutral,Medium
2014-07-01,642.95659672706,0.2830804807004023,0.33969657684048277,2.770671557985503,277.0671557985503,0.4309266865118851,Neutral,Medium
2014-07-02,651.298347749854,-0.20413226813463872,-0.24495872176156647,0.47956484207366,47.956484207366,0.07363212938133352,Neutral,Medium
2014-07-03,646.413389130333,-0.04394126125023459,-0.05272951350028151,0.853688811878111,85.3688811878111,0.1320654593845342,Neutral,Medium
2014-07-04,630.635502922268,-0.2062606711869993,-0.2062606711869993,0.5386000458045067,53.86000458045067,0.08540591884039464,Neutral,Low
2014-07-05,630.468341905318,-0.1639144834754269,-0.1639144834754269,0.6115592409709986,61.155924097099856,0.09700078502321388,Neutral,Low
2014-07-06,634.67267445938,0.5623093197873964,0.8434639796810945,3.0,300.0,0.4726846011694812,Value,Low
2014-07-07,622.854978959673,0.019047462979373004,0.019047462979373004,1.0588065620046019,105.8806562004602,0.1699924697998047,Neutral,Low
2014-07-08,624.894331092928,0.33900239575212004,0.33900239575212004,2.764907518606556,276.49075186065556,0.44246000980210304,Neutral,Low
2014-07-09,621.939091759205,-0.6668404596086576,-0.40010427576519453,0.30110000487747834,30.110000487747833,0.048413101679425335,Elevated,Low
2014-07-10,616.522849795441,0.24243660351960647,0.24243660351960647,2.069505749807802,206.9505749807802,0.33567381168345234,Neutral,Low
2014-07-11,634.494378141438,0.15152669040068256,0.15152669040068256,1.5755116413917998,157.55116413917997,0.24830978739430143,Neutral,Low
2014-07-12,636.923957934541,0.03298592192695313,0.03298592192695313,1.1040196711655044,110.40196711655044,0.17333618203744322,Neutral,Low
2014-07-13,629.87575043834,-0.1670546756002266,-0.1670546756002266,0.6058250525218067,60.582505252180674,0.09618167584641955,Neutral,Low
2014-07-14,619.197459088252,-0.5328121711601777,-0.31968730269610657,0.3832522432231958,38.32522432231958,0.06189499611117949,Elevated,Low
2014-07-15,621.934601402689,0.3615338291612343,0.3615338291612343,2.9582606798968945,295.8260679896894,0.47565462240321393,Neutral,Low
2014-07-16,616.351882232612,-0.13215768978666204,-0.13215768978666204,0.6726883923862378,67.26883923862378,0.10914031607229917,Neutral,Low
2014-07-17,624.259274985389,0.24909704945296618,0.24909704945296618,2.1112731377779537,211.12731377779537,0.3382045285314133,Neutral,Low
2014-07-18,630.750140268849,-0.435152013185641,-0.435152013185641,0.2710488978367397,27.10488978367397,0.04297246731030589,Neutral,Low
2014-07-19,629.17336440678,0.10346615326819825,0.10346615326819825,1.3639684924867617,136.39684924867618,0.21678738637844083,Neutral,Low
2014-07-20,625.248676212741,0.5095057331730739,0.7642585997596109,3.0,300.0,0.47980909262721083,Value,Low
2014-07-21,621.305331385155,-0.9281233234404371,-0.27843699703213115,0.43373957131132357,43.37395713113236,0.06981101712813775,Extreme,Low
2014-07-22,619.823264465225,0.5027423642207054,0.7541135463310581,3.0,300.0,0.48400893802983647,Value,Low
2014-07-23,619.772816773817,0.047235938594920875,0.047235938594920875,1.1522399330273252,115.22399330273252,0.18591327367747873,Neutral,Low
2014-07-24,602.87964552893,-0.3036633886445119,-0.3036633886445119,0.4021258555175894,40.21258555175894,0.06670085123951872,Neutral,Low
2014-07-25,601.578514319112,-0.006586732782183226,-0.006586732782183226,0.9804337547546575,98.04337547546575,0.16297685695513037,Neutral,Low
2014-07-26,594.702607247224,-0.02028371517079853,-0.02028371517079853,0.9409632959610301,94.09632959610302,0.1582241753263177,Neutral,Low
2014-07-27,591.575444184687,0.45216950202839007,0.6782542530425851,3.0,300.0,0.5071204407638351,Value,Low
2014-07-28,587.493004967855,-0.1288603464510506,-0.1288603464510506,0.6793756669791192,67.93756669791192,0.11563978825863495,Neutral,Low
2014-07-29,584.11239333723,0.14194256428353105,0.14194256428353105,1.5308569748050807,153.08569748050806,0.2620826046950967,Neutral,Low
2014-07-30,562.914625073057,0.15108776472767618,0.15108776472767618,1.5734384091610614,157.34384091610613,0.2795163492078137,Neutral,Low
2014-07-31,581.975561952075,0.028087641980197357,0.028087641980197357,1.087914897255961,108.7914897255961,0.1869348076415534,Neutral,Low
2014-08-01,596.506759205143,0.14585755389436822,0.14585755389436822,1.5489428433392696,154.89428433392695,0.25966895084361935,Neutral,Low
2014-08-02,589.757261542957,-0.4742525566151648,-0.4742525566151648,0.24104836768362878,24.104836768362876,0.04087247133727257,Neutral,Low
2014-08-03,586.753736703682,-0.06320852093470394,-0.06320852093470394,0.8272688361809905,82.72688361809905,0.14099080831227356,Neutral,Low
2014-08-04,587.60833547633,0.13598884947056572,0.13598884947056572,1.5037568572734468,150.3756857273447,0.2559114237299687,Neutral,Low
2014-08-05,581.881988603156,-0.3022706636115408,-0.3022706636115408,0.4038095226324146,40.38095226324146,0.06939715106181317,Neutral,Low
2014-08-06,582.248371420222,0.012087589363838303,0.012087589363838303,1.0369282823614232,103.69282823614232,0.17809037058053842,Neutral,Low
2014-08-07,586.046633547633,0.7501379932901578,2.2504139798704736,3.0,300.0,0.5119046554093318,Deep Value,Low
2014-08-08,589.024412624196,0.6036139385679494,0.9054209078519242,3.0,300.0,0.5093167508345758,Value,Low
2014-08-09,588.978521332554,-0.34981420781922223,-0.34981420781922223,0.3501328505712244,35.01328505712244,0.059447473530792716,Neutral,Low
2014-08-10,589.373502045587,0.11527657369567822,0.11527657369567822,1.4131619636462498,141.31619636462497,0.23977358309144753,Neutral,Low
2014-08-11,573.441483927528,-0.44959518739759785,-0.44959518739759785,0.2595552830684221,25.95552830684221,0.04526273217813187,Neutral,Low
2014-08-12,568.307520163647,-0.06734697888003094,-0.06734697888003094,0.8170614795058878,81.70614795058879,0.14377101314278065,Neutral,Low
2014-08-13,548.370175336061,0.08784661987667808,0.08784661987667808,1.3015291723790192,130.15291723790193,0.23734499630316241,Neutral,Low
2014-08-14,505.107499707773,-0.567327796685979,-0.3403966780115874,0.3601660751541063,36.016607515410634,0.07130483617100881,Elevated,Low
2014-08-15,500.323060132671,-0.0033735558693593487,-0.0033735558693593487,0.9899303740114568,98.99303740114568,0.19785823458725973,Neutral,Low
2014-08-16,521.7479628872,0.3911764881777655,0.3911764881777655,3.0,300.0,0.5749902660661829,Neutral,Low
2014-08-17,497.764658971362,0.03850524150758025,0.03850524150758025,1.122452164434096,112.24521644340959,0.2254985652765425,Neutral,Low
2014-08-18,468.957918176505,-0.10066790193569611,-0.10066790193569611,0.7393353250503669,73.9335325050367,0.1576549401117262,Neutral,Low
2014-08-19,486.794350672122,0.4008077354759014,0.4809692825710817,3.0,300.0,0.6162766671096057,Neutral,Medium
2014-08-20,515.120353886616,-0.07932393686861061,-0.09518872424233273,0.7515886048651994,75.15886048651994,0.14590543728167898,Neutral,Medium
2014-08-21,519.307852133255,-0.19063737486669444,-0.2287648498400333,0.5034380820197701,50.34380820197701,0.09694405350346741,Neutral,Medium
2014-08-22,516.159368790181,-0.3352156076294497,-0.4022587291553396,0.2991601628007179,29.916016280071787,0.05795887489205424,Neutral,Medium
2014-08-23,497.12575949737,-0.3453456030994877,-0.4144147237193852,0.2884469271934435,28.84469271934435,0.058022929144746827,Neutral,Medium
2014-08-24,508.430741963764,0.38794212241118015,0.46553054689341616,3.0,300.0,0.5900508667931434,Neutral,Medium
2014-08-25,501.610286674459,0.26025072612619565,0.31230087135143475,2.552064435168578,255.2064435168578,0.5087743419474264,Neutral,Medium
2014-08-26,511.852321741672,0.05130715401580604,0.061568584818967244,1.2028644505467965,120.28644505467965,0.23500224565824537,Neutral,Medium
2014-08-27,510.162323787259,-0.17021962576190036,-0.20426355091428042,0.5418366792530577,54.18366792530577,0.10620868182320085,Neutral,Medium
2014-08-28,506.285151665693,-0.2650134522591169,-0.31801614271094025,0.3851784952407442,38.51784952407442,0.07607935843535914,Neutral,Medium
2014-08-29,508.866571887785,0.011797185764026843,0.014156622916832211,1.0433846174177976,104.33846174177977,0.2050409036590999,Neutral,Medium
2014-08-30,501.275723261251,0.0818089756678608,0.09817077080143295,1.3424714923197676,134.24714923197675,0.2678109930370812,Neutral,Medium
2014-08-31,478.511425482174,0.056756740227120815,0.06810808827254497,1.2266958632814742,122.66958632814742,0.25635665063700186,Neutral,Medium
2014-09-01,474.541489772063,0.24344908422686887,0.2921389010722426,2.402276196778752,240.2276196778752,0.5062310142644513,Neutral,Medium
2014-09-02,474.430670660433,0.23114417366223977,0.2773730083946877,2.2981834928761993,229.81834928761992,0.48440871027098736,Neutral,Medium
2014-09-03,473.95920338983,0.3143220544556794,0.37718646534681527,3.0,300.0,0.6329658710166473,Neutral,Medium
2014-09-04,489.555201344243,0.1503008832698986,0.18036105992387833,1.717866613146441,171.7866613146441,0.3509035566223062,Neutral,Medium
2014-09-05,478.749782875511,0.25491387691884265,0.30589665230261115,2.5035005110143995,250.35005110143996,0.5229246258823648,Neutral,Medium
2014-09-06,480.64249181765,-0.39328418921903757,-0.4719410270628451,0.24272574821004195,24.272574821004195,0.05050026835790648,Neutral,Medium
2014-09-07,478.36550087668,-0.2541012105443934,-0.30492145265327203,0.4006110157663695,40.06110157663695,0.08374580002784206,Neutral,Medium
2014-09-08,468.975495908825,-0.18275098857484864,-0.21930118628981837,0.517936019479544,51.79360194795441,0.11043988950336067,Neutral,Medium
2014-09-09,473.51202717709,0.013600115048693448,0.016320138058432136,1.05017877772418,105.017877772418,0.22178502708473358,Neutral,Medium
2014-09-10,477.778417592051,0.16496719073103935,0.19796062887724722,1.8110049037065117,181.10049037065116,0.37904703038571114,Neutral,Medium
2014-09-11,477.270682057276,-0.10143025324440388,-0.12171630389328465,0.6940932845849628,69.40932845849628,0.14542969234839076,Neutral,Medium
2014-09-12,473.997282291058,0.3491551208081171,0.4189861449697405,3.0,300.0,0.6329150212633181,Neutral,Medium
2014-09-13,477.960973991818,-0.10231720882650097,-0.12278065059180115,0.6918805514500356,69.18805514500356,0.14475670381027378,Neutral,Medium
2014-09-14,475.648063997662,0.40758578148798774,0.4891029377855853,3.0,300.0,0.6307184296696193,Neutral,Medium
2014-09-15,472.655629748685,0.13451690196439808,0.13451690196439808,1.4971311436262242,149.71311436262243,0.3167488229056452,Neutral,Low
2014-09-16,464.177754529515,0.4041720341462697,0.4041720341462697,3.0,300.0,0.6463041304167546,Neutral,Low
2014-09-17,456.339891291642,0.16986535643809803,0.16986535643809803,1.6646186685677764,166.46186685677765,0.36477605844542227,Neutral,Low
2014-09-18,426.880106954997,0.7480128861268807,1.122019329190321,3.0,300.0,0.702773437113168,Value,Low
2014-09-19,393.893890707189,0.2798325594501167,0.2798325594501167,2.3152037076922047,231.52037076922048,0.5877734492239867,Neutral,Low
2014-09-20,411.041342781999,0.2409111564363846,0.2409111564363846,2.0600566229839687,206.00566229839689,0.5011799078509108,Neutral,Low
2014-09-21,400.404530683811,-0.35087620241317485,-0.4210514428958098,0.28276069813302684,28.276069813302684,0.07061875589922222,Neutral,Medium
2014-09-22,400.881622150789,-0.6583871127690701,-0.39503226766144206,0.30571658378858957,30.571658378858956,0.07626106234263746,Elevated,Low
2014-09-23,438.491800993571,-0.14877988022863972,-0.17853585627436766,0.5853135638185084,58.53135638185084,0.13348335419094645,Neutral,Medium
2014-09-24,423.700091759205,-0.02661049538583804,-0.03193259446300565,0.908647741158742,90.8647741158742,0.21445540344020975,Neutral,Medium
2014-09-25,409.537749853887,0.17004413153311154,0.20405295783973385,1.8444089493618245,184.44089493618245,0.4503635989648974,Neutral,Medium
2014-09-26,405.298251899474,-0.5210926894763351,-0.3751867364229613,0.3244706449710181,32.447064497101806,0.08005725251721452,Elevated,Medium
2014-09-27,400.599334599649,0.09596451665977038,0.11515741999172445,1.412656903474548,141.2656903474548,0.3526358586906614,Neutral,Medium
2014-09-28,375.549989772063,0.2624811042989891,0.3149773251587869,2.572638370136336,257.2638370136336,0.685032203488483,Neutral,Medium
2014-09-29,373.0645578609,0.1903155558197345,0.2283786669836814,1.984041648740458,198.4041648740458,0.5318226046764333,Neutral,Medium
2014-09-30,389.264040411455,0.4869849148666167,0.87657284675991,3.0,300.0,0.7706851105046789,Value,Medium
2014-10-01,382.909365867914,0.3762367013861814,0.4514840416634177,3.0,300.0,0.7834752208789955,Neutral,Medium
2014-10-02,372.525699006429,0.14260729592286436,0.17112875510743722,1.6709398713316812,167.09398713316813,0.4485435168065665,Neutral,Medium
2014-10-03,357.665713617767,-0.22466743133288702,-0.2696009175994644,0.44539099025508405,44.539099025508406,0.12452716972783923,Neutral,Medium
2014-10-04,328.826113091759,0.33374137330890996,0.4004896479706919,3.0,300.0,0.9123363019417041,Neutral,Medium
2014-10-05,322.826261542957,0.19897164367306613,0.23876597240767936,2.046841589913048,204.6841589913048,0.6340381294043775,Neutral,Medium
2014-10-06,326.803532729398,0.4319196848983766,0.5183036218780519,3.0,300.0,0.9179827326053049,Neutral,Medium
2014-10-07,333.570194915254,0.1642121140823497,0.19705453689881963,1.8060887773791465,180.60887773791464,0.5414418928639583,Neutral,Medium
2014-10-08,354.407334307423,-0.08363490292280047,-0.10036188350736057,0.740014387413623,74.0014387413623,0.20880335020711324,Neutral,Medium
2014-10-09,361.716424897721,-0.1954232140400909,-0.23450785684810904,0.49483862951440055,49.48386295144005,0.13680291948432288,Neutral,Medium
2014-10-10,358.890390810053,-0.27538796559149586,-0.33046555870979505,0.37105808097689913,37.105808097689916,0.10339036387666507,Neutral,Medium
2014-10-11,361.908376972531,0.21405099014260065,0.25686118817112075,2.161026984550871,216.1026984550871,0.5971199126774824,Neutral,Medium
2014-10-12,377.871243717124,0.27944784325774386,0.1956134902804207,1.7982976561912647,179.82976561912648,0.47590222492227485,Neutral,High
2014-10-13,391.994208942139,0.02900434672816317,0.020303042709714218,1.0628023309627463,106.28023309627463,0.2711270490017936,Neutral,High
2014-10-14,400.880592054354,0.0246296143880712,0.017240730071649838,1.0530831450698581,105.30831450698581,0.262692474004098,Neutral,High
2014-10-15,394.625879894798,0.24574931304031125,0.17202451912821787,1.6754362135710907,167.54362135710906,0.42456318729469533,Neutral,High
2014-10-16,382.321476329632,0.2632022500415814,0.18424157502910696,1.7379820956405048,173.79820956405047,0.45458657262090135,Neutral,High
2014-10-17,382.200789596727,-0.04235335791236386,-0.0296473505386547,0.9148985889331454,91.48985889331453,0.23937642564749428,Neutral,High
2014-10-18,391.293177089421,0.6717643105550738,0.7053525260828275,3.0,300.0,0.7666885536607297,Value,High
2014-10-19,388.684497954413,-0.03092947534858824,-0.037115370418305885,0.8946290541530801,89.46290541530801,0.23016844223563734,Neutral,Medium
2014-10-20,381.190858562244,0.2231142947673671,0.2677371537208405,2.2326996555843213,223.26996555843212,0.5857169985674637,Neutral,Medium
2014-10-21,385.204633541204,0.08467034279792965,0.10160441135751558,1.3563716553384237,135.63716553384236,0.3521171702607096,Neutral,Medium
2014-10-22,380.778763296318,-0.2955696309494189,-0.35468355713930266,0.3450552701606,34.50552701606,0.09061830737973212,Neutral,Medium
2014-10-23,357.344793103448,0.20920517744160083,0.25104621292992096,2.1236549532406888,212.3654953240689,0.594287364535884,Neutral,Medium
2014-10-24,357.48843395675,0.7041990723253766,1.2675583301856777,3.0,300.0,0.8391879890477656,Value,Medium
2014-10-25,345.811246639392,0.23787864783246257,0.2854543773989551,2.3545818002718266,235.45818002718266,0.6808864151046995,Neutral,Medium
2014-10-26,353.081956165985,-0.2895241922213174,-0.3474290306655809,0.3526472223036894,35.26472223036894,0.0998768745174587,Neutral,Medium
2014-10-27,350.015711864407,0.1606735547878435,0.1928082657454122,1.7832272727309775,178.32272727309774,0.5094706358272807,Neutral,Medium
2014-10-28,354.653805084746,0.341698025184063,0.4100376302208756,3.0,300.0,0.845895337083198,Neutral,Medium
2014-10-29,333.599350087668,-0.3617842191567675,-0.434141062988121,0.2718721964869854,27.18721964869854,0.08149662054663445,Neutral,Medium
2014-10-30,344.609382232613,0.8279651046553553,2.5,3.0,300.0,0.8705508772175523,Deep Value,Medium
2014-10-31,337.182912624196,0.2949939497134581,0.3539927396561497,2.892086514525244,289.2086514525244,0.8577203666748652,Neutral,Medium
2014-11-01,324.371315020456,0.04836216490649819,0.05803459788779782,1.1901790924577111,119.01790924577111,0.36691872472837317,Neutral,Medium
2014-11-02,324.248566627703,-0.26648083116767945,-0.31977699740121535,0.38314913000606776,38.31491300060678,0.118165250193995,Neutral,Medium
2014-11-03,325.361865575687,0.20565581295556085,0.246786975546673,2.0966921299904384,209.66921299904385,0.6444185234433067,Neutral,Medium
2014-11-04,329.657703974284,-0.231350967454856,-0.2776211609458272,0.43480245266919465,43.48024526691947,0.13189512862199418,Neutral,Medium
2014-11-05,338.805765341905,0.36457204438178753,0.437486453258145,3.0,300.0,0.8854630903262692,Neutral,Medium
2014-11-06,349.689911747516,-0.15835647348142148,-0.19002776817770578,0.5654783298291187,56.54783298291187,0.16170850540218237,Neutral,Medium
2014-11-07,342.133288135593,0.6806198559272065,1.2251157406689717,3.0,300.0,0.8768512460006672,Value,Medium
2014-11-08,345.716332554062,-0.2491723106254347,-0.2990067727505216,0.4077829145942103,40.77829145942103,0.11795303727238357,Neutral,Medium
2014-11-09,363.610051724138,0.787700131938105,1.417860237488589,3.0,300.0,0.8250596994705819,Value,Medium
2014-11-10,365.502253945061,-0.30094542340570896,-0.3611345080868507,0.338441668738473,33.8441668738473,0.09259632877376031,Neutral,Medium
2014-11-11,367.825466978375,-0.2754961104919985,-0.3305953325903982,0.37091364815284295,37.091364815284294,0.10083957785735632,Neutral,Medium
2014-11-12,422.591419637639,0.851283569826684,2.5,3.0,300.0,0.7099055637647402,Deep Value,Medium
2014-11-13,421.914471654004,0.1573621295168645,0.18883455542023742,1.7620953950539895,176.20953950539894,0.41764279574155416,Neutral,Medium
2014-11-14,398.388882817066,0.32944613004529427,0.3953353560543531,3.0,300.0,0.7530330612607866,Neutral,Medium
2014-11-15,377.993840736411,-0.4031640365223546,-0.48379684382682553,0.23424433739869102,23.4244337398691,0.061970411195678234,Neutral,Medium
2014-11-16,390.205823495032,0.09530425422490177,0.06671297795743124,1.2215724641636743,122.15724641636743,0.31305849134238434,Neutral,High
2014-11-17,387.501031560491,0.0644277788937243,0.07731333467246915,1.2610440689806977,126.10440689806977,0.3254298611547933,Neutral,Medium
2014-11-18,373.864564582116,0.5840950806152874,0.6132998346460516,3.0,300.0,0.8024296186917915,Value,High
2014-11-19,377.613398012858,-0.1052897779782331,-0.07370284458476317,0.8016296716907773,80.16296716907773,0.21228846113756833,Neutral,High
2014-11-20,356.181265341905,-0.036605092586763456,-0.02562356481073442,0.9260095840604735,92.60095840604735,0.2599826757231546,Neutral,High
2014-11-21,350.748858854471,-0.08390702597411762,-0.058734918181882326,0.8384462900710126,83.84462900710126,0.23904462378276528,Neutral,High
2014-11-22,352.455514611338,-0.058527796218013815,-0.04096945735260967,0.8843446895326685,88.43446895326686,0.25090959081966946,Neutral,High
2014-11-23,367.773242255991,-0.2324856382809088,-0.16273994679663614,0.6137179382204664,61.37179382204664,0.1668740048775174,Neutral,High
2014-11-24,376.994223845704,0.08554430020904819,0.05988101014633373,1.1967900692352693,119.67900692352693,0.31745581060284117,Neutral,High
2014-11-25,376.755630040912,0.6500561460605474,0.6825589533635747,3.0,300.0,0.7962721087072352,Value,High
2014-11-26,367.530208065459,0.37869811379956964,0.26508867965969873,2.2150302027985385,221.50302027985384,0.6026797673197056,Neutral,High
2014-11-27,369.530227352425,0.7092503154094753,0.7447128311799489,3.0,300.0,0.8118415701725172,Value,High
2014-11-28,377.896931911163,0.29378920999242075,0.3525470519909049,2.8795705140827663,287.95705140827664,0.7619989131744799,Neutral,Medium
2014-11-29,376.07633547633,0.7679599435323411,1.382327898358214,3.0,300.0,0.7977103893549341,Value,Medium
2014-11-30,378.690397136178,0.04788723791908994,0.057464685502907925,1.1881459376180872,118.81459376180872,0.313751271910607,Neutral,Medium
2014-12-01,379.111978959673,-0.679166822649737,-0.48900011230781065,0.23061621964238724,23.061621964238725,0.06083063380778016,Elevated,Medium
2014-12-02,382.946796317943,0.19478354076044485,0.2337402489125338,2.0162124905991035,201.62124905991035,0.5264993753662678,Neutral,Medium
2014-12-03,375.916019286967,0.3818829550546144,0.45825954606553726,3.0,300.0,0.7980505873866094,Neutral,Medium
2014-12-04,368.845568088837,-0.08185075305187328,-0.09822090366224794,0.7447827521455461,74.47827521455461,0.2019226518037392,Neutral,Medium
2014-12-05,378.428329631794,0.005159873359718181,0.006191848031661817,1.018749142744699,101.8749142744699,0.26920530599173936,Neutral,Medium
2014-12-06,375.13795119813,0.47128989644078434,0.8483218135934117,3.0,300.0,0.7997058123334322,Value,Medium
2014-12-07,376.639793103448,0.23703183952229404,0.28443820742675285,2.3474147642449545,234.74147642449546,0.623251925905825,Neutral,Medium
2014-12-08,363.215676797195,-0.3335047036545431,-0.4002056443854517,0.3010084525228262,30.10084525228262,0.0828731995207622,Neutral,Medium
2014-12-09,351.106837814144,0.2564278074031257,0.30771336888375084,2.517182213478834,251.71822134788343,0.7169277104227995,Neutral,Medium
2014-12-10,347.881393921683,-0.07174354057269183,-0.0860922486872302,0.7723814490023421,77.2381449002342,0.22202436304375187,Neutral,Medium
2014-12-11,348.593006136762,0.17770958393338745,0.21325150072006493,1.8960153544908562,189.60153544908562,0.543905161925997,Neutral,Medium
2014-12-12,353.190612507306,0.49967693271117797,0.8994184788801203,3.0,300.0,0.8493996991321344,Value,Medium
2014-12-13,349.242945061368,0.02687595387925898,0.032251144655110774,1.1015887257688726,110.15887257688726,0.3154218979499513,Neutral,Medium
2014-12-14,356.07972150789,0.6139750496205777,0.9209625744308665,3.0,300.0,0.8425079606600193,Value,Low
2014-12-15,347.095181472823,-0.43419014746358175,-0.26051408847814905,0.45769957245718007,45.769957245718004,0.13186572355024673,Elevated,Low
2014-12-16,328.613320280538,0.2364081231674387,0.2364081231674387,2.0324142446636535,203.24142446636534,0.6184820027771779,Neutral,Low
2014-12-17,320.297613383986,-0.15828064903774483,-0.15828064903774483,0.6219833549614067,62.198335496140665,0.19418919435273696,Neutral,Low
2014-12-18,313.511651179427,0.339475066744872,0.339475066744872,2.768830974449842,276.88309744498423,0.883166850110206,Neutral,Low
2014-12-19,318.242888661601,0.13057800554931842,0.13057800554931842,1.4795441249550338,147.9544124955034,0.4649103491918985,Neutral,Low
2014-12-20,330.065758328463,0.4969213623992925,0.7453820435989388,3.0,300.0,0.9089097927615283,Value,Low
2014-12-21,320.992670075979,-0.08486976079940174,-0.08486976079940174,0.7752193306339308,77.52193306339308,0.24150686383288325,Neutral,Low
2014-12-22,331.842584453536,0.23939055500244644,0.23939055500244644,2.0506804502117886,205.06804502117885,0.617967839657698,Neutral,Low
2014-12-23,336.084128579778,0.016035289811179736,0.016035289811179736,1.0492817363073723,104.92817363073723,0.3122080595538444,Neutral,Low
2014-12-24,323.032297779077,0.25725783977486105,0.25725783977486105,2.1636000396143227,216.36000396143226,0.6697782402842012,Neutral,Low
2014-12-25,318.996144360023,-0.4419969485051811,-0.26519816910310867,0.4513128463650608,45.13128463650608,0.1414790913133118,Elevated,Low
2014-12-26,329.210341905319,0.188612117969355,0.188612117969355,1.7609199192787004,176.09199192787003,0.5348920416920382,Neutral,Low
2014-12-27,315.968443892461,-0.4018374928015651,-0.4018374928015651,0.29953845318338546,29.953845318338544,0.09480011658548174,Neutral,Low
2014-12-28,317.010480420807,-0.2500029906171106,-0.2500029906171106,0.4723623147575407,47.23623147575407,0.1490052676272772,Neutral,Low
2014-12-29,313.065531560491,0.16555557178308877,0.16555557178308877,1.6432347625218644,164.32347625218645,0.5248852386690663,Neutral,Low
2014-12-30,310.442004091175,0.1592480776745033,0.1592480776745033,1.612433023519847,161.2433023519847,0.5193991155418146,Neutral,Low
2014-12-31,320.662287258913,0.1808385238066459,0.1808385238066459,1.7203290340905857,172.03290340905858,0.5364924727495431,Neutral,Low
2015-01-01,314.77647194623,-0.4235559456306868,-0.4235559456306868,0.28064413467327015,28.064413467327014,0.08915664278784143,Neutral,Low
2015-01-02,315.942731735827,-0.05034223965604987,-0.05034223965604987,0.8598247247228528,85.98247247228528,0.2721457524909256,Neutral,Low
2015-01-03,285.647309760374,0.15747636430219022,0.18897163716262827,1.7628201974005662,176.28201974005663,0.6171317345433339,Neutral,Medium
2015-01-04,263.334574810053,0.8736386514198674,2.5,3.0,300.0,1.1392351354408903,Deep Value,Medium
2015-01-05,275.003851548802,0.20866299028879823,0.25039558834655784,2.119513889614628,211.9513889614628,0.7707215290541124,Neutral,Medium
2015-01-06,287.549521040327,0.04856272718688546,0.05827527262426255,1.1910387408821215,119.10387408821215,0.4142029993905244,Neutral,Medium
2015-01-07,297.535565166569,-0.021674377553864428,-0.026009253064637312,0.9249387506330341,92.4938750633034,0.31086661862262643,Neutral,Medium
2015-01-08,284.342391876096,-0.062025810035511844,-0.07443097204261422,0.7998805170725884,79.98805170725885,0.2813089218934128,Neutral,Medium
2015-01-09,292.501114552893,-0.09994459693118182,-0.11993351631741818,0.6978154922232092,69.78154922232092,0.23856849000041097,Neutral,Medium
2015-01-10,276.230532144944,0.18100034151741276,0.2172004098208953,1.918610506399355,191.8610506399355,0.6945685878752244,Neutral,Medium
2015-01-11,268.755515488019,0.151545331355446,0.1818543976265352,1.7255799430998584,172.55799430998584,0.6420630810000192,Neutral,Medium
2015-01-12,268.617232028054,0.849969783373932,2.5,3.0,300.0,1.1168308069255528,Deep Value,Medium
2015-01-13,224.108117767388,0.09504555560777381,0.06653188892544167,1.2209090042728348,122.09090042728347,0.5447857116626501,Neutral,High
2015-01-14,175.637640561075,0.19470826725332,0.13629578707732398,1.505142173576823,150.5142173576823,0.8569587753334886,Neutral,High
2015-01-15,212.341011396844,-0.04571381320513708,-0.03199966924359596,0.9084649175100269,90.84649175100269,0.4278329991619929,Neutral,High
2015-01-16,207.595204850964,0.23118050034987928,0.16182635024491548,1.624953257470978,162.4953257470978,0.7827508629775716,Neutral,High
2015-01-17,199.824836645237,0.5436446958712529,0.5708269306648155,3.0,300.0,1.5013148767518372,Value,High
2015-01-18,211.132518410286,0.08579982556070204,0.06005987789249142,1.1974324429966998,119.74324429966998,0.5671473309809026,Neutral,High
2015-01-19,216.894694915254,0.3897825849081763,0.2728478094357234,2.267195099118972,226.71950991189723,1.0452976270373142,Neutral,High
2015-01-20,211.919853886616,-0.0503759845625592,-0.035263189193791435,0.8996139360954596,89.96139360954596,0.42450668004744013,Neutral,High
2015-01-21,227.904210403273,0.3061687082070576,0.21431809574494032,1.9020919127790437,190.20919127790435,0.8346014798995249,Neutral,High
2015-01-22,233.647382817066,-0.3138425011851457,-0.21968975082960196,0.5173326165262184,51.73326165262184,0.22141596892239257,Neutral,High
2015-01-23,233.132852425482,0.12135789091248611,0.08495052363874027,1.2902700930513527,129.02700930513527,0.5534484220595942,Neutral,High
2015-01-24,249.08212390415,-0.004657877955486105,-0.003260514568840273,0.9902661399920784,99.02661399920784,0.3975661217555482,Neutral,High
2015-01-25,254.51794126242,0.34901418244694926,0.24430992771286447,2.0811690584147855,208.11690584147854,0.81769051253994,Neutral,High
2015-01-26,273.952244886032,0.34587854907483395,0.24211498435238374,2.0675099346538,206.75099346538,0.7546972048044042,Neutral,High
2015-01-27,264.753804500292,-0.08025267887204104,-0.056176875210428724,0.8449053872618396,84.49053872618396,0.31912870481938915,Neutral,High
2015-01-28,235.735840444185,0.48976272835543416,0.5142508647732058,3.0,300.0,1.2726108997033516,Value,High
2015-01-29,233.957373465809,0.5597445599194449,0.5877317879154171,3.0,300.0,1.2822848690590323,Value,High
2015-01-30,228.896189947399,-0.11466318701073056,-0.08026423090751138,0.786004553963884,78.6004553963884,0.3433890944818741,Neutral,High
2015-01-31,217.332156049094,0.20586081248185112,0.14410256873729577,1.540809158773792,154.0809158773792,0.7089651098044288,Neutral,High
2015-02-01,227.111301285798,-0.30302411483557773,-0.2121168803849044,0.5292202187826738,52.92202187826738,0.23302240610065478,Neutral,High
2015-02-02,240.092419929866,0.4542474915366028,0.31797324407562194,2.595864838586247,259.58648385862466,1.081193999937412,Neutral,High
2015-02-03,227.775695791935,0.5860713738415015,0.6153749425335766,3.0,300.0,1.3170852094511407,Value,High
2015-02-04,226.781134132087,-0.26632301203404407,-0.18642610842383084,0.5716214397776346,57.162143977763456,0.25205863881282903,Neutral,High
2015-02-05,217.011151081239,-0.009396644067776537,-0.006577650847443575,0.9804604678246971,98.04604678246972,0.45180188342379596,Neutral,High
2015-02-06,222.724969316189,0.42381380524961054,0.29666966367472736,2.4351515456978823,243.51515456978822,1.0933446542497203,Neutral,High
2015-02-07,228.647127410871,0.43256881748301274,0.3027981722381089,2.480337195134263,248.0337195134263,1.0847882600673056,Neutral,High
2015-02-08,224.035988895383,0.10010662191061351,0.07007463533742946,1.2339543188184516,123.39543188184517,0.5507839722102261,Neutral,High
2015-02-09,220.768493863238,-0.06899805609817285,-0.04829863926872099,0.8651123312143266,86.51123312143267,0.3918640364282449,Neutral,High
2015-02-10,220.888154295734,0.32133756076764003,0.224936292537348,1.96365764116604,196.365764116604,0.8889827738507949,Neutral,High
2015-02-11,219.495859731151,0.20605754319707317,0.1442402802379512,1.5414458517090808,154.14458517090807,0.7022664817446294,Neutral,High
2015-02-12,222.583227936879,0.24502578437524045,0.1715180490626683,1.6728924716874092,167.28924716874093,0.7515806501655257,Neutral,High
2015-02-13,236.555363822326,-0.2437145285408615,-0.17060016997860306,0.5994153533263913,59.94153533263913,0.2533932622118031,Neutral,High
2015-02-14,257.627695791935,-0.22146396649139238,-0.15502477654397465,0.6280884178736206,62.808841787362056,0.2437969318255583,Neutral,High
2015-02-15,234.445803039158,0.36758984380057136,0.2573128906603999,2.1639573934168737,216.39573934168737,0.9230096531331131,Neutral,High
2015-02-16,235.086126826417,-0.12179162900775795,-0.08525414030543056,0.7743259105813498,77.43259105813497,0.3293796707761904,Neutral,High
2015-02-17,243.905794272355,0.45761466130222894,0.48049539436734034,3.0,300.0,1.229983079717278,Value,High
2015-02-18,235.995232320281,0.4493766888634011,0.31456368220438075,2.569447888917746,256.9447888917746,1.0887711008630119,Neutral,High
2015-02-19,241.872253945061,0.2521253103291995,0.17648771723043963,1.6980204844596332,169.80204844596332,0.7020319432113625,Neutral,High
2015-02-20,245.530775277615,0.5540213878016091,0.5817224571916896,3.0,300.0,1.221842759469961,Value,High
2015-02-21,245.596002630041,0.4181869447252724,0.29273086130769066,2.4065461430633373,240.6546143063337,0.9798800132298943,Neutral,High
2015-02-22,236.690668322618,-0.166074691642341,-0.1162522841496387,0.7055646657355,70.55646657355,0.29809568359230354,Neutral,High
2015-02-23,239.066017825833,-0.1816468287349412,-0.12715278011445882,0.6828648333800168,68.28648333800167,0.2856386029224383,Neutral,High
2015-02-24,239.869262127411,0.199454966182126,0.1396184763274882,1.5202205590694304,152.02205590694305,0.6337704737933189,Neutral,High
2015-02-25,238.236111046172,-8.550204280426826e-05,-5.985142996298778e-05,0.9998204618290177,99.98204618290177,0.41967628561366366,Neutral,High
2015-02-26,237.044402396259,0.16630866898718585,0.11641606829103009,1.418001101450581,141.80011014505808,0.5982006270201466,Neutral,High
2015-02-27,255.116774400935,0.6527374418014583,0.6853743138915313,3.0,300.0,1.1759320832762163,Value,High
2015-02-28,254.948448568089,0.33740632474679133,0.2361844273227539,2.0310507743551596,203.10507743551597,0.7966515527992035,Neutral,High
2015-03-01,260.651330800701,0.39134937067862263,0.46961924481434714,3.0,300.0,1.1509628555450797,Neutral,Medium
2015-03-02,276.322613676213,0.310025565757411,0.37203067890889324,3.0,300.0,1.085687472367106,Neutral,Medium
2015-03-03,282.705900935126,-0.20707298997886034,-0.24848758797463238,0.4745146608569053,47.45146608569053,0.16784745535459997,Neutral,Medium
2015-03-04,273.447536528346,0.21121116607077906,0.2534533992849349,2.139046561733723,213.9046561733723,0.782251172890704,Neutral,Medium
2015-03-05,276.268809175921,0.42032955365428437,0.5043954643851413,3.0,300.0,1.0858989145204865,Neutral,Medium
2015-03-06,273.31811484512,-0.1923651805599164,-0.23083821667189966,0.5003163653169382,50.03163653169382,0.18305276457817304,Neutral,Medium
2015-03-07,276.403357393337,0.32297542531972134,0.3875705103836656,3.0,300.0,1.0853703183246204,Neutral,Medium
2015-03-08,275.338033898305,0.014198585286699844,0.017038302344039812,1.0524438195312076,105.24438195312075,0.3822369923364541,Neutral,Medium
2015-03-09,290.130059029807,-0.46428023662338763,-0.33428177036883905,0.3668341974385921,36.68341974385921,0.12643784606989128,Elevated,Medium
2015-03-10,292.320383109293,0.2265360001116904,0.27184320013402846,2.2603724495730364,226.03724495730364,0.7732517402756435,Neutral,Medium
2015-03-11,296.693329339568,-0.14275149947680285,-0.17130179937216342,0.5981549779737939,59.81549779737939,0.20160715419698585,Neutral,Medium
2015-03-12,295.800344827586,-0.29638382768245514,-0.35566059321894616,0.3440453566213408,34.40453566213408,0.11630999173509264,Neutral,Medium
2015-03-13,285.911026300409,0.018440020689415842,0.02212802482729901,1.0686370745878,106.86370745878,0.3737656040816609,Neutral,Medium
2015-03-14,283.608306253653,0.5439951006599614,0.9791911811879304,3.0,300.0,1.0577969452406892,Value,Medium
2015-03-15,287.270142022209,-0.13896450322138537,-0.16675740386566243,0.6063655775027966,60.636557750279664,0.21107852463689675,Neutral,Medium
2015-03-16,291.392118059614,-0.08115637145161525,-0.0973876457419383,0.7466468694920484,74.66468694920484,0.25623440828255234,Neutral,Medium
2015-03-17,285.248396551724,0.29619137666891976,0.3554296520027037,2.9045804486703366,290.45804486703366,1.0182635498684214,Neutral,Medium
2015-03-18,257.286160140269,-0.2591488174905088,-0.31097858098861053,0.39339710067681777,39.33971006768178,0.1529025503984913,Neutral,Medium
2015-03-19,262.092947983635,0.3363258322311955,0.4035909986774346,3.0,300.0,1.1446320944840223,Neutral,Medium
2015-03-20,262.966492109877,-0.109158209464779,-0.1309898513577348,0.6750492997748307,67.50492997748307,0.2567054434801414,Neutral,Medium
2015-03-21,261.18429748685,-0.26245537715758943,-0.3149464525891073,0.38874201427120586,38.87420142712059,0.14883820276017093,Neutral,Medium
2015-03-22,268.899415838691,-0.49619426210848644,-0.35725986871811016,0.3423986401817194,34.23986401817194,0.12733335218069777,Elevated,Medium
2015-03-23,266.777992986558,0.22449671875246335,0.269396062502956,2.2438388862439154,224.38388862439155,0.8410884500345479,Neutral,Medium
2015-03-24,246.835082992402,-0.32997621107823233,-0.3959714532938788,0.3048564222653719,30.48564222653719,0.12350611532589795,Neutral,Medium
2015-03-25,246.719136762127,0.3246621198765511,0.38959454385186126,3.0,300.0,1.215957561854002,Neutral,Medium
2015-03-26,249.532993571011,0.452067380339444,0.8137212846109992,3.0,300.0,1.2022458261200932,Value,Medium
2015-03-27,247.378898305085,0.1737326954895066,0.2084792345874079,1.8690638747062254,186.90638747062255,0.7555470120984875,Neutral,Medium
2015-03-28,253.23161396844,0.5406960963346779,0.9732529734024201,3.0,300.0,1.1846862060334564,Value,Medium
2015-03-29,242.967614260666,0.28644249294661955,0.34373099153594344,2.8044094291298163,280.44094291298165,1.1542317842085434,Neutral,Medium
2015-03-30,248.336934541204,0.03779620823451837,0.04535544988142204,1.1457579117028032,114.57579117028031,0.46137233425207613,Neutral,Medium
2015-03-31,244.712485680888,-0.38668438441972,-0.46402126130366395,0.2485617970919044,24.85617970919044,0.10157299346631458,Neutral,Medium
2015-04-01,247.185819403857,-0.2930743705874193,-0.35168924470490315,0.3481688435991052,34.816884359910524,0.1408530814748156,Neutral,Medium
2015-04-02,253.630070426651,0.8820530623570475,2.5,3.0,300.0,1.1828250471063881,Deep Value,Medium
2015-04-03,254.83316364699,-0.18947045843266624,-0.22736455011919948,0.5055574230891956,50.55574230891956,0.1983876100951773,Neutral,Medium
2015-04-04,253.945848626534,-0.18580863408851556,-0.22297036090621866,0.5122660895869345,51.226608958693454,0.201722568948272,Neutral,Medium
2015-04-05,261.112136177674,0.19967889854090104,0.23961467824908123,2.0520597293335343,205.20597293335342,0.7858921302444587,Neutral,Medium
2015-04-06,256.367386908241,-0.14537660283219195,-0.17445192339863033,0.5925288173986213,59.252881739862126,0.23112488079878085,Neutral,Medium
2015-04-07,254.831898012858,0.40528046155866637,0.48633655387039965,3.0,300.0,1.1772466568720645,Neutral,Medium
2015-04-08,245.825210403273,-0.1175189372173416,-0.14102272466080992,0.6550339753148496,65.50339753148496,0.26646330302749466,Neutral,Medium
2015-04-09,243.860636177674,0.0708361817284789,0.08500341807417468,1.2904748536213548,129.0474853621355,0.5291853879529496,Neutral,Medium
2015-04-10,235.871900642899,0.5517685028691007,0.9931833051643814,3.0,300.0,1.2718768076329214,Value,Medium
2015-04-11,237.40906779661,0.6949681495779017,1.250942669240223,3.0,300.0,1.2636417083150846,Value,Medium
2015-04-12,237.141042372881,-0.10407299564530623,-0.12488759477436746,0.6875210825920854,68.75210825920854,0.28992074746429847,Neutral,Medium
2015-04-13,225.505635885447,0.18616080545768618,0.22339296654922342,1.954586964278695,195.4586964278695,0.8667574788559129,Neutral,Medium
2015-04-14,219.757236703682,0.4371608596008665,0.7868895472815597,3.0,300.0,1.365142757071142,Value,Medium
2015-04-15,223.313907948568,0.4116936651600673,0.4940323981920807,3.0,300.0,1.343400430165298,Neutral,Medium
2015-04-16,228.493815312683,0.22838980519907037,0.27406776623888446,2.2755079420597446,227.55079420597446,0.9958728812619366,Neutral,Medium
2015-04-17,222.785060198714,0.2457228849226081,0.2457228849226081,2.0900095905954132,209.00095905954132,0.9381282518366452,Neutral,Low
2015-04-18,223.398044126242,0.8673890324579168,2.5,3.0,300.0,1.342894478657433,Deep Value,Low
2015-04-19,223.284135300994,0.08283808595495959,0.08283808595495959,1.2821191025199141,128.2119102519914,0.5742096727076366,Neutral,Low
2015-04-20,224.894903565167,0.22086932828417521,0.22086932828417521,1.9398448290539474,193.98448290539474,0.8625561532530885,Neutral,Low
2015-04-21,234.939356516657,-0.20139085239620716,-0.24166902287544859,0.48432114545805416,48.43211454580542,0.2061473022821173,Neutral,Medium
2015-04-22,233.822418760958,0.022550655340186194,0.027060786408223434,1.084568659634125,108.45686596341251,0.463842887855379,Neutral,Medium
2015-04-23,235.933293687902,0.0792782214813387,0.0792782214813387,1.2684994474247973,126.84994474247972,0.5376517351988471,Neutral,Low
2015-04-24,231.458592343659,-0.39872067978810327,-0.39872067978810327,0.30235240456845497,30.235240456845496,0.13062915552494855,Neutral,Low
2015-04-25,226.445992986558,0.7485024214778493,1.122753632216774,3.0,300.0,1.3248192032164077,Value,Low
2015-04-26,220.503406779661,-0.3862446601702666,-0.3862446601702666,0.31388331183191476,31.388331183191475,0.142348508994042,Neutral,Low
2015-04-27,227.325990356517,0.41610954343849266,0.41610954343849266,3.0,300.0,1.319690720491343,Neutral,Low
2015-04-28,225.549368790181,0.37004628400101824,0.37004628400101824,3.0,300.0,1.3300857440176534,Neutral,Low
2015-04-29,225.66928842782,0.3443055476396847,0.3443055476396847,2.8092474691848395,280.92474691848395,1.2448514765815701,Neutral,Low
2015-04-30,236.327976037405,0.05664554214992287,0.05664554214992287,1.1852297367239952,118.52297367239953,0.5015190146326147,Neutral,Low
2015-05-01,232.746582700175,-0.23445161386809688,-0.23445161386809688,0.4949221301561369,49.49221301561369,0.2126442091713533,Neutral,Low
2015-05-02,235.540077147867,-0.2642530708878919,-0.2642530708878919,0.45259426700598004,45.259426700598006,0.19215170194660805,Neutral,Low
2015-05-03,240.464248977206,-0.309687281497668,-0.309687281497668,0.3949240367925161,39.49240367925161,0.16423399256741553,Neutral,Low
2015-05-04,238.976661309176,-0.04131808810719993,-0.04131808810719993,0.8834202437829787,88.34202437829786,0.36966799977176595,Neutral,Low
2015-05-05,236.02338340152,0.37468710465019933,0.37468710465019933,3.0,300.0,1.2710605011946794,Neutral,Low
2015-05-06,229.481219300429,-0.13663707804856962,-0.13663707804856962,0.6637091622323759,66.37091622323759,0.2892215599410209,Neutral,Low
2015-05-07,237.130687317358,0.20667960894032367,0.20667960894032367,1.8590002195138264,185.90002195138266,0.7839559866943242,Neutral,Low
2015-05-08,244.383472822911,-0.4692625927481907,-0.28155755564891444,0.42969798954773797,42.96979895477379,0.17582939819302448,Elevated,Low
2015-05-09,242.705950029223,-0.046663064738265064,-0.046663064738265064,0.869367629547919,86.9367629547919,0.35819790550797903,Neutral,Low
2015-05-10,240.731483927528,0.5730383358001041,0.8595575037001562,3.0,300.0,1.2462017643289016,Value,Low
2015-05-11,242.24983722969,0.1902819942317401,0.1902819942317401,1.7697636077008732,176.97636077008733,0.7305530637045861,Neutral,Low
2015-05-12,242.209092051432,-0.17407057895566663,-0.17407057895566663,0.5932070780164537,59.32070780164537,0.2449152808394529,Neutral,Low
2015-05-13,236.550265926359,-0.22449256761153696,-0.22449256761153696,0.5099320982395144,50.99320982395143,0.21557029168517716,Neutral,Low
2015-05-14,236.948916715371,0.20516723984593133,0.20516723984593133,1.8505848412515602,185.058484125156,0.7810058247594899,Neutral,Low
2015-05-15,237.484502337814,0.0163565877908983,0.0163565877908983,1.0502936202095015,105.02936202095015,0.4422577515039246,Neutral,Low
2015-05-16,235.812134424313,-0.08745405986131213,-0.08745405986131213,0.7692323729890216,76.92323729890217,0.3262055936463765,Neutral,Low
2015-05-17,236.963682933957,0.042602123151008475,0.042602123151008475,1.1363329526223782,113.63329526223782,0.4795388637418672,Neutral,Low
2015-05-18,232.88384961543,0.533013077468162,0.7995196162022429,3.0,300.0,1.2881958130432896,Value,Low
2015-05-19,231.974446814728,-0.2990510543295873,-0.2990510543295873,0.40772874637814843,40.772874637814844,0.1757645085382145,Neutral,Low
2015-05-20,234.190306253653,-0.33816239016661515,-0.33816239016661515,0.3625883281524332,36.258832815243316,0.15482636064351504,Neutral,Low
2015-05-21,235.553821741672,0.1724987944432031,0.1724987944432031,1.677821764394231,167.7821764394231,0.7122880673251273,Neutral,Low
2015-05-22,240.323203682057,0.056124224607140484,0.056124224607140484,1.1833775423117412,118.33775423117412,0.4924108551238053,Neutral,Low
2015-05-23,238.963281706604,-0.15228004001011913,-0.15228004001011913,0.6332815810092914,63.328158100929144,0.26501208741635307,Neutral,Low
2015-05-24,240.711758328463,0.07025716560742605,0.07025716560742605,1.2346302059012724,123.46302059012724,0.512908141452965,Neutral,Low
2015-05-25,237.003543249562,-0.4010812572811858,-0.4010812572811858,0.3002187894873447,30.02187894873447,0.12667270091030572,Neutral,Low
2015-05-26,236.796261250731,0.023026896173241343,0.023026896173241343,1.0715226652380012,107.15226652380012,0.45250827001167165,Neutral,Low
2015-05-27,237.203596434833,0.4382418033167513,0.6573627049751269,3.0,300.0,1.2647363046302675,Value,Low
2015-05-28,236.956881940386,-0.39007232031777883,-0.39007232031777883,0.3102996110623006,31.029961106230058,0.13095193037709124,Neutral,Low
2015-05-29,236.646526592636,0.33269877532268816,0.33269877532268816,2.713112028299151,271.31120282991515,1.146482928511142,Neutral,Low
2015-05-30,232.788770017534,0.03728523290612587,0.03728523290612587,1.1183514694505012,111.83514694505013,0.48041469928565084,Neutral,Low
2015-05-31,229.45054792519,0.1867922562737577,0.1867922562737577,1.7513322233842137,175.13322233842138,0.7632721905528932,Neutral,Low
2015-06-01,223.282701928697,0.5284385781552041,0.7926578672328062,3.0,300.0,1.343588183986603,Value,Low
2015-06-02,225.320800993571,0.05905952706106701,0.05905952706106701,1.1938442722143754,119.38442722143753,0.5298420150070561,Neutral,Low
2015-06-03,225.213063413209,0.41144125082660343,0.41144125082660343,3.0,300.0,1.332071929813307,Neutral,Low
2015-06-04,223.54007685564,0.7418986121213329,1.1128479181819992,3.0,300.0,1.342041231352609,Value,Low
2015-06-05,224.731071887785,0.6874296239437648,1.0311444359156472,3.0,300.0,1.3349288884707453,Value,Low
2015-06-06,225.160513150205,0.13724382906137522,0.13724382906137522,1.5094290808567472,150.94290808567473,0.6703791263123496,Neutral,Low
2015-06-07,223.411685856225,0.13271887411808453,0.13271887411808453,1.4890772344264018,148.9077234426402,0.6665171648114624,Neutral,Low
2015-06-08,228.774291350088,0.2111928156601143,0.2111928156601143,1.8843415451916616,188.43415451916616,0.8236684000074542,Neutral,Low
2015-06-09,229.370529514904,-0.10526323668279028,-0.10526323668279028,0.7292127801654482,72.92127801654482,0.3179191248795829,Neutral,Low
2015-06-10,228.588487434249,-0.5885188334740635,-0.3531113000844381,0.34668666133391823,34.668666133391824,0.15166409525923255,Elevated,Low
2015-06-11,229.584411747516,-0.2025767804717472,-0.2025767804717472,0.5445854905936984,54.458549059369844,0.23720490709648132,Neutral,Low
2015-06-12,229.811218510228,0.05672945879824494,0.05672945879824494,1.1855281558069057,118.55281558069058,0.515870445094978,Neutral,Low
2015-06-13,233.015344535359,0.13453533831140874,0.13453533831140874,1.497213950804049,149.7213950804049,0.6425387794909162,Neutral,Low
2015-06-14,232.507108708358,0.12444122989304897,0.12444122989304897,1.4525544406261128,145.25544406261128,0.6247354967748981,Neutral,Low
2015-06-15,236.7909628872,0.21200540295958287,0.21200540295958287,1.8889407247888839,188.89407247888838,0.7977250067979653,Neutral,Low
2015-06-16,251.432676797195,-0.01563562334173252,-0.01563562334173252,0.9541762558632882,95.41762558632882,0.37949572347468763,Neutral,Low
2015-06-17,247.969317650497,-0.08751284687385817,-0.08751284687385817,0.7690967223316333,76.90967223316333,0.3101580185882694,Neutral,Low
2015-06-18,249.012479544126,0.2922293138400539,0.2922293138400539,2.402927874474727,240.29278744747268,0.964982911247594,Neutral,Low
2015-06-19,244.803484219755,-0.2416499902157072,-0.2416499902157072,0.48434880000625724,48.434880000625725,0.1978520859496703,Neutral,Low
2015-06-20,245.582513150205,0.32856914735194637,0.32856914735194637,2.679706951411723,267.9706951411723,1.0911635836924354,Neutral,Low
2015-06-21,244.300260081824,0.6200118816290218,0.9300178224435327,3.0,300.0,1.2279970553429636,Value,Low
2015-06-22,247.017892460549,0.1158812218703613,0.1158812218703613,1.4157276873885465,141.57276873885465,0.5731275873526656,Neutral,Low
2015-06-23,244.184763296318,0.5844704565043388,0.8767056847565082,3.0,300.0,1.228577884836943,Value,Low
2015-06-24,240.451545295149,0.010055744820940002,0.010055744820940002,1.0306268758743156,103.06268758743155,0.42862143997005453,Neutral,Low
2015-06-25,242.347857685564,0.349145890035196,0.349145890035196,2.850338246171757,285.0338246171757,1.1761351114850576,Neutral,Low
2015-06-26,242.967997369959,0.2835747370589583,0.2835747370589583,2.341341864025366,234.13418640253659,0.9636420801790967,Neutral,Low
2015-06-27,251.529326709527,-0.5179866529278389,-0.3107919917567033,0.3936173733103678,39.36173733103678,0.15648965409307042,Elevated,Low
2015-06-28,249.058285797779,0.45940730197941987,0.6891109529691298,3.0,300.0,1.2045373196039049,Value,Low
2015-06-29,256.65022238457,-0.1225150700864396,-0.1225150700864396,0.6924320210697452,69.24320210697452,0.269795994967887,Neutral,Low
2015-06-30,263.854356864991,0.9147480835441153,2.5,3.0,300.0,1.1369908898396701,Deep Value,Low
2015-07-01,258.042647574518,0.09322881317387158,0.09322881317387158,1.322714996158893,132.2714996158893,0.5125954986866723,Neutral,Low
2015-07-02,254.747113383986,0.07909610120912032,0.07909610120912032,1.2678065783262746,126.78065783262747,0.4976725983211757,Neutral,Low
2015-07-03,256.087042833431,-0.09128002998675155,-0.09128002998675155,0.7604536697150845,76.04536697150846,0.29695124802144457,Neutral,Low
2015-07-04,260.50923962595,-0.3529756810071923,-0.3529756810071923,0.34682774200712874,34.68277420071287,0.13313452624755975,Neutral,Low
2015-07-05,271.302458211572,0.12192569186854069,0.12192569186854069,1.4416338314818538,144.16338314818537,0.5313751452843869,Neutral,Low
2015-07-06,269.137940093513,0.13595603693851682,0.13595603693851682,1.5036088383486608,150.3608838348661,0.5586759108828083,Neutral,Low
2015-07-07,266.469919053185,0.3569545623433268,0.3569545623433268,2.9178985631230887,291.78985631230887,1.095019870719705,Neutral,Low
2015-07-08,270.576142898889,-0.0008625974474684439,-0.0008625974474684439,0.9974155531058011,99.74155531058011,0.3686265693714627,Neutral,Low
2015-07-09,269.680304792519,0.21938426739356592,0.21938426739356592,1.931221689080542,193.1221689080542,0.7161152129987189,Neutral,Low
2015-07-10,285.558780829924,0.22809071506943926,0.22809071506943926,1.982328463047573,198.23284630475732,0.6941927883591255,Neutral,Low
2015-07-11,293.917453828171,-0.36261127036638857,-0.36261127036638857,0.3369455915403958,33.694559154039574,0.11463953132139601,Neutral,Low
2015-07-12,311.481879894798,0.2905592986970618,0.2905592986970618,2.390919203772616,239.0919203772616,0.7675949575558428,Neutral,Low
2015-07-13,292.649223845704,-0.02147716187068833,-0.025772594244825992,0.9255956685429336,92.55956685429337,0.3162816071676799,Neutral,Medium
2015-07-14,287.740951490357,-0.5197308951573203,-0.6236770741887844,0.2,20.0,0.0695069641509483,Neutral,Medium
2015-07-15,285.922885447107,0.17012812822213158,0.2041537538665579,1.8449667609771694,184.49667609771694,0.6452672573208452,Neutral,Medium
2015-07-16,278.532749269433,0.2864441989273779,0.34373303871285343,2.804426652549394,280.4426652549394,1.0068570607604168,Neutral,Medium
2015-07-17,280.064724722385,0.014682731999409816,0.014682731999409816,1.0450327200698601,104.50327200698601,0.37313971658006984,Neutral,Low
2015-07-18,277.354635300994,0.267421841289807,0.3209062095477684,2.6188063664637538,261.88063664637536,0.9442086171091904,Neutral,Medium
2015-07-19,275.281989479836,0.3939060941709334,0.5908591412564002,3.0,300.0,1.0897916008485349,Value,Low
2015-07-20,279.114393045003,-0.28245116567630496,-0.28245116567630496,0.4285475849597048,42.85475849597048,0.15353833253973684,Neutral,Low
2015-07-21,276.652412624196,-0.39136356145086293,-0.39136356145086293,0.3090999213314257,30.909992133142573,0.11172861946131167,Neutral,Low
2015-07-22,277.764369082408,0.28263878671467774,0.28263878671467774,2.334776945823569,233.4776945823569,0.8405602754365086,Neutral,Low
2015-07-23,276.811628579778,-0.7854437284174047,-0.4712662370504428,0.24321761263180114,24.321761263180115,0.08786394338982946,Elevated,Low
2015-07-24,289.305976329632,0.07520698408790513,0.09024838090548616,1.3109409249636799,131.09409249636798,0.45313302600773386,Neutral,Medium
2015-07-25,289.507639976622,0.030918374671430136,0.03710204960571616,1.1177370483539149,111.77370483539148,0.3860820558808649,Neutral,Medium
2015-07-26,293.314842781999,-0.4220261676857611,-0.5064314012229133,0.218866307487942,21.8866307487942,0.07461821754810086,Neutral,Medium
2015-07-27,294.426761835184,-0.2591325403035155,-0.2591325403035155,0.4596005111200608,45.96005111200608,0.1561001140845134,Neutral,Low
2015-07-28,295.410125268849,0.49657428762851075,0.7448614314427662,3.0,300.0,1.0155372965871559,Value,Low
2015-07-29,289.85583635301,0.2890933367279121,0.2890933367279121,2.3804273019048456,238.04273019048458,0.8212452548327397,Neutral,Low
2015-07-30,288.236260666277,0.5207950061265131,0.7811925091897696,3.0,300.0,1.0408128363396414,Value,Low
2015-07-31,284.597324371712,-0.45253489185845225,-0.45253489185845225,0.25727629967544463,25.727629967544463,0.09040011189262503,Neutral,Low
2015-08-01,281.66884628872,-0.2292186128412768,-0.2292186128412768,0.5027532235455723,50.275322354557225,0.17849088749780775,Neutral,Low
2015-08-02,282.423006428989,-0.2987644784862992,-0.2987644784862992,0.40807943273188285,40.807943273188286,0.1444922769896539,Neutral,Low
2015-08-03,282.185052308591,-0.5737419548956784,-0.34424517293740703,0.35603169584807615,35.60316958480762,0.12616958018695057,Elevated,Low
2015-08-04,285.286617475161,0.0015172522529176419,0.0015172522529176419,1.0045621317390379,100.45621317390379,0.3521238187159277,Neutral,Low
2015-08-05,282.338886908241,0.6667764681755991,1.0001647022633986,3.0,300.0,1.0625528891367302,Value,Low
2015-08-06,278.99574868498,-0.0964373564305004,-0.0964373564305004,0.7487784981627267,74.87784981627267,0.26838347956627406,Neutral,Low
2015-08-07,279.488715078901,0.5828394273761284,0.8742591410641926,3.0,300.0,1.0733885978734725,Value,Low
2015-08-08,261.450275569842,-0.018712159703064647,-0.022454591643677576,0.934855062637625,93.4855062637625,0.3575651471776301,Neutral,Medium
2015-08-09,266.342020455874,0.03556885274507596,0.03556885274507596,1.1126077209992393,111.26077209992393,0.4177364574673149,Neutral,Low
2015-08-10,264.928825248393,0.45349852403085655,0.6802477860462848,3.0,300.0,1.132379610707611,Value,Low
2015-08-11,271.421736119229,-0.1651072661923279,-0.1651072661923279,0.609374779804237,60.93747798042371,0.22451215164895763,Neutral,Low
2015-08-12,268.143868497954,-0.4291519427106629,-0.4291519427106629,0.2759720109159861,27.59720109159861,0.10291938147304378,Neutral,Low
2015-08-13,264.691627995324,-0.3249896465376787,-0.3249896465376787,0.377204069485568,37.7204069485568,0.14250698911120516,Neutral,Low
2015-08-14,266.355941554646,0.5151052797355039,0.7726579196032559,3.0,300.0,1.1263124008009093,Value,Low
2015-08-15,261.936836645237,-0.40308174921130907,-0.40308174921130907,0.2984224294876749,29.84224294876749,0.11392915685694616,Neutral,Low
2015-08-16,258.930817389831,0.5297378301270437,0.7946067451905655,3.0,300.0,1.1586106398001195,Value,Low
2015-08-17,258.009398305085,0.24137052535922254,0.24137052535922254,2.062897558065937,206.2897558065937,0.7995435715200766,Neutral,Low
2015-08-18,217.885883116937,-0.3924325882005085,-0.4709191058406102,0.24347102983480537,24.347102983480536,0.11174245267837617,Neutral,Medium
2015-08-19,227.218251899474,-0.057668787085348186,-0.06920254450241782,0.8125257820667269,81.2525782066727,0.3575970571352714,Neutral,Medium
2015-08-20,235.523883109293,0.8536754540748434,2.5,3.0,300.0,1.27375617300258,Deep Value,Medium
2015-08-21,232.80061783986,0.2182843727236845,0.2619412472684214,2.1942136620182127,219.42136620182126,0.9425291403339741,Neutral,Medium
2015-08-22,230.639173290473,0.023464930561887976,0.02815791667426557,1.0881442800945553,108.81442800945553,0.4717950834501639,Neutral,Medium
2015-08-23,228.673073933372,-0.12827934699128712,-0.15393521638954455,0.6301447972069095,63.01447972069095,0.2755658050892837,Neutral,Medium
2015-08-24,211.955917592051,-0.25992174563984505,-0.31190609476781406,0.3923039785161826,39.23039785161826,0.185087532810122,Neutral,Medium
2015-08-25,222.655039450614,0.7669634258582563,2.5,3.0,300.0,1.3473757465370169,Deep Value,Medium
2015-08-26,226.116700175336,-0.3315498985778962,-0.23208492900452732,0.49844860857868833,49.84486085786883,0.22043865322295078,Neutral,High
2015-08-27,224.939877264757,-0.271386604015197,-0.18997062281063787,0.565575281539574,56.557528153957406,0.251433978010882,Neutral,High
2015-08-28,232.17080829924,-0.21829887289475752,-0.15280921102633024,0.6322770358112559,63.227703581125596,0.2723327021355448,Neutral,High
2015-08-29,229.826200175336,0.2655354988508878,0.18587484919562144,1.7465187964967201,174.65187964967203,0.759930240836027,Neutral,High
2015-08-30,229.019572472238,-0.15716636632883516,-0.1100164564301846,0.718888241553356,71.8888241553356,0.3138981676513698,Neutral,High
2015-08-31,230.689466101695,-0.026473575446438892,-0.018531502812507223,0.945922621776884,94.5922621776884,0.41004153235149987,Neutral,High
2015-09-01,227.955570426651,0.20406639029539098,0.14284647320677368,1.5350138742847834,153.50138742847835,0.6733829190538264,Neutral,High
2015-09-02,229.502180709527,-0.5824265302149096,-0.24461914269026203,0.48005364156160507,48.00536415616051,0.2091717124767509,Elevated,High
2015-09-03,227.107121566335,0.07986104321133197,0.055902730247932374,1.1825914691555128,118.25914691555128,0.5207196766879428,Neutral,High
2015-09-04,231.177563413209,0.10541181795636292,0.07378827256945404,1.2477785592540447,124.77785592540447,0.5397489881073594,Neutral,High
2015-09-05,235.903006136762,-0.012516786835104782,-0.008761750784573348,0.9740571978676473,97.40571978676473,0.41290580133724497,Neutral,High
2015-09-06,240.805472238457,0.25368089465330407,0.17757662625731283,1.7035765240512202,170.35765240512202,0.7074492569522083,Neutral,High
2015-09-07,240.6336157218,0.7077065375793384,1.2738717676428093,3.0,300.0,1.246708607607153,Value,Medium
2015-09-08,244.174952659264,-0.23975350514183102,-0.2877042061701972,0.4218469879426562,42.18469879426562,0.17276423455739384,Neutral,Medium
2015-09-09,238.722463179427,-0.43581554854084076,-0.5229786582490089,0.20826666549573808,20.826666549573808,0.08724217349382914,Neutral,Medium
2015-09-10,238.750477206312,0.3828523455172513,0.4594228146207015,3.0,300.0,1.2565419910794997,Neutral,Medium
2015-09-11,240.845008116891,-0.30286918989140854,-0.36344302786969024,0.3361058685730127,33.61058685730127,0.13955276515836612,Neutral,Medium
2015-09-12,236.351832176505,0.9529111488347043,2.5,3.0,300.0,1.2692941587859714,Deep Value,Medium
2015-09-13,230.548837317358,0.24874838918676384,0.2984980670241166,2.4485455643452627,244.85455643452627,1.0620507103120889,Neutral,Medium
2015-09-14,230.948793980129,0.3786187978237341,0.4543425573884809,3.0,300.0,1.2989892470528,Neutral,Medium
2015-09-15,230.398590005845,-0.09423230365151787,-0.11307876438182143,0.7123141142591748,71.23141142591749,0.30916600411534817,Neutral,Medium
2015-09-16,229.043285797779,-0.14124225200553847,-0.16949070240664615,0.6014137729440607,60.14137729440607,0.2625764692683659,Neutral,Medium
2015-09-17,233.202697837522,0.41934449240442406,0.6290167386066361,3.0,300.0,1.2864345171899225,Value,Low
2015-09-18,233.175130917592,-0.0008065688146393912,-0.0008065688146393912,0.997583218685925,99.7583218685925,0.42782573542908725,Neutral,Low
2015-09-19,232.241568088837,0.2539787087749013,0.2539787087749013,2.1424202037198086,214.24202037198086,0.9224964425405061,Neutral,Low
2015-09-20,231.362323787259,0.2709659455130311,0.2709659455130311,2.254431504055215,225.44315040552152,0.9744160013400444,Neutral,Low
2015-09-21,226.773447983635,0.21856478024819292,0.21856478024819292,1.9264796864370568,192.64796864370567,0.849517306177785,Neutral,Low
2015-09-22,230.626304792519,-0.4247494045935838,-0.4247494045935838,0.2796411195570887,27.96411195570887,0.12125291597099709,Neutral,Low
2015-09-23,230.132437755698,0.24019536863714885,0.24019536863714885,2.0556376790318596,205.56376790318595,0.8932411697711496,Neutral,Low
2015-09-24,234.319868497954,-0.41240400108074404,-0.41240400108074404,0.29019214592738957,29.019214592738958,0.12384444724537878,Neutral,Low
2015-09-25,235.538221800117,-0.4614122536924545,-0.4614122536924545,0.2505149295885312,25.05149295885312,0.10635850422659801,Neutral,Low
2015-09-26,234.591814436002,0.4280677144681658,0.6421015717022487,3.0,300.0,1.2788169984585789,Value,Low
2015-09-27,233.243309760374,-0.08292002759887371,-0.08292002759887371,0.7797670304699341,77.9767030469934,0.33431485399132754,Neutral,Low
2015-09-28,240.017265341905,-0.4767690969223543,-0.4767690969223543,0.23923539611900146,23.923539611900146,0.09967424459161729,Neutral,Low
2015-09-29,237.336233781414,-0.3095603745378597,-0.3095603745378597,0.3950744212445437,39.50744212445437,0.16646190720646817,Neutral,Low
2015-09-30,236.739848042081,0.2698004188979443,0.2698004188979443,2.2465624696664173,224.65624696664173,0.948958313628336,Neutral,Low
2015-10-01,238.229813851549,0.40292914298697774,0.6043937144804666,3.0,300.0,1.2592882274044113,Value,Low
2015-10-02,237.937007305669,-0.6703100540021747,-0.4021860324013048,0.29922541383408313,29.922541383408312,0.12575824888378087,Elevated,Low
2015-10-03,239.735897720631,-0.8191981240748348,-0.4915188744449009,0.22888018468462354,22.888018468462352,0.09547180328886004,Elevated,Low
2015-10-04,239.516924897721,0.43053513914146835,0.6458027087122025,3.0,300.0,1.2525210906415345,Value,Low
2015-10-05,240.961213833431,-0.05566930106950691,-0.05566930106950691,0.8461929236716368,84.61929236716368,0.35117391309980023,Neutral,Low
2015-10-06,246.940498246639,-0.47767653038816343,-0.47767653038816343,0.23858501117832173,23.858501117832173,0.09661639661066368,Neutral,Low
2015-10-07,243.734486849795,0.3633785802698612,0.3633785802698612,2.974677830336182,297.46778303361816,1.2204583228180472,Neutral,Low
2015-10-08,243.029632963179,0.46371402147423385,0.6955710322113507,3.0,300.0,1.2344173685414424,Value,Low
2015-10-09,244.448887492694,0.44179526278572223,0.6626928941785833,3.0,300.0,1.2272504206384096,Value,Low
2015-10-10,245.955924313267,-0.8362348421063007,-0.5017409052637805,0.22196785258054025,22.196785258054025,0.09024700388913022,Elevated,Low
2015-10-11,248.528165400351,-0.08357941151855608,-0.08357941151855608,0.7782260575885674,77.82260575885674,0.31313394855465676,Neutral,Low
2015-10-12,246.093637346581,-0.22691142378916276,-0.22691142378916276,0.5062451345527923,50.62451345527923,0.20571240281187447,Neutral,Low
2015-10-13,250.471300701344,0.2954180580598324,0.2954180580598324,2.4260251423637147,242.60251423637146,0.9685840795215294,Neutral,Low
2015-10-14,253.142325540619,-0.26240472795907344,-0.26240472795907344,0.45511088615966244,45.511088615966244,0.17978458765744243,Neutral,Low
2015-10-15,254.693015002922,0.037914505235499704,0.037914505235499704,1.120464706427948,112.0464706427948,0.4399275364560325,Neutral,Low
2015-10-16,262.737363237873,-0.18104141080285466,-0.18104141080285466,0.5809304524911444,58.09304524911444,0.22110690513598202,Neutral,Low
2015-10-17,271.930938924605,0.6042634007401103,0.9063951011101654,3.0,300.0,1.1032212854719607,Value,Low
2015-10-18,263.481677381648,-0.3129443882247351,-0.3129443882247351,0.3910838997403275,39.10838997403275,0.14842925839349738,Neutral,Low
2015-10-19,264.362728229106,0.037766602763381486,0.037766602763381486,1.1199676582080877,111.99676582080878,0.4236480935532957,Neutral,Low
2015-10-20,270.832211864407,-0.0015114390436199027,-0.0015114390436199027,0.9954759473650416,99.54759473650417,0.36756187179958855,Neutral,Low
2015-10-21,268.040217708942,0.19650578918128808,0.19650578918128808,1.803117962109494,180.31179621094938,0.6727042596523531,Neutral,Low
2015-10-22,275.414956458212,-0.16622969935904885,-0.16622969935904885,0.6073262832990274,60.73262832990274,0.22051318167652798,Neutral,Low
2015-10-23,278.612778026885,-0.16626375702083163,-0.16626375702083163,0.6072642341295107,60.72642341295107,0.21795993652197537,Neutral,Low
2015-10-24,283.61114289889,0.22185163970401378,0.22185163970401378,1.9455698557342496,194.55698557342495,0.6859990886986634,Neutral,Low
2015-10-25,286.04969345412,0.0892110198487259,0.0892110198487259,1.306867509465383,130.6867509465383,0.456867299413832,Neutral,Low
2015-10-26,286.703382817066,0.12434326381858828,0.12434326381858828,1.4521276001835433,145.21276001835432,0.5064912684026781,Neutral,Low
2015-10-27,295.562913793104,-0.09209347066419646,-0.09209347066419646,0.7586001803456022,75.86001803456021,0.2566628439982925,Neutral,Low
2015-10-28,304.442097019287,0.4958098843087964,0.7437148264631946,3.0,300.0,0.985409057870845,Value,Low
2015-10-29,314.879462302747,-0.32436897526792496,-0.32436897526792496,0.37790708297915837,37.790708297915835,0.12001642794213495,Neutral,Low
2015-10-30,328.492321157218,0.4320890796831165,0.6481336195246747,3.0,300.0,0.913263357095092,Value,Low
2015-10-31,314.119508182349,0.08580186580382038,0.08580186580382038,1.2935696888889994,129.35696888889993,0.41180813518212667,Neutral,Low
2015-11-01,329.854227644652,0.32111638519316454,0.32111638519316454,2.6204581150997517,262.0458115099752,0.7944291433859505,Neutral,Low
2015-11-02,364.616627995324,0.25063921338792505,0.3007670560655101,2.4652695888710716,246.52695888710716,0.6761264845284805,Neutral,Medium
2015-11-03,400.923105201637,-1.0900607902517638,-0.3924218844906349,0.3081200949088216,30.812009490882158,0.0768526659878727,Extreme,Medium
2015-11-04,405.481681472823,-0.9953543273439073,-0.3583275578438066,0.3413036688370576,34.13036688370576,0.0841724014750425,Extreme,Medium
2015-11-05,384.341222969024,-0.4757758725548382,-0.5709310470658059,0.2,20.0,0.05203709309529855,Neutral,Medium
2015-11-06,372.975417884278,0.2533541062392419,0.3040249274870903,2.489482313064464,248.9482313064464,0.6674655201638163,Neutral,Medium
2015-11-07,386.504550847458,-0.44342829975791576,-0.5321139597094989,0.2026364323840326,20.263643238403258,0.052427955101622396,Neutral,Medium
2015-11-08,372.400129748685,0.21497329558233544,0.2579679546988025,2.1682141667427857,216.82141667427857,0.5822270170007754,Neutral,Medium
2015-11-09,380.495644360023,-0.5987593035568383,-0.43110669856092354,0.27435837323336276,27.435837323336276,0.07210552270442452,Elevated,Medium
2015-11-10,337.830502337814,0.3806942728703016,0.39972898651381666,3.0,300.0,0.8880192816337663,Value,High
2015-11-11,308.922185856225,0.15118044471968312,0.10582631130377818,1.3736603069107256,137.36603069107255,0.44466223851919745,Neutral,High
2015-11-12,337.522988603156,-0.07800847693630505,-0.054605933855413534,0.8488966754356491,84.88966754356491,0.25150780957137786,Neutral,High
2015-11-13,337.278958211572,0.49728196681574016,0.5221460651565272,3.0,300.0,0.889471438096096,Value,High
2015-11-14,333.047117475161,0.23026101076880318,0.16118270753816222,1.6218186168887976,162.18186168887976,0.486963715279642,Neutral,High
2015-11-15,319.928021624781,-0.17451273667112557,-0.1221589156697879,0.6931722546231027,69.31722546231028,0.21666506456757675,Neutral,High
2015-11-16,331.132725014611,0.003945188260120622,0.002761631782084435,1.0083193100668355,100.83193100668355,0.3045060889171688,Neutral,High
2015-11-17,335.849786090006,0.12869292242333713,0.09008504569633599,1.3102987138895625,131.02987138895625,0.390144275255965,Neutral,High
2015-11-18,335.744504967855,-0.584392769747928,-0.24544496329412974,0.47886579902194365,47.88657990219436,0.1426280376704278,Elevated,High
2015-11-19,326.232145528931,-0.7207318592986195,-0.30270738090542015,0.4032808172443207,40.32808172443207,0.12361774361336099,Elevated,High
2015-11-20,321.940475452951,-0.24364848752750276,-0.1705539412692519,0.5994984896856365,59.94984896856364,0.18621407850074706,Neutral,High
2015-11-21,325.905231151373,-0.6366684461315805,-0.26740074737526376,0.4483405217383121,44.83405217383121,0.1375677586255348,Elevated,High
2015-11-22,323.716966101695,-0.06191532081587212,-0.04334072457111048,0.878075960500065,87.8075960500065,0.2712480507506731,Neutral,High
2015-11-23,323.012556341321,0.0495906153559835,0.034713430749188444,1.1097561341773436,110.97561341773437,0.3435643947551953,Neutral,High
2015-11-24,319.961356527177,-0.689461854642643,-0.28957397894991005,0.41948733809754174,41.948733809754174,0.13110562558260414,Elevated,High
2015-11-25,328.960457334892,-0.9645607885137382,-0.202557765587885,0.544616557169351,54.4616557169351,0.1655568458232396,Extreme,High
2015-11-26,356.255292518995,-0.046773261788266116,-0.03274128325178628,0.9064459733324293,90.64459733324293,0.2544371950022606,Neutral,High
2015-11-27,359.268824371712,0.9004798322209641,1.8910076476640245,3.0,300.0,0.8350293141205305,Deep Value,High
2015-11-28,356.567322618352,-0.13046343462603116,-0.0913244042382218,0.760352442765925,76.0352442765925,0.21324232326801296,Neutral,High
2015-11-29,371.707612507306,-0.15564655777736025,-0.10895259044415218,0.72118630910031,72.118630910031,0.19401978459242206,Neutral,High
2015-11-30,377.389839859731,0.6245443444263645,0.6557715616476827,3.0,300.0,0.7949339603617961,Value,High
2015-12-01,362.532375803624,-0.28223249756835417,-0.1975627482978479,0.5528391184159269,55.28391184159269,0.15249372340620634,Neutral,High
2015-12-02,359.22240414962,-0.010545965511353422,-0.007382175857947395,0.9780969063839906,97.80969063839906,0.27228171046274796,Neutral,High
2015-12-03,361.210068088837,0.16783768997182555,0.11748638298027787,1.422561541415925,142.2561541415925,0.39383219547082404,Neutral,High
2015-12-04,363.241631794272,0.4155090160590248,0.436284466861976,3.0,300.0,0.8258965210516124,Value,High
2015-12-05,389.362958796026,-0.5791522059942233,-0.2432439265175738,0.48203826527142046,48.20382652714205,0.12380177784809364,Elevated,High
2015-12-06,393.319129748685,-0.2633823210569733,-0.1843676247398813,0.5751623822043197,57.51623822043197,0.14623300488125895,Neutral,High
2015-12-07,395.346588252484,0.5198854704273688,0.5458797439487372,3.0,300.0,0.7588278460326767,Value,High
2015-12-08,413.798660432496,-0.44089510335870996,-0.308626572351097,0.3961827370167305,39.618273701673054,0.09574287567839065,Neutral,High
2015-12-09,417.632671244886,0.1198952785993527,0.08392669501954689,1.2863131267020202,128.63131267020202,0.30800107732657933,Neutral,High
2015-12-10,415.729924313267,-0.11812868773022128,-0.14175442527626553,0.6535976860035891,65.35976860035892,0.15721689678298945,Neutral,Medium
2015-12-11,453.86148012858,0.02502995006549571,0.03003594007859485,1.0942922641946966,109.42922641946966,0.24110710252050493,Neutral,Medium
2015-12-12,435.85572238457,-0.06477266807371797,-0.07772720168846156,0.7920097274847795,79.20097274847795,0.18171373847099867,Neutral,Medium
2015-12-13,434.403466393922,0.25128870755805577,0.30154644906966693,2.4710405746535673,247.10405746535673,0.5688353721406081,Neutral,Medium
2015-12-14,442.991689655173,-0.18705540657287806,-0.22446648788745366,0.509971996465566,50.9971996465566,0.11511999172321513,Neutral,Medium
2015-12-15,464.617871712449,-0.2122315520768915,-0.2546778624922698,0.4657838528827387,46.57838528827387,0.10025095486878113,Neutral,Medium
2015-12-16,454.142492402104,-0.023605858608495366,-0.028327030330194437,0.9185296527231008,91.85296527231009,0.2022558267702953,Neutral,Medium
2015-12-17,456.240134611338,-0.21389107130114707,-0.25666928556137647,0.46300943057809285,46.300943057809285,0.10148371338977476,Neutral,Medium
2015-12-18,463.175769725307,-0.54322841626874,-0.651874099522488,0.2,20.0,0.04318015169891397,Neutral,Medium
2015-12-19,461.399907948568,0.11325082518000923,0.13590099021601107,1.503360552634752,150.3360552634752,0.325825932501558,Neutral,Medium
2015-12-20,442.15399006429,-1.073729143225025,-0.386542491561009,0.31360298417624644,31.360298417624644,0.0709261911513335,Extreme,Medium
2015-12-21,437.640129456458,0.4738110834756868,0.8528599502562362,3.0,300.0,0.6854947245642102,Value,Medium
2015-12-22,435.268379018118,-0.25196334878256105,-0.30235601853907323,0.40370613447238923,40.370613447238924,0.09274878533172404,Neutral,Medium
2015-12-23,442.665727060199,0.6490996392500055,2.3367587013000195,3.0,300.0,0.6777122818889532,Deep Value,Medium
2015-12-24,455.878713033314,-0.037145502367539204,-0.04457460284104704,0.8748316522856165,87.48316522856166,0.19190008817579665,Neutral,Medium
2015-12-25,455.718825832846,-0.05176085921037944,-0.06211303105245533,0.8299921026158975,82.99921026158975,0.18212811399639917,Neutral,Medium
2015-12-26,418.221531560491,-0.16182445788476077,-0.19418934946171293,0.5584623651190866,55.846236511908664,0.13353266701389607,Neutral,Medium
2015-12-27,422.705894506137,0.02330875903764936,0.027970510845179233,1.087532678294349,108.7532678294349,0.2572788060041022,Neutral,Medium
2015-12-28,421.052879602572,-0.7571438022717362,-0.5451435376356499,0.2,20.0,0.04749997201985133,Elevated,Medium
2015-12-29,431.340021332554,-0.16135647234185077,-0.19362776681022092,0.5594040264546449,55.940402645464495,0.12968980358614957,Neutral,Medium
2015-12-30,426.043646990064,-0.22764926142896375,-0.2731791137147565,0.4406354712564772,44.063547125647716,0.10342495994706229,Neutral,Medium
2015-12-31,429.677153419053,0.1358008162818045,0.16296097953816538,1.6304938405814504,163.04938405814505,0.37946952208354257,Neutral,Medium
2016-01-01,434.678006428989,-0.14204307100870142,-0.1704516852104417,0.5996824249553915,59.96824249553915,0.13796014891159633,Neutral,Medium
2016-01-02,434.439877264757,-0.46116239241309975,-0.5533948708957197,0.2,20.0,0.0460362895918313,Neutral,Medium
2016-01-03,430.136180011689,-0.26394316836818005,-0.31673180204181606,0.38666545927264856,38.666545927264856,0.08989373069294958,Neutral,Medium
2016-01-04,433.44897106955,0.5025891625521479,0.9046604925938662,3.0,300.0,0.6921229949161948,Value,Medium
2016-01-05,432.669502630041,-0.02379931013042416,-0.028559172156508994,0.9178901879653997,91.78901879653996,0.2121458023701412,Neutral,Medium
2016-01-06,430.677869666862,0.0628783497658349,0.07545401971900187,1.2540296160003492,125.40296160003493,0.29117577296701275,Neutral,Medium
2016-01-07,459.208940093513,-0.0959142133738683,-0.11509705604864195,0.7080141722787278,70.80141722787278,0.15418126923542652,Neutral,Medium
2016-01-08,454.134423728814,-0.27709436392403786,-0.3325132367088454,0.36878564554082205,36.8785645540822,0.08120627423765657,Neutral,Medium
2016-01-09,449.845216247808,-0.1651454512316393,-0.19817454147796715,0.5518253793913843,55.182537939138435,0.12267005615713786,Neutral,Medium
2016-01-10,448.580216247808,0.5069354131674658,0.9124837437014384,3.0,300.0,0.6687767073398346,Value,Medium
2016-01-11,449.033059029807,0.04972109800871647,0.05966531761045976,1.1960159036800533,119.60159036800533,0.26635364136979084,Neutral,Medium
2016-01-12,441.768157218001,-0.16378632434542006,-0.19654358921450407,0.5545319980951876,55.45319980951876,0.12552557015139065,Neutral,Medium
2016-01-13,432.310645236704,0.17550914583910118,0.2106109750069214,1.8810552546257593,188.10552546257594,0.4351165707695727,Neutral,Medium
2016-01-14,429.823224722385,-0.3454560955643896,-0.3454560955643896,0.3547406617721767,35.47406617721767,0.08253175756179701,Neutral,Low
2016-01-15,367.823199883109,-0.44967271318443686,-0.5396072558213242,0.2,20.0,0.054373949240710824,Neutral,Medium
2016-01-16,388.071204558738,0.1579524859206296,0.1895429831047555,1.7658443288975199,176.58443288975198,0.45503101187458594,Neutral,Medium
2016-01-17,382.482086499123,0.2381852143959458,0.28582225727513494,2.3571818445472847,235.7181844547285,0.6162855536902876,Neutral,Medium
2016-01-18,384.865166569258,-0.40884981500999157,-0.49061977801198986,0.22949837410051716,22.949837410051714,0.05963085101889001,Neutral,Medium
2016-01-19,378.161725014611,-0.17023108606903092,-0.2042773032828371,0.5418143251010628,54.181432510106276,0.1432758233478358,Neutral,Medium
2016-01-20,420.622924168323,-0.30221128369891076,-0.21154789858923753,0.530124340217263,53.01243402172629,0.1260331545803053,Neutral,High
2016-01-21,409.298459672706,0.023937984960411565,0.016756589472288093,1.051554734371955,105.1554734371955,0.2569163673894172,Neutral,High
2016-01-22,381.046459380479,-0.2775971704000708,-0.19431801928004955,0.5582468349668981,55.82468349668981,0.14650361425074485,Neutral,High
2016-01-23,386.370602571596,-0.0684977302216061,-0.04794841115512427,0.8660217688760494,86.60217688760494,0.2241427694322505,Neutral,High
2016-01-24,403.446926651081,-0.6055237969267872,-0.25431999470925054,0.4662841885200803,46.62841885200803,0.11557509989990425,Elevated,High
2016-01-25,391.986097311514,-0.05879096982578593,-0.04115367887805015,0.8838560785809249,88.38560785809248,0.22548148636978785,Neutral,High
2016-01-26,391.142935125657,-0.06528690732462926,-0.04570083512724048,0.8718808490721232,87.18808490721231,0.22290594326905744,Neutral,High
2016-01-27,394.62753037405,0.2081813737378786,0.145726961616515,1.5483361222741305,154.83361222741306,0.39235380278880466,Neutral,High
2016-01-28,378.900995616599,0.025159549070928187,0.01761168434964973,1.0542557345077028,105.42557345077029,0.27824042340983435,Neutral,High
2016-01-29,378.99999482291,-0.1197008140064946,-0.08379056980454622,0.7777332270616224,77.77332270616225,0.2052066590198828,Neutral,High
2016-01-30,377.262779076564,-0.7178019487021974,-0.3014768184549229,0.40477235538873296,40.477235538873295,0.10729188720379594,Elevated,High
2016-01-31,366.341687609585,-0.4287285856710809,-0.3001100099697566,0.40643550173197845,40.643550173197845,0.11094437665121037,Neutral,High
2016-02-01,371.22343509059,-0.16490535895928887,-0.1154337512715022,0.707299378372471,70.7299378372471,0.1905319846522804,Neutral,High
2016-02-02,372.927631209819,-0.09515232819033426,-0.06660662973323397,0.8188782286097167,81.88782286097167,0.21958100180273152,Neutral,High
2016-02-03,368.098206604325,-0.46882841961436605,-0.32817989373005624,0.37361116760787516,37.36111676078752,0.10149768754768103,Neutral,High
2016-02-04,389.723081239042,0.3112160760540984,0.21785125323786886,1.9223603110650513,192.23603110650512,0.4932631408315139,Neutral,High
2016-02-05,384.398413983051,0.4184509032363898,0.4393734483982093,3.0,300.0,0.7804402648061594,Value,High
2016-02-06,374.631555523086,-0.04559050223922329,-0.031913351567456304,0.9087001977135744,90.87001977135743,0.2425583708357897,Neutral,High
2016-02-07,375.153917592051,0.22724669220787877,0.15907268454551513,1.6115848176737957,161.15848176737956,0.42957963174631203,Neutral,High
2016-02-08,370.814350327294,-0.3044069175269285,-0.21308484226884994,0.5276856529628806,52.76856529628806,0.1423045393192379,Neutral,High
2016-02-09,373.5116128609,-0.27385090562848574,-0.19169563393994002,0.5626559708545261,56.26559708545261,0.15063948522105675,Neutral,High
2016-02-10,379.082611630625,0.006215864340001754,0.004351105038001227,1.013138881534881,101.3138881534881,0.26726071058149065,Neutral,High
2016-02-11,377.639165108124,-0.41000232312358764,-0.2870016261865113,0.42273706939297195,42.2737069392972,0.11194206227840159,Neutral,High
2016-02-12,382.294456458212,0.25561312849574924,0.17892918994702445,1.7105031548586045,171.05031548586044,0.44743080260845397,Neutral,High
2016-02-13,389.598432472238,-0.06892588541525016,-0.04824811979067511,0.8652434562208979,86.5243456220898,0.22208596957908794,Neutral,High
2016-02-14,406.150669491525,-0.23359434838282478,-0.28031321805938975,0.4313050553616957,43.13050553616957,0.10619336314320556,Neutral,Medium
2016-02-15,399.26761864699,0.35995112572037313,0.6479120262966717,3.0,300.0,0.7513757339416076,Value,Medium
2016-02-16,407.035309468147,0.11499395984240234,0.1379927518108828,1.5128242308183624,151.28242308183624,0.3716690408984654,Neutral,Medium
2016-02-17,415.324113383986,-0.21916214860586564,-0.26299457832703876,0.45430625631544025,45.430625631544025,0.1093859570574496,Neutral,Medium
2016-02-18,421.289662981882,-0.22093798629439554,-0.26512558355327465,0.4514111334393061,45.14111334393061,0.10714982424306944,Neutral,Medium
2016-02-19,419.626528541204,-0.8235413754639588,-0.5929497903340503,0.2,20.0,0.0476614290081428,Elevated,Medium
2016-02-20,440.195760081823,-0.07282512828097537,-0.08739015393717044,0.7693798626437905,76.93798626437905,0.17478129787092433,Neutral,Medium
2016-02-21,438.718612681473,-0.04229295810387904,-0.04229295810387904,0.8808403585305877,88.08403585305878,0.20077569837915962,Neutral,Low
2016-02-22,437.535295094097,-0.0645661486412788,-0.0645661486412788,0.8239063191203465,82.39063191203465,0.1883062528574194,Neutral,Low
2016-02-23,420.032592609585,0.22159156431162735,0.22159156431162735,1.9440524632349647,194.40524632349647,0.46283371753532876,Neutral,Low
2016-02-24,423.995112507306,-0.1672374669762202,-0.1672374669762202,0.6054929248103662,60.54929248103662,0.14280658124329978,Neutral,Low
2016-02-25,424.090870251315,-0.05970480623911988,-0.05970480623911988,0.8360102387052408,83.60102387052409,0.19712997787710537,Neutral,Low
2016-02-26,431.762241963764,-0.03956419150294617,-0.03956419150294617,0.8880807774690055,88.80807774690055,0.20568745739085226,Neutral,Low
2016-02-27,432.947845996493,-0.08064655526287798,-0.08064655526287798,0.7851035447260963,78.51035447260963,0.1813390578070819,Neutral,Low
2016-02-28,433.102262711864,-0.13395933556485154,-0.13395933556485154,0.6690623618410035,66.90623618410035,0.1544813822148327,Neutral,Low
2016-02-29,437.775872589129,0.3523270717449963,0.5284906076174944,3.0,300.0,0.6852821701335802,Value,Low
2016-03-01,432.807867153711,-0.48812757690571795,-0.48812757690571795,0.23122067285529646,23.122067285529646,0.05342339878798433,Neutral,Low
2016-03-02,423.079789392168,0.09532991733742277,0.09532991733742277,1.3310788143030368,133.10788143030368,0.3146164973314789,Neutral,Low
2016-03-03,419.268821332554,0.1243758064837624,0.1243758064837624,1.452269375410895,145.2269375410895,0.3463814387139915,Neutral,Low
2016-03-04,407.990154295734,-0.056187302576657945,-0.056187302576657945,0.8448789572615286,84.48789572615286,0.20708317305351276,Neutral,Low
2016-03-05,397.314453945061,-0.4260733993966066,-0.4260733993966066,0.27853259237382233,27.853259237382233,0.07010381565739278,Neutral,Low
2016-03-06,403.705187463472,0.08349313696638097,0.08349313696638097,1.28464114004773,128.464114004773,0.31821269082998016,Neutral,Low
2016-03-07,413.22936616014,0.12042026605533464,0.12042026605533464,1.435137693355253,143.5137693355253,0.3472980893616089,Neutral,Low
2016-03-08,411.425953243717,-0.469366969966098,-0.469366969966098,0.24460737378135045,24.460737378135043,0.0594535594686833,Neutral,Low
2016-03-09,412.540703506721,-0.11499031340110905,-0.11499031340110905,0.7082409345063103,70.82409345063103,0.17167783166268144,Neutral,Low
2016-03-10,416.340928696669,-0.2758501132227563,-0.2758501132227563,0.43711876835996416,43.711876835996414,0.10499058301290218,Neutral,Low
2016-03-11,419.511934248977,-0.5229211544771915,-0.5229211544771915,0.20830259695136988,20.830259695136988,0.04965355689446106,Neutral,Low
2016-03-12,410.264163296318,-0.292229048268464,-0.292229048268464,0.4161593060439587,41.61593060439587,0.10143691388988876,Neutral,Low
2016-03-13,411.805882466394,0.2151593856682664,0.2151593856682664,1.9068986082425923,190.68986082425923,0.4630576418242902,Neutral,Low
2016-03-14,415.026957276446,-0.4040985694601199,-0.4040985694601199,0.29751349062665566,29.751349062665568,0.0716853412556728,Neutral,Low
2016-03-15,415.266400292227,0.23906969736873024,0.23906969736873024,2.048707470502239,204.87074705022388,0.4933477567798752,Neutral,Low
2016-03-16,417.024118468732,0.014884014368727733,0.014884014368727733,1.0456639506197818,104.56639506197818,0.25074423859688216,Neutral,Low
2016-03-17,418.605363822326,0.286427346772151,0.286427346772151,2.3614646485208577,236.14646485208576,0.5641267056298791,Neutral,Low
2016-03-18,408.901587405026,0.5781825615085713,0.867273842262857,3.0,300.0,0.7336728671166625,Value,Low
2016-03-19,409.124429865576,0.28861328797358,0.28861328797358,2.3770016057655,237.70016057655,0.580997230242765,Neutral,Low
2016-03-20,412.056953828171,0.1752179928248292,0.1752179928248292,1.6915647336511055,169.15647336511054,0.4105172156265789,Neutral,Low
2016-03-21,411.601774050263,-0.6244862432737261,-0.37469174596423566,0.32495283251995616,32.495283251995616,0.07894835566969018,Elevated,Low
2016-03-22,416.581653828171,-0.6519124225949702,-0.3911474535569821,0.3093003831054549,30.930038310545488,0.07424724067014078,Elevated,Low
2016-03-23,417.378299532437,0.4143313543309757,0.6214970314964635,3.0,300.0,0.7187723950576046,Value,Low
2016-03-24,413.560239918177,0.10878809213521717,0.10878809213521717,1.3859201349352936,138.59201349352935,0.33511928883915393,Neutral,Low
2016-03-25,416.373243834015,0.4226774256415654,0.6340161384623482,3.0,300.0,0.7205073919677544,Value,Low
2016-03-26,416.823096668615,0.346696064323769,0.346696064323769,2.829466542409676,282.9466542409676,0.6788171205059622,Neutral,Low
2016-03-27,425.454959848042,-0.9905081587659024,-0.2971524476297707,0.4100577223846125,41.005772238461255,0.09638099471941076,Extreme,Low
2016-03-28,422.917446814728,-0.7236424306683552,-0.43418545840101314,0.2718359892629401,27.18359892629401,0.0642763715023623,Elevated,Low
2016-03-29,415.863828755114,0.03666187679341905,0.03666187679341905,1.1162620300827188,111.62620300827189,0.26842008198314404,Neutral,Low
2016-03-30,412.777697779076,-0.26101123528964876,-0.26101123528964876,0.45701744960720686,45.70174496072069,0.11071757317950075,Neutral,Low
2016-03-31,415.956811221508,-0.0784689586221699,-0.0784689586221699,0.7902492508590813,79.02492508590812,0.18998348615530966,Neutral,Low
2016-04-01,417.20066025716,-0.07439701319253926,-0.07439701319253926,0.7999620102913134,79.99620102913134,0.19174514484186617,Neutral,Low
2016-04-02,419.763056691993,-0.18328393944675525,-0.18328393944675525,0.5770353100955606,57.703531009556066,0.1374669116055557,Neutral,Low
2016-04-03,420.073578901227,-0.27211397107419455,-0.27211397107419455,0.44204574215412246,44.204574215412244,0.1052305511121093,Neutral,Low
2016-04-04,419.540727878434,-0.0743231411378403,-0.0743231411378403,0.8001393144494654,80.01393144494654,0.1907179115829044,Neutral,Low
2016-04-05,422.50136440678,0.685094485208914,1.027641727813371,3.0,300.0,0.710056878564688,Value,Low
2016-04-06,421.907191233197,0.2901204918158195,0.2901204918158195,2.3877738191541447,238.77738191541448,0.5659476464894792,Neutral,Low
2016-04-07,421.467220046756,-0.0708615937265305,-0.0708615937265305,0.8084917685298862,80.84917685298862,0.1918279121304369,Neutral,Low
2016-04-08,418.643460549386,0.22710052211207807,0.22710052211207807,1.9764485377125691,197.64485377125692,0.4721078253841287,Neutral,Low
2016-04-09,418.758635359439,0.1282873574586439,0.1282873574586439,1.4694116350078414,146.94116350078414,0.3508970349343556,Neutral,Low
2016-04-10,421.954488544711,0.30084852691241304,0.30084852691241304,2.4658722053153284,246.58722053153284,0.5843929315267944,Neutral,Low
2016-04-11,423.273044009351,0.3879924442843489,0.5819886664265234,3.0,300.0,0.7087623562283176,Value,Low
2016-04-12,427.427664582116,-0.37717948650281014,-0.37717948650281014,0.32253666492827054,32.25366649282705,0.07545994133150122,Neutral,Low
2016-04-13,424.87251811806,0.16144246541046017,0.16144246541046017,1.6230829499150292,162.30829499150292,0.382016459220368,Neutral,Low
2016-04-14,425.8565949737,-0.8482885421080613,-0.5089731252648367,0.21720376087832824,21.720376087832825,0.05100396787133056,Elevated,Low
2016-04-15,430.724418760959,0.008115626648125169,0.008115626648125169,1.0246456852904644,102.46456852904645,0.2378889240220013,Neutral,Low
2016-04-16,432.216313033314,-0.37877480424643567,-0.37877480424643567,0.3209967075560985,32.09967075560985,0.07426760579750653,Neutral,Low
2016-04-17,429.339968731736,-0.2823078239977478,-0.2823078239977478,0.4287319107797323,42.873191077973225,0.09985837378388042,Neutral,Low
2016-04-18,429.656933664524,-0.1546565841544851,-0.1546565841544851,0.6287825733033252,62.878257330332524,0.1463452638691218,Neutral,Low
2016-04-19,437.568726183518,0.4216214077020414,0.632432111553062,3.0,300.0,0.6856065848594921,Value,Low
2016-04-20,442.661653302163,0.5080322586856523,0.7620483880284784,3.0,300.0,0.6777185187875728,Value,Low
2016-04-21,452.164702805377,-0.2285929392577373,-0.2285929392577373,0.5036977879848094,50.36977879848094,0.1113969721342034,Neutral,Low
2016-04-22,448.134421332554,0.17839650322083003,0.17839650322083003,1.7077718508568305,170.77718508568304,0.3810847302866561,Neutral,Low
2016-04-23,453.914722969024,0.3844130773295199,0.5766196159942798,3.0,300.0,0.6609170948184304,Value,Low
2016-04-24,463.382871420222,-0.3650230810840002,-0.3650230810840002,0.33451644314027745,33.451644314027746,0.0721900751564291,Neutral,Low
2016-04-25,465.31600666277,-0.1461745196404378,-0.1461745196404378,0.6449880052174903,64.49880052174903,0.13861289875741037,Neutral,Low
2016-04-26,469.60876452367,-0.0337605393988961,-0.0337605393988961,0.9036785047367771,90.36785047367772,0.19243220591365867,Neutral,Low
2016-04-27,445.741113091759,-0.21355521217455087,-0.21355521217455087,0.5269415557352954,52.69415557352954,0.11821695155744377,Neutral,Low
2016-04-28,451.060061776739,-0.8460878748393537,-0.5076527249036121,0.21806585498809056,21.806585498809056,0.048345192462645147,Elevated,Low
2016-04-29,457.009965225015,0.2669663301203077,0.2669663301203077,2.2275425679274936,222.75425679274937,0.48741662926994017,Neutral,Low
2016-04-30,449.900484511981,-0.49145432686902757,-0.49145432686902757,0.22892450995937907,22.892450995937907,0.05088336595318397,Neutral,Low
2016-05-01,455.010731151374,-0.26705461170140543,-0.26705461170140543,0.4488063234881899,44.88063234881899,0.09863642607999942,Neutral,Low
2016-05-02,444.933061192285,-0.9710920379895546,-0.29132761139686636,0.4172862531934996,41.72862531934996,0.09378629946610387,Extreme,Low
2016-05-03,451.628850379895,0.5434139666456604,0.8151209499684906,3.0,300.0,0.664262258152131,Value,Low
2016-05-04,448.367967562829,1.0920470112399845,2.5,3.0,300.0,0.6690932932401366,Deep Value,Low
2016-05-05,449.336072472238,0.33670151496755674,0.33670151496755674,2.7458880686125364,274.58880686125366,0.6110989606297833,Neutral,Low
2016-05-06,461.693862361192,0.011859930199096615,0.011859930199096615,1.0362203254682767,103.62203254682767,0.22443883489566982,Neutral,Low
2016-05-07,461.361842489772,-0.12830558248267315,-0.12830558248267315,0.6805072878147113,68.05072878147112,0.14749969007889885,Neutral,Low
2016-05-08,461.378872296902,0.037126312418182386,0.037126312418182386,1.1178184096481318,111.78184096481318,0.24227776275997406,Neutral,Low
2016-05-09,463.462231677382,-0.6181967456478279,-0.3709180473886967,0.32865255759924034,32.86525575992403,0.0709124789758525,Elevated,Low
2016-05-10,451.079668322618,0.0933456323361018,0.0933456323361018,1.3231786327697703,132.31786327697702,0.29333590620258587,Neutral,Low
2016-05-11,453.896305260082,-0.06334678763051407,-0.06334678763051407,0.8269257561551456,82.69257561551456,0.18218384828696021,Neutral,Low
2016-05-12,455.607255932203,0.3127952044951462,0.3127952044951462,2.55585195302341,255.585195302341,0.5609770081018498,Neutral,Low
2016-05-13,457.241902688486,0.08004455644036734,0.08004455644036734,1.2714190886897998,127.14190886897998,0.2780626799980762,Neutral,Low
2016-05-14,458.119524839275,0.09973607113040311,0.09973607113040311,1.3487904304675662,134.8790430467566,0.2944188923056206,Neutral,Low
2016-05-15,460.85772063121,0.08568654851854961,0.08568654851854961,1.2931222534545275,129.31222534545276,0.28059034178344966,Neutral,Low
2016-05-16,455.224077323203,-0.1001279481321252,-0.1001279481321252,0.7405339163267838,74.05339163267838,0.16267459328628936,Neutral,Low
2016-05-17,453.545777030976,0.5030594884962967,0.754589232744445,3.0,300.0,0.6614547311274177,Value,Low
2016-05-18,454.486184102864,0.31510484969321984,0.31510484969321984,2.573622781960566,257.3622781960566,0.5662708509040347,Neutral,Low
2016-05-19,437.724187142022,0.3243720079060409,0.3243720079060409,2.6461771768667397,264.617717686674,0.6045307192513383,Neutral,Low
2016-05-20,442.396799240211,-0.3652663206459869,-0.3652663206459869,0.3342724292825208,33.427242928252085,0.07555941405014976,Neutral,Low
2016-05-21,444.078207188778,-0.09824850813017616,-0.09824850813017616,0.7447210767045728,74.47210767045728,0.1677004330879023,Neutral,Low
2016-05-22,440.558668848627,-0.17280207110923823,-0.17280207110923823,0.595468842384714,59.5468842384714,0.13516221209332577,Neutral,Low
2016-05-23,444.205057276447,0.7746092817917862,2.3238278453753587,3.0,300.0,0.6753637651930147,Deep Value,Low
2016-05-24,445.674454938632,-0.5423286567531396,-0.3253971940518837,0.37674316556075604,37.6743165560756,0.08453326444582344,Elevated,Low
2016-05-25,450.54952717709,0.265881694139608,0.265881694139608,2.220306129211955,222.03061292119548,0.49279956925562507,Neutral,Low
2016-05-26,454.43372238457,0.2681485016643074,0.2681485016643074,2.23545660556812,223.545660556812,0.4919213727885137,Neutral,Low
2016-05-27,471.820117299825,-0.12650832060795647,-0.12650832060795647,0.6841863466616503,68.41863466616503,0.14500999884811486,Neutral,Low
2016-05-28,530.910597895967,0.09660330223907523,0.11592396268689027,1.415909227099056,141.5909227099056,0.2666944741186926,Neutral,Medium
2016-05-29,527.54971244886,0.2639752420441385,0.31677029045296623,2.586513607347089,258.65136073470893,0.49028812760424406,Neutral,Medium
2016-05-30,533.493149035652,-0.7159057479452636,-0.5154521385205898,0.21302272782491266,21.302272782491265,0.03992979632633987,Elevated,Medium
2016-05-31,530.943692811221,0.08808874764589714,0.10570649717507656,1.3731666438993324,137.31666438993324,0.25862754610168553,Neutral,Medium
2016-06-01,537.613678842782,-0.19531210779772198,-0.19531210779772198,0.5565844746928594,55.658447469285946,0.10352870408560146,Neutral,Low
2016-06-02,538.771243191116,0.42948380237401823,0.6442257035610274,3.0,300.0,0.5568225917610496,Value,Low
2016-06-03,570.175988252484,0.17708887559132025,0.2125066507095843,1.8917833434020648,189.17833434020648,0.33178937422463844,Neutral,Medium
2016-06-04,574.26620163647,-0.43404386386499655,-0.5208526366379959,0.20959924892516227,20.959924892516227,0.03649862177642934,Neutral,Medium
2016-06-05,575.137638047925,-0.542480258854642,-0.6509763106255704,0.2,20.0,0.03477428475709226,Neutral,Medium
2016-06-06,585.857149035652,0.8136222580746922,2.5,3.0,300.0,0.5120702213736128,Deep Value,Medium
2016-06-07,578.469240677966,-0.11397613167190213,-0.13677135800628254,0.6634418475637797,66.34418475637797,0.11468921783744729,Neutral,Medium
2016-06-08,583.097585330216,-0.2814014204282844,-0.3376817045139413,0.3631115783615691,36.31115783615691,0.06227286606853879,Neutral,Medium
2016-06-09,577.101699707773,0.09685275222952436,0.11622330267542923,1.417181312948249,141.7181312948249,0.24556872968245755,Neutral,Medium
2016-06-10,579.814993571011,0.11041979645454075,0.1325037557454489,1.488116560833358,148.8116560833358,0.256653687354345,Neutral,Medium
2016-06-11,605.44955698422,0.3178954324508184,0.5722117784114731,3.0,300.0,0.4954995780231763,Value,Medium
2016-06-12,670.39237434249,-0.1906211941163515,-0.2287454329396218,0.5034674084952115,50.346740849521154,0.07510040802433116,Neutral,Medium
2016-06-13,704.321778141438,0.13395881181452543,0.16075057417743052,1.6197174533691143,161.97174533691143,0.2299683899656233,Neutral,Medium
2016-06-14,684.948319403857,-0.5606366088468476,-0.6727639306162171,0.2,20.0,0.02919928326476799,Neutral,Medium
2016-06-15,695.001468439509,-0.02218651933580902,-0.026623823202970825,0.9232350025169522,92.32350025169522,0.13283928803631126,Neutral,Medium
2016-06-16,767.420031268264,0.037947589727246156,0.045537107672695386,1.1463824894311827,114.63824894311827,0.14938136127833837,Neutral,Medium
2016-06-17,750.014633927528,0.4112834017693779,0.7403101231848802,3.0,300.0,0.3999921953909345,Value,Medium
2016-06-18,758.28878012858,0.03516567401032861,0.04219880881239433,1.1349588859415047,113.49588859415047,0.14967370158754745,Neutral,Medium
2016-06-19,766.767132670952,-0.12957343997750365,-0.15548812797300438,0.6272159474068266,62.72159474068266,0.08180005645546991,Neutral,Medium
2016-06-20,722.497452367037,-0.09058652802769795,-0.10870383363323755,0.7217247099906369,72.17247099906369,0.099893045660733,Neutral,Medium
2016-06-21,669.604204675628,-0.19114346331868035,-0.13380042432307623,0.6693814024759122,66.93814024759122,0.0999667262842497,Neutral,High
2016-06-22,594.832974634716,0.1795661112908711,0.12569627790360977,1.4580338261737054,145.80338261737054,0.2451165097343631,Neutral,High
2016-06-23,627.677855639977,-0.020583263278152936,-0.014408284294707054,0.9576960251418613,95.76960251418612,0.1525776346156739,Neutral,High
2016-06-24,664.126985680889,0.4606572617624427,0.4836901248505648,3.0,300.0,0.45172084024326803,Value,High
2016-06-25,668.872684102864,0.3170782192483724,0.332932130210791,2.7150120471509056,271.5012047150906,0.40590864475090027,Value,High
2016-06-26,630.4342421391,0.30577353299260013,0.21404147309482008,1.9005140824479512,190.0514082447951,0.30146111289884836,Neutral,High
2016-06-27,652.244807714787,0.3265884790298047,0.34291790298129493,2.7975770658639765,279.75770658639766,0.42891519147014784,Value,High
2016-06-28,647.218768381064,-0.4411764422146422,-0.3088235095502495,0.3959487367928182,39.594873679281825,0.0611769553258219,Neutral,High
2016-06-29,638.586345645821,-0.006973652418886263,-0.0048815566932203834,0.985462041547251,98.5462041547251,0.15431930987353396,Neutral,High
2016-06-30,674.284814728229,0.1817664480123007,0.1272365136086105,1.4647865626421777,146.47865626421776,0.21723558511881377,Neutral,High
2016-07-01,677.512385739334,0.4725285713078392,0.4961549998732311,3.0,300.0,0.4427963330480307,Value,High
2016-07-02,702.739316773817,-0.3730041075395304,-0.2611028752776713,0.4568918236557149,45.68918236557149,0.06501583343212454,Neutral,High
2016-07-03,662.55008591467,-0.3924791744007483,-0.2747354220805238,0.4385829724560571,43.85829724560571,0.06619619886556656,Neutral,High
2016-07-04,679.842453360608,-0.24767518079322254,-0.17337262655525576,0.59445047021716,59.445047021716,0.08743944531246364,Neutral,High
2016-07-05,668.165981297487,-0.07185405563018432,-0.05029783894112902,0.8599392628484984,85.99392628484985,0.1287014434914232,Neutral,High
2016-07-06,677.651333138515,-0.40532625040443726,-0.28372837528310607,0.42690869150306093,42.69086915030609,0.06299828106673241,Neutral,High
2016-07-07,640.053236119229,-0.4759472111281312,-0.3331630477896918,0.3680674228350971,36.806742283509706,0.05750575140698664,Neutral,High
2016-07-08,665.051708357685,-0.11984139721829198,-0.08388897805280439,0.7775036548575255,77.75036548575255,0.11690875237017817,Neutral,High
2016-07-09,651.941914026885,-0.09044074268699825,-0.06330851988089878,0.8270206953680674,82.70206953680675,0.12685496630516727,Neutral,High
2016-07-10,649.959340970193,0.21799931880989618,0.15259952316692732,1.580590591841657,158.0590591841657,0.24318299502893714,Neutral,High
2016-07-11,650.272594681473,-0.11009160002733231,-0.07706412001913261,0.793586796950185,79.3586796950185,0.12203909613304746,Neutral,High
2016-07-12,670.023127995324,-0.2990042344021414,-0.20930296408149898,0.5337066731050925,53.37066731050925,0.0796549627625417,Neutral,High
2016-07-13,658.333613383986,0.3037245841305459,0.21260720889138213,1.8923541323740913,189.23541323740915,0.28744607504498465,Neutral,High
2016-07-14,660.905960198714,0.25471985084452364,0.17830389559116655,1.707297458649047,170.72974586490471,0.25832683641341586,Neutral,High
2016-07-15,666.758671127995,-0.09113343972649367,-0.06379340780854556,0.8258185328978627,82.58185328978627,0.12385568702102918,Neutral,High
2016-07-16,665.275622150789,0.14525096712784497,0.10167567698949147,1.3566616743895412,135.66616743895412,0.20392475377401476,Neutral,High
2016-07-17,681.089601987142,0.36581803608004076,0.3841089378840428,3.0,300.0,0.4404706798117637,Value,High
2016-07-18,675.118579193454,0.11114277739781732,0.07779994417847212,1.2628863214342276,126.28863214342276,0.1870614082259392,Neutral,High
2016-07-19,674.660360315605,-0.20640864304180265,-0.14448605012926186,0.6482634216207596,64.82634216207596,0.09608737369978326,Neutral,High
2016-07-20,667.305364874343,0.06813335999411205,0.04769335199587843,1.1538221683419505,115.38221683419505,0.1729076715214512,Neutral,High
2016-07-21,666.851739333723,0.039257472141333516,0.047108966569600216,1.1518011098961685,115.18011098961685,0.1727222172423179,Neutral,Medium
2016-07-22,650.562911630625,0.3698903324552521,0.6658025984194538,3.0,300.0,0.46113910682066866,Value,Medium
2016-07-23,657.377942957335,-0.13572944593165648,-0.16287533511798777,0.6134687181118136,61.34687181118136,0.09332055093786876,Neutral,Medium
2016-07-24,661.393979836353,0.2053752979588927,0.24645035755067124,2.0945758458301973,209.45758458301972,0.3166910963339057,Neutral,Medium
2016-07-25,655.119577849211,-0.5213648334819231,-0.6256378001783077,0.2,20.0,0.03052877776246736,Neutral,Medium
2016-07-26,654.626339158387,-0.4182633121072115,-0.4182633121072115,0.2851357385959204,28.51357385959204,0.04355702200472134,Neutral,Low
2016-07-27,656.275146873174,-0.07839570657741646,-0.07839570657741646,0.7904229320626082,79.04229320626082,0.12044078399564298,Neutral,Low
2016-07-28,656.196453360608,-0.15804349673689766,-0.15804349673689766,0.6224260267648426,62.24260267648426,0.09485361031398214,Neutral,Low
2016-07-29,657.557567504383,-0.12270245663321197,-0.12270245663321197,0.6920428731257191,69.2042873125719,0.10524445422356214,Neutral,Low
2016-07-30,655.361730157803,0.2593717938370721,0.2593717938370721,2.177364894163562,217.73648941635622,0.33223863920758384,Neutral,Low
2016-07-31,624.804487142022,-0.1068677499958049,-0.1068677499958049,0.7257111197762973,72.57111197762973,0.11615011330917963,Neutral,Low
2016-08-01,606.50924792519,0.07083812038994185,0.07083812038994185,1.236783875101014,123.6783875101014,0.2039183869548458,Neutral,Low
2016-08-02,526.981148334307,-0.13961247481917888,-0.16753496978301466,0.6049527583638981,60.49527583638981,0.11479590119609503,Neutral,Medium
2016-08-03,570.347040911748,0.4252334967312731,0.7654202941162916,3.0,300.0,0.5259955404001476,Value,Medium
2016-08-04,583.542158036236,-0.18066199850843714,-0.21679439821012456,0.5218457699457681,52.184576994576815,0.08942726121141077,Neutral,Medium
2016-08-05,581.279805669199,0.2693736522615896,0.3232483827139075,2.6372722599659233,263.7272259965923,0.4537009946405691,Neutral,Medium
2016-08-06,590.795402980713,-0.015042405322877324,-0.018050886387452787,0.9472874833493339,94.72874833493339,0.16034103829684992,Neutral,Medium
2016-08-07,594.73232402104,-0.4213679651560647,-0.5056415581872776,0.21938553249049458,21.93855324904946,0.03688811312746696,Neutral,Medium
2016-08-08,591.629283869083,-0.15206009187908814,-0.18247211025490576,0.5784423851853836,57.84423851853836,0.0977710875639115,Neutral,Medium
2016-08-09,587.932138223261,0.11543041983321636,0.13851650379985964,1.5152031333609315,151.52031333609315,0.2577173511793209,Neutral,Medium
2016-08-10,589.968758328463,-0.05905796171414357,-0.07086955405697228,0.8084724611755156,80.84724611755156,0.13703648706181176,Neutral,Medium
2016-08-11,589.585884687317,0.8308126634569928,2.5,3.0,300.0,0.5088317203508069,Deep Value,Medium
2016-08-12,587.19164956166,-0.45649036436011975,-0.5477884372321437,0.2,20.0,0.03406042986975385,Neutral,Medium
2016-08-13,585.363581648159,-0.40245315340728666,-0.48294378408874394,0.23484457837252673,23.484457837252673,0.04011943785626271,Neutral,Medium
2016-08-14,571.387062536528,-0.09065888473513742,-0.1087906616821649,0.7215367366284466,72.15367366284467,0.12627810182214613,Neutral,Medium
2016-08-15,566.564441320865,0.05086570920545638,0.06103885104654766,1.2009543749268503,120.09543749268504,0.21197136412708764,Neutral,Medium
2016-08-16,578.414924137931,-0.2690402149173914,-0.32284825790086963,0.37963509129307854,37.96350912930785,0.06563369571746203,Neutral,Medium
2016-08-17,573.663744418469,-0.13433631931117213,-0.16120358317340655,0.6165531488185235,61.655314881852355,0.107476401431562,Neutral,Medium
2016-08-18,573.263191992987,0.17266081918925907,0.2071929830271109,1.8618655130187043,186.18655130187042,0.32478371872190276,Neutral,Medium
2016-08-19,573.958457919345,0.08432333319340933,0.10118799983209119,1.3546782868957234,135.46782868957234,0.23602375192911404,Neutral,Medium
2016-08-20,581.797070134424,-0.12517303163333193,-0.1502076379599983,0.6372310878769506,63.72310878769506,0.10952806753215837,Neutral,Medium
2016-08-21,580.79219257744,0.18354593340545874,0.2202551200865505,1.9362737143878332,193.6273714387833,0.33338494200396124,Neutral,Medium
2016-08-22,584.971897720631,0.37044974302789235,0.6668095374502062,3.0,300.0,0.5128451489190564,Value,Medium
2016-08-23,582.627747399182,-0.27165477789255577,-0.3259857334710669,0.37607856783482624,37.607856783482625,0.06454868816557745,Neutral,Medium
2016-08-24,578.701831677382,0.007746460988454024,0.009295753186144827,1.0282797491732776,102.82797491732777,0.1776873154509953,Neutral,Medium
2016-08-25,576.033436586791,0.5132801917448458,0.9239043451407225,3.0,300.0,0.5208031009061034,Value,Medium
2016-08-26,578.874653419053,-0.3926100104805328,-0.47113201257663934,0.24331556962104128,24.331556962104127,0.042032513979309225,Neutral,Medium
2016-08-27,570.200993746347,0.6548279596281069,1.1786903273305924,3.0,300.0,0.5261302650999141,Value,Medium
2016-08-28,575.105232554062,-0.7412730011360631,-0.5337165608179654,0.2016645344896493,20.16645344896493,0.03506567547543433,Elevated,Medium
2016-08-29,573.429267562829,0.10085808865668677,0.12102970638802413,1.4377639858564093,143.77639858564092,0.2507308341562593,Neutral,Medium
2016-08-30,575.695698421976,-0.5226334821653711,-0.3762961071590672,0.3233925652365094,32.33925652365094,0.05617421949181695,Elevated,Medium
2016-08-31,572.272758328463,-0.5090165775910944,-0.366491935865588,0.33304561793217435,33.30456179321744,0.05819700712383355,Elevated,Medium
2016-09-01,572.221702045587,0.02415832958793004,0.02415832958793004,1.0751659145252077,107.51659145252077,0.18789324324500242,Neutral,Low
2016-09-02,576.846767387493,-0.24560567755620163,-0.24560567755620163,0.47863497298140645,47.86349729814064,0.08297437032526293,Neutral,Low
2016-09-03,600.374406779661,0.7600453106510282,2.2801359319530845,3.0,300.0,0.4996881889239173,Deep Value,Low
2016-09-04,610.538913325541,0.50691915249771,0.7603787287465651,3.0,300.0,0.49136917148479803,Value,Low
2016-09-05,607.526964172998,-0.319468508854171,-0.319468508854171,0.38350388549300524,38.350388549300526,0.06312540975280886,Neutral,Low
2016-09-06,612.995458270017,-0.5330993032964609,-0.31985958197787656,0.3830542151382106,38.30542151382106,0.06248891569592672,Elevated,Low
2016-09-07,615.659819111631,0.3194435950448799,0.3194435950448799,2.6073406272788215,260.73406272788213,0.42350345862120653,Neutral,Low
2016-09-08,630.550172004676,-0.5421614205789368,-0.32529685234736205,0.3768565917861685,37.685659178616845,0.05976631337488141,Elevated,Low
2016-09-09,622.977884044418,-0.18483095752977305,-0.18483095752977305,0.574363462807719,57.4363462807719,0.09219644509350948,Neutral,Low
2016-09-10,624.752640444185,0.686766512950461,1.0301497694256914,3.0,300.0,0.48019004735491283,Value,Low
2016-09-11,608.246675920514,-0.029178458079272288,-0.029178458079272288,0.916186461679862,91.6186461679862,0.1506274506627291,Neutral,Low
2016-09-12,607.70737270602,0.8162506818919911,2.4487520456759735,3.0,300.0,0.49365864801697207,Deep Value,Low
2016-09-13,608.694296317943,0.6883669300087834,1.0325503950131751,3.0,300.0,0.49285824068786604,Value,Low
2016-09-14,609.41308766803,0.22710334459001305,0.22710334459001305,1.9764652732305845,197.64652732305845,0.32432274810403133,Neutral,Low
2016-09-15,607.070262594974,-0.2390478713160955,-0.2390478713160955,0.4881445958980568,48.81445958980568,0.0804099007932691,Neutral,Low
2016-09-16,607.806438047925,-0.13115289321784718,-0.13115289321784718,0.6747191966318492,67.47191966318492,0.11100889269926559,Neutral,Low
2016-09-17,607.381449678551,0.12573984454222503,0.12573984454222503,1.4582244035260372,145.82244035260373,0.240083789898059,Neutral,Low
2016-09-18,611.533460315605,-0.25823205791441084,-0.25823205791441084,0.46084377617025285,46.08437761702528,0.0753587180548415,Neutral,Low
2016-09-19,608.871306312098,0.30139660038677274,0.30139660038677274,2.4699299777780195,246.99299777780195,0.4056571482631129,Neutral,Low
2016-09-20,608.371748626534,-0.04140459152414355,-0.04140459152414355,0.8831910169185725,88.31910169185726,0.1451729175315049,Neutral,Low
2016-09-21,596.945756633548,-0.6039173344316503,-0.36235040065899016,0.337209391446661,33.720939144666104,0.05648911776311806,Elevated,Low
2016-09-22,595.564716540035,0.3235318343547008,0.3235318343547008,2.6395158311945655,263.95158311945653,0.44319546774512997,Neutral,Low
2016-09-23,602.378784921099,0.1629961677827002,0.1629961677827002,1.6306659723147356,163.06659723147357,0.2707044160807098,Neutral,Low
2016-09-24,602.687359731151,-0.18952603407241206,-0.18952603407241206,0.5663301300257502,56.63301300257502,0.09396748096365931,Neutral,Low
2016-09-25,600.610054880187,-0.08970950907580408,-0.08970950907580408,0.7640450487454704,76.40450487454704,0.12721149813215937,Neutral,Low
2016-09-26,606.778810637055,0.5321849282723425,0.7982773924085138,3.0,300.0,0.49441410072482755,Value,Low
2016-09-27,605.151613734658,-0.025849182090317557,-0.025849182090317557,0.9253830248386037,92.53830248386036,0.15291755055029205,Neutral,Low
2016-09-28,604.686494389246,0.027361033100995233,0.027361033100995233,1.085546014198676,108.5546014198676,0.1795221200194184,Neutral,Low
2016-09-29,605.202561952075,0.261251252238927,0.261251252238927,2.1896763701402837,218.96763701402838,0.36180884018030324,Neutral,Low
2016-09-30,608.865840736412,-0.5359477800251703,-0.32156866801510214,0.3810952237253593,38.109522372535935,0.0625910008786881,Elevated,Low
2016-10-01,615.408478842782,0.46755979934640235,0.7013396990196035,3.0,300.0,0.4874810963997797,Value,Low
2016-10-02,611.748578316774,0.257934908826271,0.257934908826271,2.1679992258104024,216.79992258104025,0.3543938314945744,Neutral,Low
2016-10-03,612.590347399182,0.4491224180181039,0.6736836270271558,3.0,300.0,0.48972368120666965,Value,Low
2016-10-04,610.007881355932,0.2494117569052034,0.2494117569052034,2.113267379204279,211.32673792042792,0.346432799279066,Neutral,Low
2016-10-05,612.147780946815,-0.06163534007783176,-0.06163534007783176,0.8311823945090163,83.11823945090163,0.13578132934230655,Neutral,Low
2016-10-06,611.76086277031,-0.34535841787544774,-0.34535841787544774,0.3548446277482139,35.48446277482139,0.05800381314707326,Neutral,Low
2016-10-07,617.905705143191,0.1922696636305986,0.1922696636305986,1.780348249388597,178.03482493885969,0.2881262034918461,Neutral,Low
2016-10-08,619.301001753361,0.21269547622582274,0.21269547622582274,1.8928552978912265,189.28552978912265,0.30564382950006325,Neutral,Low
2016-10-09,617.101041320865,-0.5418119130500948,-0.3250871478300569,0.37709375196770994,37.70937519677099,0.06110729470826448,Elevated,Low
2016-10-10,618.0852,-0.03482148508852439,-0.03482148508852439,0.9008068157768743,90.08068157768743,0.1457415281545124,Neutral,Low
2016-10-11,642.981387258913,-0.44711050680008224,-0.44711050680008224,0.2614972477470963,26.149724774709632,0.0406694894951598,Neutral,Low
2016-10-12,636.59793220339,0.4798063463187858,0.7197095194781787,3.0,300.0,0.47125506512665116,Value,Low
2016-10-13,635.444095324372,0.007410854243919296,0.007410854243919296,1.0224815479238647,102.24815479238647,0.16090818302464885,Neutral,Low
2016-10-14,639.586090298071,-0.47596033177700087,-0.47596033177700087,0.23981655661717802,23.981655661717802,0.037495586638761104,Neutral,Low
2016-10-15,637.283759322034,0.20677115924855619,0.20677115924855619,1.8595108657646513,185.95108657646512,0.29178695338837246,Neutral,Low
2016-10-16,642.913042548217,-0.1837659979218048,-0.1837659979218048,0.576201418932446,57.6201418932446,0.08962353861241386,Neutral,Low
2016-10-17,639.137536469901,-0.39446142289064623,-0.39446142289064623,0.30624058248300123,30.624058248300123,0.04791466077464895,Neutral,Low
2016-10-18,635.576508591467,-0.045369300552407364,-0.045369300552407364,0.8727484564031489,87.2748456403149,0.13731603427843653,Neutral,Low
2016-10-19,629.640708036236,0.41422592416473514,0.6213388862471028,3.0,300.0,0.47646220482735196,Value,Low
2016-10-20,628.598901110462,0.40424408415124763,0.6063661262268715,3.0,300.0,0.4772518683536194,Value,Low
2016-10-21,630.90620338983,0.10671538540718398,0.10671538540718398,1.3773290548361579,137.73290548361578,0.21830963896627298,Neutral,Low
2016-10-22,654.508630976037,-0.3031609855531312,-0.3031609855531312,0.402732400316548,40.2732400316548,0.06153202284223092,Neutral,Low
2016-10-23,651.961956750438,-0.6574706171595172,-0.39448237029571026,0.3062213382510977,30.62213382510977,0.046969203506503826,Elevated,Low
2016-10-24,650.027167153711,-0.5778540295517253,-0.34671241773103517,0.35340617250417816,35.340617250417814,0.054367908044773865,Elevated,Low
2016-10-25,655.792505084746,0.0064300619608312,0.0064300619608312,1.0194774436592302,101.94774436592301,0.15545731855039824,Neutral,Low
2016-10-26,675.109869316189,0.09740170409180066,0.09740170409180066,1.3393777122768973,133.93777122768972,0.19839403527510824,Neutral,Low
2016-10-27,686.523327060199,0.4886399245187502,0.7329598867781253,3.0,300.0,0.43698442307073126,Value,Low
2016-10-28,690.390654938632,-0.007728158930061041,-0.007728158930061041,0.9770822181550267,97.70822181550267,0.1415259912870458,Neutral,Low
2016-10-29,715.445469316189,-0.6195809231220183,-0.371748553873211,0.3278347325950446,32.78347325950446,0.04582246259919483,Elevated,Low
2016-10-30,699.333410987726,-0.545681650996062,-0.32740899059763723,0.3744762215897879,37.44762215897879,0.05354759485334533,Elevated,Low
2016-10-31,698.897727995325,0.033838221802278474,0.033838221802278474,1.1068461506220124,110.68461506220125,0.15837026023776346,Neutral,Low
2016-11-01,730.578480011689,0.44518733881971806,0.6677810082295771,3.0,300.0,0.4106335023654134,Value,Low
2016-11-02,740.367055523086,-0.3975200075208025,-0.3975200075208025,0.3034434468063964,30.34434468063964,0.04098554150170914,Neutral,Low
2016-11-03,689.939206954997,-0.22228062218057953,-0.22228062218057953,0.5133271762966858,51.33271762966858,0.07440179817613538,Neutral,Low
2016-11-04,705.432016656926,0.787396064375234,2.362188193125702,3.0,300.0,0.4252713130624741,Deep Value,Low
2016-11-05,706.819325569842,-0.3231148497547709,-0.3231148497547709,0.37933158980741044,37.93315898074104,0.05366740496258941,Neutral,Low
2016-11-06,715.896879777908,0.17299538907460213,0.17299538907460213,1.68032321908696,168.032321908696,0.23471581823463805,Neutral,Low
2016-11-07,706.181216773816,-0.22985689941198445,-0.22985689941198445,0.50179144278416,50.179144278416,0.07105703619201183,Neutral,Low
2016-11-08,711.835846580947,0.29210700161932557,0.29210700161932557,2.402046313889336,240.20463138893362,0.3374438538641627,Neutral,Low
2016-11-09,721.50150993571,0.44329433217540964,0.6649414982631144,3.0,300.0,0.41579954562635874,Value,Low
2016-11-10,713.407615604909,0.098510675019101,0.098510675019101,1.343841125684339,134.3841125684339,0.18836932719660918,Neutral,Low
2016-11-11,715.703310637055,0.7857752487830222,2.3573257463490664,3.0,300.0,0.41916810435453605,Deep Value,Low
2016-11-12,703.847551139685,0.6108413898236515,0.9162620847354773,3.0,300.0,0.4262286620365924,Value,Low
2016-11-13,703.626435300994,0.34308709216478334,0.34308709216478334,2.798997385626154,279.8997385626154,0.39779593903813637,Neutral,Low
2016-11-14,705.643584161309,-0.13944158869068377,-0.13944158869068377,0.6581484494258766,65.81484494258765,0.09326924586271372,Neutral,Low
2016-11-15,712.3471528346,0.12935252374532036,0.12935252374532036,1.4741146484475103,147.41146484475104,0.2069376767467456,Neutral,Low
2016-11-16,742.050117592051,-0.8245838880543259,-0.4947503328325955,0.22667205482003036,22.667205482003038,0.03054673120402973,Elevated,Low
2016-11-17,735.318080537697,-0.5010674322271321,-0.5010674322271321,0.22241677402370716,22.241677402370716,0.0302476955090056,Neutral,Low
2016-11-18,749.57872729398,-0.18461030089282704,-0.18461030089282704,0.5747438000099856,57.47438000099856,0.07667557510401102,Neutral,Low
2016-11-19,751.213819403858,-0.2712660658612609,-0.2712660658612609,0.44317161216099976,44.317161216099976,0.05899407075773555,Neutral,Low
2016-11-20,730.350813617767,-0.041337576949698786,-0.041337576949698786,0.8833685947788882,88.33685947788882,0.12095127140382757,Neutral,Low
2016-11-21,736.506983927528,-0.03287458473074245,-0.03287458473074245,0.906083554037284,90.6083554037284,0.1230244347725618,Neutral,Low
2016-11-22,747.997677966102,0.10122296041126108,0.10122296041126108,1.3548203753593318,135.4820375359332,0.18112628090547764,Neutral,Low
2016-11-23,741.240317942724,0.6481154272674081,0.9721731409011122,3.0,300.0,0.40472704025684303,Value,Low
2016-11-24,737.35497597896,-0.6817542606798973,-0.40905255640793836,0.29312455168259155,29.312455168259156,0.039753519164011944,Elevated,Low
2016-11-25,739.685200175336,-0.1387727900063046,-0.1387727900063046,0.6594702814930712,65.94702814930712,0.08915553283163559,Neutral,Low
2016-11-26,734.652925891292,-0.6247575869173466,-0.37485455215040797,0.3247941582787872,32.479415827878725,0.044210558051578176,Elevated,Low
2016-11-27,727.741115838691,0.06190662739298954,0.06190662739298954,1.204084927487134,120.40849274871339,0.16545511876149482,Neutral,Low
2016-11-28,730.082483752192,-0.36486691720662456,-0.36486691720662456,0.33467319801100304,33.4673198011003,0.04584046398305309,Neutral,Low
2016-11-29,731.646435710111,-0.3370009396957914,-0.3370009396957914,0.3638539169033245,36.385391690332455,0.049730839807916295,Neutral,Low
2016-11-30,742.20445131502,-0.6881304884837968,-0.41287829309027807,0.28977953209803836,28.977953209803836,0.03904308733053459,Elevated,Low
2016-12-01,753.674910111046,-0.028748506379560487,-0.028748506379560487,0.9173689719287079,91.7368971928708,0.12171945219637781,Neutral,Low
2016-12-02,772.302382729398,0.5490284452018633,0.8235426678027951,3.0,300.0,0.3884488857068761,Value,Low
2016-12-03,766.110468147283,-0.20889707209921504,-0.20889707209921504,0.5343569507169612,53.435695071696124,0.069749334193177,Neutral,Low
2016-12-04,766.380139099942,-0.2820169477463351,-0.2820169477463351,0.42910619785601956,42.91061978560195,0.05599129935177779,Neutral,Low
2016-12-05,752.670726241964,-0.047824632740005826,-0.047824632740005826,0.8663434129972815,86.63434129972815,0.11510257843066089,Neutral,Low
2016-12-06,759.117325774401,-0.21504615279341704,-0.21504615279341704,0.5245899032096825,52.45899032096825,0.06910524702812319,Neutral,Low
2016-12-07,764.987650087668,-0.2017312685884466,-0.2017312685884466,0.5459686045223214,54.59686045223214,0.07136959720326898,Neutral,Low
2016-12-08,767.659224634717,0.76127251644422,2.2838175493326602,3.0,300.0,0.3907984042564616,Deep Value,Low
2016-12-09,771.902321098773,0.4073203570879144,0.6109805356318716,3.0,300.0,0.38865021104349273,Value,Low
2016-12-10,775.474561309176,0.016517428170345363,0.016517428170345363,1.0508005313705575,105.08005313705576,0.13550419108482026,Neutral,Low
2016-12-11,770.496150496786,0.19269806078699703,0.19269806078699703,1.7826378087168242,178.26378087168243,0.23136232511576452,Neutral,Low
2016-12-12,778.506599064874,-0.1343615111935239,-0.1343615111935239,0.6682556068966523,66.82556068966522,0.08583814288785054,Neutral,Low
2016-12-13,778.930694564582,-0.18714495122792735,-0.18714495122792735,0.5703900501422744,57.03900501422744,0.07322731715703144,Neutral,Low
2016-12-14,776.963961484512,-0.17918720772488422,-0.17918720772488422,0.5841709460343086,58.41709460343086,0.07518636320250402,Neutral,Low
2016-12-15,776.176781998831,0.16347765377407397,0.16347765377407397,1.6330231027596696,163.30231027596696,0.21039319142660584,Neutral,Low
2016-12-16,782.230215897136,0.06052531981491576,0.06052531981491576,1.199105616647313,119.9105616647313,0.15329318559652733,Neutral,Low
2016-12-17,789.60293220339,-0.6426522496023178,-0.3855913497613907,0.31449910479509835,31.449910479509835,0.0398300325351487,Elevated,Low
2016-12-18,790.632966526008,-0.014062795416089027,-0.014062795416089027,0.9586891597057238,95.86891597057237,0.12125590511589014,Neutral,Low
2016-12-19,790.279031677382,-0.5308745346926423,-0.3185247208155854,0.38459126328745247,38.45912632874525,0.04866524959812616,Elevated,Low
2016-12-20,799.777520748101,0.17603430470619946,0.17603430470619946,1.6957123433634291,169.5712343363429,0.212023006320218,Neutral,Low
2016-12-21,828.4836792519,0.37689676322315835,0.5653451448347375,3.0,300.0,0.3621073142574064,Value,Low
2016-12-22,858.50143395675,-0.11011604319190582,-0.11011604319190582,0.7186734983772722,71.86734983772722,0.08371255654926231,Neutral,Low
2016-12-23,915.562438340152,-0.13453703614145515,-0.13453703614145515,0.6679038129358902,66.79038129358902,0.07295011076980737,Neutral,Low
2016-12-24,891.155272063121,0.1903532991547917,0.1903532991547917,1.7701422267691345,177.01422267691345,0.19863454577012865,Neutral,Low
2016-12-25,896.003279310345,-0.2531962343272108,-0.2531962343272108,0.46785881637880383,46.78588163788039,0.052216194648184264,Neutral,Low
2016-12-26,903.201246639392,0.16041334303244714,0.16041334303244714,1.6180796244851279,161.8079624485128,0.1791494011446106,Neutral,Low
2016-12-27,925.950810461719,-0.02574918756790353,-0.02574918756790353,0.9256606661812982,92.56606661812981,0.09996866525984505,Neutral,Low
2016-12-28,979.960973991818,-0.35933018404382916,-0.35933018404382916,0.34027861123269043,34.02786112326904,0.03472369005130724,Neutral,Low
2016-12-29,973.462559438925,0.006127580358669754,0.006127580358669754,1.0185527437681647,101.85527437681647,0.10463193821806853,Neutral,Low
2016-12-30,961.182658153127,-0.06755253360290099,-0.06755253360290099,0.8165577822898993,81.65577822898993,0.08495344515046512,Neutral,Low
2016-12-31,968.970597019287,1.0747712487912389,2.5,3.0,300.0,0.30960691781861016,Deep Value,Low
2017-01-01,997.257357977791,-0.06264871050652716,-0.06264871050652716,0.8286593446500758,82.86593446500758,0.0830938310979632,Neutral,Low
2017-01-02,1017.07788609001,-0.2172670978773399,-0.2172670978773399,0.5211062654496177,52.11062654496177,0.051235630287167655,Neutral,Low
2017-01-03,1032.60905318527,-0.26135236054087785,-0.26135236054087785,0.45654998826536597,45.6549988265366,0.044213246712979576,Neutral,Low
2017-01-04,1134.49644535359,-0.43319293377300044,-0.43319293377300044,0.2726466072438682,27.264660724386818,0.024032389732071138,Neutral,Low
2017-01-05,1000.49812893045,-0.4759605256459864,-0.5711526307751836,0.2,20.0,0.019990042381568818,Neutral,Medium
2017-01-06,892.463955639977,-0.005688608188283491,-0.003982025731798443,0.9881249938963571,98.8124993896357,0.11071875650011909,Neutral,High
2017-01-07,903.453283635301,0.5263337177134132,0.5526504035990838,3.0,300.0,0.33205922811289673,Value,High
2017-01-08,912.484997077732,0.029284949527258484,0.02049946466908094,1.0634287886684959,106.34287886684959,0.11654205735701596,Neutral,High
2017-01-09,903.508666803039,-0.20501236613357982,-0.14350865629350587,0.6501670371467043,65.01670371467043,0.07196024355220025,Neutral,High
2017-01-10,906.498947399182,-0.10370065150159392,-0.07259045605111575,0.8043093113696623,80.43093113696624,0.08872699893113942,Neutral,High
2017-01-11,788.314655990649,0.9599179783771987,2.015827754592117,3.0,300.0,0.3805586991440618,Deep Value,High
2017-01-12,807.109833547633,-0.9878321831456535,-0.20744475846058721,0.5366901915845492,53.66901915845492,0.06649531070951517,Extreme,High
2017-01-13,826.746927410871,-0.5067024781958855,-0.35469173473711985,0.34504680509476404,34.5046805094764,0.04173548079281643,Neutral,High
2017-01-14,820.045157276447,0.19931322126233203,0.1395192548836324,1.5197681109750507,151.97681109750508,0.1853273685588901,Neutral,High
2017-01-15,824.547065166569,-0.12809010067430976,-0.08966307047201683,0.7641514997163328,76.41514997163328,0.09267530405459201,Neutral,High
2017-01-16,830.838035067212,-0.3284037002842562,-0.22988259019897933,0.5017527700232624,50.17527700232623,0.0603911651664662,Neutral,High
2017-01-17,906.026828112215,0.09076898137010159,0.06353828695907111,1.2099933465532549,120.99933465532548,0.13354939489754186,Neutral,High
2017-01-18,881.259815371128,0.4432818409245158,0.4654459329707415,3.0,300.0,0.3404217402942173,Value,High
2017-01-19,902.263869959088,-0.3046937946982234,-0.21328565628875637,0.5273678486701735,52.73678486701735,0.05844940335404169,Neutral,High
2017-01-20,895.174516189363,0.36556599464806194,0.3838442943804651,3.0,300.0,0.33513018363956504,Value,High
2017-01-21,924.46825949737,-0.02628139904647281,-0.018396979332530965,0.9463044452266396,94.63044452266396,0.10236202654930975,Neutral,High
2017-01-22,922.467077381648,-0.05645227691331966,-0.03951659383932376,0.8882075982336947,88.82075982336947,0.09628610277938632,Neutral,High
2017-01-23,919.115744126242,-0.12147226659248189,-0.08503058661473732,0.7748453950061986,77.48453950061986,0.08430335351754918,Neutral,High
2017-01-24,887.743193804792,0.0012168333262439768,0.0008517833283707837,1.0025586176746561,100.25586176746562,0.11293340514138724,Neutral,High
2017-01-25,895.690033255406,-0.4661430008784342,-0.3263001006149039,0.37572405479629417,37.57240547962942,0.04194799996051273,Neutral,High
2017-01-26,916.6674685564,0.13421805663619005,0.09395263964533303,1.3255903653167593,132.55903653167593,0.14460973153158205,Neutral,High
2017-01-27,920.454463471654,-0.6751239578257194,-0.28355206228680213,0.4271345598847329,42.71345598847329,0.046404746441635,Elevated,High
2017-01-28,922.774948568089,-0.25874960447265577,-0.18112472313085903,0.5807852746293416,58.07852746293416,0.06293899455447637,Neutral,High
2017-01-29,915.63202314436,0.17546638765266495,0.12282647135686546,1.445534882643384,144.5534882643384,0.15787290593870795,Neutral,High
2017-01-30,920.313260783168,0.14835521882772224,0.10384865317940556,1.3655345443187465,136.55345443187466,0.14837714531644414,Neutral,High
2017-01-31,968.499105669199,-0.43934165999166064,-0.3075391619941624,0.39747728706376934,39.74772870637693,0.041040542498913965,Neutral,High
2017-02-01,987.532590414962,-0.7427053501449807,-0.31193624706089185,0.39226849352753007,39.22684935275301,0.03972208080370274,Elevated,High
2017-02-02,1007.7043659848,0.27459772370690155,0.19221840659483108,1.780074504314485,178.0074504314485,0.17664650113675653,Neutral,High
2017-02-03,1015.30203945061,0.6232073298381225,0.6543676963300287,3.0,300.0,0.2954785751856984,Value,High
2017-02-04,1033.78597299825,-0.24416471531036232,-0.1709153007172536,0.5988489385015047,59.88489385015047,0.05792774850336632,Neutral,High
2017-02-05,1014.56787574518,0.17003556097532735,0.20404267317039282,1.844352042831205,184.4352042831205,0.18178695451761323,Neutral,Medium
2017-02-06,1023.3174811806,-0.009378410425387916,-0.011254092510465498,0.9668013077152662,96.68013077152662,0.09447716133998502,Neutral,Medium
2017-02-07,1053.62445902981,0.12239327591394553,0.14687193109673463,1.5536636596529416,155.36636596529416,0.14745895905677567,Neutral,Medium
2017-02-08,1052.36764535359,-0.33165419270949925,-0.3979850312513991,0.3030204167425563,30.30204167425563,0.02879415934920187,Neutral,Medium
2017-02-09,982.751939450614,-0.35838503826639595,-0.4300620459196751,0.27521954957145695,27.521954957145695,0.02800498666279025,Neutral,Medium
2017-02-10,996.650153126827,-0.12790169940914745,-0.15348203929097692,0.6310020813998365,63.10020813998365,0.0633122946321907,Neutral,Medium
2017-02-11,1011.37532220923,-0.13540077712650112,-0.16248093255180132,0.6141950086134326,61.41950086134326,0.06072869241774617,Neutral,Medium
2017-02-12,1006.29646487434,-0.3332712133360075,-0.399925456003209,0.30126157610541443,30.126157610541444,0.029937656209796396,Neutral,Medium
2017-02-13,999.953184979545,-0.1429937935615186,-0.1715925522738223,0.5976334595698808,59.763345956988076,0.059766143910237754,Neutral,Medium
2017-02-14,1012.2134635301,0.2757011536217772,0.33084138434613264,2.6980361406342013,269.8036140634201,0.2665481380997231,Neutral,Medium
2017-02-15,1013.90384050263,0.6150182419318707,1.1070328354773673,3.0,300.0,0.2958860475873913,Value,Medium
2017-02-16,1036.80686475745,0.27471484535274293,0.27471484535274293,2.2799295333384437,227.99295333384438,0.21989915487990225,Neutral,Low
2017-02-17,1058.66992033898,0.0740578597396077,0.0740578597396077,1.2487881227193551,124.87881227193552,0.1179582132946122,Neutral,Low
2017-02-18,1060.66880488019,0.09633208420734315,0.09633208420734315,1.3350867254445504,133.50867254445504,0.12587215908507443,Neutral,Low
2017-02-19,1058.78640035067,0.2838803283946064,0.2838803283946064,2.3434893296075807,234.34893296075808,0.22133730928461276,Neutral,Low
2017-02-20,1088.68842922268,0.21886758959070607,0.21886758959070607,1.9282305497249361,192.82305497249362,0.1771150035186547,Neutral,Low
2017-02-21,1128.85529316189,-0.7479188686157743,-0.44875132116946453,0.26021320532774544,26.021320532774546,0.023051068361374827,Elevated,Low
2017-02-22,1129.70179064874,-0.02684752565154585,-0.02684752565154585,0.9226156205840618,92.26156205840617,0.08166895265822696,Neutral,Low
2017-02-23,1188.86178550555,0.02185935414482107,0.02185935414482107,1.067776087261039,106.77760872610389,0.0898149894528723,Neutral,Low
2017-02-24,1185.48889158387,-0.015239940993743456,-0.015239940993743456,0.955309580488979,95.5309580488979,0.08058359612401256,Neutral,Low
2017-02-25,1151.60473687902,0.16207962881227705,0.16207962881227705,1.6261884241726752,162.61884241726753,0.14121064043031215,Neutral,Low
2017-02-26,1181.71086586791,0.0021252193060260563,0.0021252193060260563,1.0063960256879925,100.63960256879925,0.08516432020355867,Neutral,Low
2017-02-27,1194.15245014611,0.44066473732863926,0.6609971059929589,3.0,300.0,0.2512242050529592,Value,Low
2017-02-28,1188.39994073641,-0.2638197211923307,-0.2638197211923307,0.45318304440627444,45.31830444062744,0.03813388312064815,Neutral,Low
2017-03-01,1228.45965061368,-0.10641499531338387,-0.10641499531338387,0.7266974968275857,72.66974968275856,0.05915517831330985,Neutral,Low
2017-03-02,1262.93146738749,-0.2810557931514162,-0.2810557931514162,0.4303452956255986,43.03452956255986,0.03407511070381469,Neutral,Low
2017-03-03,1289.36319111631,0.3856665977699931,0.5784998966549897,3.0,300.0,0.23267299862986224,Value,Low
2017-03-04,1268.94066440678,0.0649031672700713,0.0649031672700713,1.2149579921227232,121.49579921227232,0.09574584739868092,Neutral,Low
2017-03-05,1276.27368293396,-0.11076157707586792,-0.11076157707586792,0.7172830608894768,71.72830608894768,0.05620135167564935,Neutral,Low
2017-03-06,1282.25465663355,0.2540990308866492,0.2540990308866492,2.1431936848812287,214.31936848812288,0.1671425932277759,Neutral,Low
2017-03-07,1234.47646206897,-0.23641421036869603,-0.23641421036869603,0.49201669452403307,49.20166945240331,0.03985630424248172,Neutral,Low
2017-03-08,1152.13938924606,-0.17663718697238268,-0.2119646243668592,0.529462004888097,52.9462004888097,0.04595468307307571,Neutral,Medium
2017-03-09,1193.45552659264,0.7554274640554682,2.5,3.0,300.0,0.2513709085218376,Deep Value,Medium
2017-03-10,1098.53014903565,0.2941813510504811,0.3530176212605773,2.8836384969901343,288.36384969901343,0.26249971377859316,Neutral,Medium
2017-03-11,1176.822921391,-0.41807893701617416,-0.501694724419409,0.22199860669943428,22.199860669943426,0.01886423204920523,Neutral,Medium
2017-03-12,1231.74835663355,0.3190250061994894,0.5742450111590809,3.0,300.0,0.2435562413250706,Value,Medium
2017-03-13,1239.39629631794,-0.22189557681524663,-0.26627469217829597,0.4498576513766363,44.98576513766363,0.036296514094248604,Neutral,Medium
2017-03-14,1246.53656487434,-0.0253509521901656,-0.03042114262819872,0.9127772282513931,91.2777228251393,0.0732250664739552,Neutral,Medium
2017-03-15,1258.65138147282,0.3965520029658959,0.7137936053386126,3.0,300.0,0.2383503521435402,Value,Medium
2017-03-16,1178.02075037989,-0.23169739528566752,-0.278036874342801,0.4342605310517146,43.426053105171455,0.03686357230224285,Neutral,Medium
2017-03-17,1072.08253816482,0.3956533980886261,0.712176116559527,3.0,300.0,0.27982920094336855,Value,Medium
2017-03-18,962.569056165985,-0.16748242141634465,-0.11723769499144124,0.7034819325604554,70.34819325604555,0.07308378843617713,Neutral,High
2017-03-19,1020.22025353594,0.2748808240671221,0.19241657684698546,1.7811330923944269,178.11330923944269,0.17458319281755777,Neutral,High
2017-03-20,1037.7563458796,0.05356148372643536,0.03749303860850475,1.1190488862565444,111.90488862565444,0.10783349007690633,Neutral,High
2017-03-21,1111.81826358854,-0.3856769219400738,-0.26997384535805163,0.44489297290270047,44.489297290270045,0.04001490058876617,Neutral,High
2017-03-22,1037.30257013442,0.07613476834742877,0.05329433784320014,1.1733735941269618,117.33735941269619,0.11311777565295235,Neutral,High
2017-03-23,1028.17285628288,0.03611987297898192,0.025283911085287342,1.0788026117482128,107.88026117482129,0.10492424548615034,Neutral,High
2017-03-24,935.063496201052,-0.32929103615029887,-0.23050372530520918,0.500818671815006,50.08186718150059,0.053559857041764226,Neutral,High
2017-03-25,968.543329281122,0.3960852340572074,0.4158894957600678,3.0,300.0,0.30974349926364964,Value,High
2017-03-26,962.95805458796,0.618647166542041,0.649579524869143,3.0,300.0,0.3115400495075219,Value,High
2017-03-27,1042.91919777908,-0.278070801930288,-0.1946495613512016,0.5576918640713131,55.76918640713131,0.05347412007171126,Neutral,High
2017-03-28,1045.16293161894,-0.02571273824985701,-0.017998916774899905,0.9474351853535161,94.74351853535161,0.09064952044232517,Neutral,High
2017-03-29,1039.68861578025,0.07509827227311063,0.05256879059117744,1.1708223577376087,117.08223577376087,0.11261279001876416,Neutral,High
2017-03-30,1037.98766142607,-0.06919871215141275,-0.048439098505988924,0.8647478689532758,86.47478689532758,0.0833100335475295,Neutral,High
2017-03-31,1081.74353109293,-0.370893143574166,-0.2596252005019162,0.45892173221766536,45.892173221766534,0.04242426407246437,Neutral,High
2017-04-01,1089.52477182934,0.2112469395850618,0.14787285770954325,1.5583359810313215,155.83359810313215,0.1430289628399027,Neutral,High
2017-04-02,1105.56295575687,0.3424205172984579,0.3595415431633807,2.9406323095163387,294.06323095163384,0.26598506165604807,Value,High
2017-04-03,1144.6647710111,-0.3362051591517324,-0.23534361140621265,0.49359949266451836,49.359949266451835,0.04312175102833945,Neutral,High
2017-04-04,1141.92191870251,0.33137398765503473,0.2319617913585243,2.0054838915830593,200.54838915830592,0.1756235569820533,Neutral,High
2017-04-05,1135.81164377557,0.48080774134042936,0.5048481284074507,3.0,300.0,0.2641283012408335,Value,High
2017-04-06,1194.59645938048,0.8797508478234195,1.8474767804291807,3.0,300.0,0.2511308296992447,Deep Value,High
2017-04-07,1191.73145108124,0.2534553767227656,0.1774187637059359,1.7027699222549646,170.27699222549646,0.14288201597013045,Neutral,High
2017-04-08,1184.41772033898,0.0005726371238899269,0.00040084598672294883,1.00120326129886,100.120326129886,0.08453126326177524,Neutral,High
2017-04-09,1213.63413980129,0.22539129978766212,0.15777390985136347,1.6053177780749357,160.53177780749357,0.13227361734713367,Neutral,High
2017-04-10,1211.64987621274,0.2995297141704751,0.20967079991933255,1.87575716596823,187.57571659682299,0.15481016445371934,Neutral,High
2017-04-11,1229.78493290473,-0.07969908366919504,-0.055789358568436524,0.8458882031328256,84.58882031328257,0.06878342549984352,Neutral,High
2017-04-12,1216.11436785506,-0.7069315958687595,-0.29691127026487896,0.4103545196656587,41.03545196656587,0.033743086218891376,Elevated,High
2017-04-13,1172.5583396844,-0.3508772399965514,-0.24561406799758598,0.4786229252569798,47.86229252569798,0.04081868757044563,Neutral,High
2017-04-14,1174.33323354763,-0.12992916216846068,-0.09095041351792246,0.7612060157922242,76.12060157922242,0.06482027367075704,Neutral,High
2017-04-15,1175.56218901227,-0.15112153381317214,-0.10578507366922049,0.7280720826866174,72.80720826866174,0.06193394866658289,Neutral,High
2017-04-16,1173.6913798948,0.12337478972896275,0.08636235281027392,1.2957466055840734,129.57466055840734,0.11039926063870499,Neutral,High
2017-04-17,1191.90120146113,-0.4296894465934985,-0.5156273359121982,0.21291079416441278,21.291079416441278,0.01786312438509243,Neutral,Medium
2017-04-18,1202.13145803624,0.17560646767171822,0.21072776120606188,1.8817144139707713,188.17144139707713,0.1565315008929784,Neutral,Medium
2017-04-19,1209.56090888369,0.05253857490139257,0.06304628988167107,1.2082087243500748,120.82087243500747,0.09988820864466733,Neutral,Medium
2017-04-20,1235.80307451783,-0.3144249740561438,-0.3773099688673725,0.3224104335962327,32.24104335962327,0.026089143185052094,Neutral,Medium
2017-04-21,1247.33607025132,-0.04557585024671659,-0.05469102029605991,0.8486800142994447,84.86800142994447,0.06803940289552021,Neutral,Medium
2017-04-22,1243.55039257744,-0.038167546350368675,-0.045801055620442406,0.8716187474899003,87.16187474899003,0.0700911481104793,Neutral,Medium
2017-04-23,1250.00148322618,-0.3532008633400261,-0.3532008633400261,0.3465935226890049,34.65935226890049,0.027727448914257886,Neutral,Low
2017-04-24,1257.23944225599,-0.10123194413205971,-0.10123194413205971,0.738085333958434,73.8085333958434,0.05870682299260464,Neutral,Low
2017-04-25,1279.86471741672,-0.8341228638046333,-0.50047371828278,0.2228132828587049,22.28132828587049,0.017409127685653482,Elevated,Low
2017-04-26,1296.48545745178,0.36358937158973137,0.545384057384597,3.0,300.0,0.2313948052989695,Value,Low
2017-04-27,1345.8899556692,-0.1106287228332999,-0.1106287228332999,0.7175690001613437,71.75690001613437,0.05331557733518829,Neutral,Low
2017-04-28,1347.98515552309,0.035485437016363,0.035485437016363,1.1123293288826575,111.23293288826575,0.08251792123415591,Neutral,Low
2017-04-29,1357.71525341905,-0.13270465342196797,-0.13270465342196797,0.6715854892399922,67.15854892399922,0.049464384196080895,Neutral,Low
2017-04-30,1381.9563722969,0.09143084253231364,0.09143084253231364,1.3155995951428123,131.55995951428125,0.095198345006811,Neutral,Low
2017-05-01,1436.9414880187,0.05118299444619563,0.05118299444619563,1.1659648985767535,116.59648985767535,0.08114212779703525,Neutral,Low
2017-05-02,1463.81906846873,-0.17186793652153132,-0.17186793652153132,0.5971399269426104,59.713992694261044,0.040793287900482526,Neutral,Low
2017-05-03,1519.40894447691,0.4922611434775946,0.7383917152163919,3.0,300.0,0.19744519807554617,Value,Low
2017-05-04,1539.8300515488,-0.2332687771580032,-0.2332687771580032,0.49668148604866064,49.66814860486606,0.032255604152489806,Neutral,Low
2017-05-05,1529.85044301578,-0.17540991316383442,-0.17540991316383442,0.590828352483074,59.0828352483074,0.0386200072811287,Neutral,Low
2017-05-06,1573.28550961426,0.05995806548347206,0.05995806548347206,1.197066758401409,119.7066758401409,0.07608706436855872,Neutral,Low
2017-05-07,1526.26777171245,-0.41963762589797476,-0.41963762589797476,0.2839625607960579,28.39625607960579,0.01860502895094588,Neutral,Low
2017-05-08,1685.08649631794,-0.015255122791941356,-0.015255122791941356,0.9552660715280004,95.52660715280004,0.05668943841252894,Neutral,Low
2017-05-09,1719.22801355932,-0.2677223870224678,-0.2677223870224678,0.44790811812736164,44.790811812736166,0.02605286294748402,Neutral,Low
2017-05-10,1782.499,-0.034918124225324226,-0.034918124225324226,0.9005456940512702,90.05456940512701,0.050521525905555635,Neutral,Low
2017-05-11,1835.48754821742,-0.38776949514228476,-0.38776949514228476,0.3124507302528044,31.24507302528044,0.017022764908225546,Neutral,Low
2017-05-12,1704.66164108708,0.05512598407403211,0.06615118088883853,1.219515370665936,121.9515370665936,0.07154002537936142,Neutral,Medium
2017-05-13,1779.84025669199,0.654573956422476,2.3564662431209134,3.0,300.0,0.1685544524976527,Deep Value,Medium
2017-05-14,1794.59355055523,-0.6862457890434577,-0.4940969681112895,0.22711678910996155,22.711678910996156,0.012655611575094193,Elevated,Medium
2017-05-15,1736.88284611338,0.12522909227464127,0.15027491072956953,1.569606156547933,156.9606156547933,0.09036914378308462,Neutral,Medium
2017-05-16,1757.02694856809,-0.045597842342270434,-0.054717410810724516,0.8486128256521055,84.86128256521054,0.048298224813437984,Neutral,Medium
2017-05-17,1808.74606469901,0.19625091029958927,0.2355010923595071,2.0268913751874,202.68913751873998,0.11206058245244563,Neutral,Medium
2017-05-18,1894.24726455289,0.14701492112635156,0.17641790535162186,1.697664895696539,169.7664895696539,0.08962213790485524,Neutral,Medium
2017-05-19,1967.54554769141,-0.12372485059205936,-0.1484698207104712,0.6405619364711163,64.05619364711163,0.03255639683781196,Neutral,Medium
2017-05-20,2048.11767799532,-0.06674601841232239,-0.08009522209478687,0.7864031801017242,78.64031801017242,0.03839638652362246,Neutral,Medium
2017-05-21,2045.22249316189,-0.2590560224843373,-0.3108672269812047,0.39352854166130247,39.35285416613025,0.01924135603715721,Neutral,Medium
2017-05-22,2078.94350002922,-0.469607985183149,-0.5635295822197788,0.2,20.0,0.009620271065432463,Neutral,Medium
2017-05-23,2257.28836382233,0.1586681100878855,0.1904017321054626,1.770399445088894,177.0399445088894,0.07843036244120032,Neutral,Medium
2017-05-24,2415.00722665108,-0.5661925896060409,-0.6794311075272491,0.2,20.0,0.008281548717241,Neutral,Medium
2017-05-25,2319.60137866745,-1.289236020768234,-0.46412496747656423,0.24848447694227646,24.848447694227644,0.010712378395163064,Extreme,Medium
2017-05-26,2279.4185836353,-0.06824643284985629,-0.08189571941982755,0.7821668811026089,78.21668811026089,0.034314315357347865,Neutral,Medium
2017-05-27,2044.30049982466,-0.40222799502188433,-0.28155959651531903,0.4296953586872188,42.969535868721884,0.021019187674418408,Neutral,High
2017-05-28,2225.7008666277,-0.11777708218455094,-0.08244395752918565,0.7808814973605991,78.0881497360599,0.03508474607118978,Neutral,High
2017-05-29,2284.71579748685,-0.12443871881542437,-0.08710710317079705,0.7700334607859602,77.00334607859602,0.033703686980804545,Neutral,High
2017-05-30,2167.26447790766,-0.449551364545977,-0.3146859551821839,0.3890459318703975,38.90459318703975,0.017951013170574997,Neutral,High
2017-05-31,2299.43261025716,0.14845541355194647,0.10391878948636252,1.3658218951981627,136.58218951981627,0.05939821367695634,Neutral,High
2017-06-01,2399.88763194039,0.21649963576599923,0.2273246175542992,1.9777777237865761,197.7777723786576,0.08241126365518524,Value,High
2017-06-02,2479.4238943308,0.4800614628409136,0.5040645359829592,3.0,300.0,0.12099584935272652,Value,High
2017-06-03,2549.55195151958,-0.6457894934742395,-0.45205264543196766,0.2576487807804117,25.76487807804117,0.010105649372112158,Neutral,High
2017-06-04,2524.99383354763,-0.5587295592871353,-0.3911106915009947,0.30933449654054224,30.933449654054222,0.01225090106877313,Neutral,High
2017-06-05,2685.31891671537,0.4036269383184781,0.423808285234402,3.0,300.0,0.11171857395878854,Value,High
2017-06-06,2871.34167735243,0.26592755959546177,0.27922393757523484,2.310980313676578,231.0980313676578,0.08048433705763144,Value,High
2017-06-07,2706.76000885447,0.35428829571101034,0.37200271049656086,3.0,300.0,0.11083361621223421,Value,High
2017-06-08,2802.56354681473,0.25963209191070513,0.27261369650624034,2.2656033191097333,226.56033191097333,0.08084039063751892,Value,High
2017-06-09,2804.87226691993,-0.13158184634874623,-0.09210729244412236,0.7585687253835185,75.85687253835185,0.027044679871162672,Neutral,High
2017-06-10,2916.3278597896,0.03616004461104018,0.025312031227728123,1.0788936238363915,107.88936238363915,0.036994935950522,Neutral,High
2017-06-11,2974.21455920514,0.1547315279897155,0.16246810438920128,1.6280847324210068,162.8084732421007,0.05473998933204446,Value,High
2017-06-12,2665.43326995909,-0.29137108033214765,-0.20395975623250334,0.5423307256565119,54.233072565651185,0.020346813096725386,Neutral,High
2017-06-13,2707.13782402104,0.04514332516994997,0.031600327618964974,1.0994400259384678,109.94400259384678,0.04061263583194362,Neutral,High
2017-06-14,2443.82445137347,0.44525164549701873,0.46751422777186963,3.0,300.0,0.12275840837560777,Value,High
2017-06-15,2409.886764173,-0.48038260951187906,-0.33626782665831534,0.3646550356970048,36.46550356970048,0.015131625316102492,Neutral,High
2017-06-16,2476.35909538282,-0.26092704472209455,-0.18264893130546617,0.5781356241845691,57.81356241845691,0.02334619503538501,Neutral,High
2017-06-17,2652.75536335476,-0.21338028782263477,-0.14936620147584434,0.6388416883071788,63.88416883071788,0.02408219382503779,Neutral,High
2017-06-18,2508.21420742256,-0.28259609825002635,-0.19781726877501843,0.5524171529060693,55.24171529060693,0.02202432117923983,Neutral,High
2017-06-19,2589.64221338399,-0.3449711355659552,-0.24147979489616864,0.4845961648477462,48.45961648477462,0.018712861658773505,Neutral,High
2017-06-20,2733.22655628288,-0.5815598993477896,-0.4070919295434527,0.29485375579528805,29.485375579528807,0.010787753950271938,Neutral,High
2017-06-21,2639.26131420222,0.010687561032183074,0.0074812927225281515,1.0226976368884515,102.26976368884515,0.038749389133435855,Neutral,High
2017-06-22,2686.64751431911,0.22927334153328566,0.2407370086099499,2.0589806409286715,205.89806409286714,0.0766375428840165,Value,High
2017-06-23,2685.87047101111,-0.030824585036276865,-0.021577209525393805,0.9373189792550917,93.73189792550917,0.034898145289271265,Neutral,High
2017-06-24,2562.18914874342,0.12325235464284365,0.08627664824999055,1.295413494230441,129.5413494230441,0.050558854909902085,Neutral,High
2017-06-25,2497.72894137931,-0.02414299232607734,-0.016900094628254137,0.950563527049864,95.05635270498641,0.0380571130558682,Neutral,High
2017-06-26,2426.36505119813,-0.08829379568342155,-0.06180565697839508,0.8307578097614842,83.07578097614842,0.034238780737105456,Neutral,High
2017-06-27,2530.34553600234,-0.04428175075904872,-0.0309972255313341,0.9112010845611495,91.12010845611495,0.03601093493344566,Neutral,High
2017-06-28,2562.79226420222,-0.23229095998201021,-0.16260367198740713,0.6139688923999246,61.39688923999246,0.02395702925188316,Neutral,High
2017-06-29,2540.44303161894,-0.20603659416385536,-0.14422561591469873,0.6487701094583775,64.87701094583775,0.025537675963744712,Neutral,High
2017-06-30,2452.71206428989,-0.3000365249493858,-0.21002556746457007,0.5325509515075367,53.255095150753675,0.021712738289226017,Neutral,High
2017-07-01,2412.3662131502,-0.1926431103025416,-0.1348501772117791,0.6672766632169455,66.72766632169454,0.027660670240675398,Neutral,High
2017-07-02,2518.8721873758,-0.28105176360273537,-0.19673623452191474,0.5542116067252201,55.42116067252201,0.022002371120807298,Neutral,High
2017-07-03,2551.92743173583,-0.023787865335366476,-0.01665150573475653,0.9512726900582331,95.12726900582331,0.037276635621694545,Neutral,High
2017-07-04,2599.74474991233,-0.05398056326787013,-0.03778639428750909,0.8928299133120728,89.28299133120728,0.03434298360799388,Neutral,High
2017-07-05,2608.10489117475,0.42701280046030043,0.44836344048331545,3.0,300.0,0.11502604861297322,Value,High
2017-07-06,2603.19547369959,-0.002376975793127005,-0.0016638830551889035,0.9950207884118495,99.50207884118495,0.038223053107792684,Neutral,High
2017-07-07,2495.78092220923,-1.2325666784296014,-0.25883900247021624,0.4600054197925681,46.00054197925681,0.018431322064333185,Extreme,High
2017-07-08,2553.4941581239,-0.311207983114068,-0.2178455881798476,0.5202026849817972,52.020268498179725,0.020372190135104908,Neutral,High
2017-07-09,2506.17321355932,-0.11113198740483099,-0.07779239118338169,0.7918548504874833,79.18548504874833,0.03159617404747832,Neutral,High
2017-07-10,2319.36689736996,-0.2993322145639565,-0.20953255019476952,0.5333392047459536,53.33392047459537,0.02299503391855477,Neutral,High
2017-07-11,2319.16744061952,0.11639101393428072,0.0814737097539965,1.2768819496310289,127.68819496310289,0.05505777320200454,Neutral,High
2017-07-12,2374.88626645237,-0.22219136715868176,-0.2666296405904181,0.4493788775547766,44.93788775547766,0.01892212203601916,Neutral,Medium
2017-07-13,2343.73834824664,0.01642759997376317,0.0197131199685158,1.0609230805787493,106.09230805787493,0.045266276475461956,Neutral,Medium
2017-07-14,2214.82523728814,0.5442437711319812,0.9796387880375661,3.0,300.0,0.135450867612166,Value,Medium
2017-07-15,1989.63319023963,-0.0877972293273725,-0.061458060529160745,0.8316245670000889,83.16245670000889,0.041797883704379125,Neutral,High
2017-07-16,1910.74954161309,0.14451688199900437,0.10116181739930305,1.35457188475499,135.45718847549898,0.07089217373886873,Neutral,High
2017-07-17,2215.74629614261,-0.38816787694012667,-0.2717175138580886,0.44257181161113374,44.25718116111337,0.01997393891085845,Neutral,High
2017-07-18,2303.7611458796,-0.3352032968377609,-0.2346423077864326,0.4946390752083307,49.463907520833075,0.02147093573884685,Neutral,High
2017-07-19,2257.06523588545,-0.1920096470644081,-0.13440675294508567,0.6681649138890163,66.81649138890164,0.02960326105181866,Neutral,High
2017-07-20,2823.89792635885,0.4323099861153755,0.45392548542114425,3.0,300.0,0.10623613452870859,Value,High
2017-07-21,2666.1397182934,0.004749105927728467,0.003324374149409927,1.01002301977334,101.002301977334,0.03788334920496429,Neutral,High
2017-07-22,2829.75405496786,-0.1724470633819074,-0.12071294436733518,0.6961857075107538,69.61857075107538,0.024602339778912727,Neutral,High
2017-07-23,2753.24386493279,-0.34497436384081603,-0.2414820546885712,0.4845928795986873,48.45928795986873,0.017600797581746968,Neutral,High
2017-07-24,2755.1595242256,0.00174950956451507,0.0012246566951605489,1.0036807273864157,100.36807273864157,0.03642913299797125,Neutral,High
2017-07-25,2558.69299894798,-0.16004696758818804,-0.11203287731173162,0.7145526246321007,71.45526246321006,0.02792646968299412,Neutral,High
2017-07-26,2522.32464628872,-0.12168807397652448,-0.08518165178356712,0.7744943181142017,77.44943181142017,0.0307055762728153,Neutral,High
2017-07-27,2665.14754649328,-0.6597087986896545,-0.2770776954496549,0.4355119312697736,43.55119312697736,0.016341006404797624,Elevated,High
2017-07-28,2793.83348486265,0.5923251994178398,0.6219414593887317,3.0,300.0,0.10737934154824855,Value,High
2017-07-29,2706.4507654588,-0.3225393373020842,-0.2257775361114589,0.507970142196677,50.7970142196677,0.018768866911590222,Neutral,High
2017-07-30,2749.3845277031,0.08737996676876744,0.06116597673813721,1.2014124787428848,120.14124787428848,0.04369750635596152,Neutral,High
2017-07-31,2862.61129088252,0.08516936550029375,0.05961855585020562,1.1958481320214314,119.58481320214314,0.04177472980108177,Neutral,High
2017-08-01,2727.38918199883,-0.0789682339149258,-0.05527776374044806,0.8471874560036974,84.71874560036974,0.031062213694886646,Neutral,High
2017-08-02,2690.14567197545,-0.27762387076108164,-0.19433670953275714,0.5582155345211699,55.82155345211699,0.02075038316089613,Neutral,High
2017-08-03,2789.74631244886,-0.4945042726634647,-0.34615299086442525,0.3539997852123659,35.39997852123659,0.012689318151714745,Neutral,High
2017-08-04,2860.27284324956,0.39588174575599444,0.41567583304379413,3.0,300.0,0.10488509888419231,Value,High
2017-08-05,3237.42336329632,0.6282675975299704,1.3193619548129376,3.0,300.0,0.0926662862204535,Deep Value,High
2017-08-06,3230.11670894214,-0.3465270838888667,-0.24256895872220668,0.4830153350891389,48.30153350891389,0.014953494830449205,Neutral,High
2017-08-07,3392.56241864407,-0.28741604309214625,-0.20119123016450235,0.5468538535055163,54.68538535055163,0.016119197999136043,Neutral,High
2017-08-08,3425.67661659848,-0.05138713228608721,-0.03597099260026104,0.8977057133568581,89.77057133568582,0.02620520889237448,Neutral,High
2017-08-09,3347.21543161894,-0.051463812237937424,-0.036024668566556194,0.8975611693301415,89.75611693301416,0.026815159874427928,Neutral,High
2017-08-10,3437.03215546464,-0.11715438571214006,-0.08200806999849804,0.7819032948210849,78.1903294821085,0.022749373862502673,Neutral,High
2017-08-11,3660.52053728813,0.3549043841668213,0.37264960337516234,3.0,300.0,0.08195555712473965,Value,High
2017-08-12,3871.08240619521,-0.35540616215103,-0.24878431350572097,0.4740924469629925,47.409244696299254,0.012247025436716708,Neutral,High
2017-08-13,4063.80105271771,0.10157540890230667,0.07110278623161466,1.2377662683941375,123.77662683941375,0.03045833819956241,Neutral,High
2017-08-14,4304.60393120982,-0.41518513975303756,-0.2906295978271263,0.4181609831354975,41.81609831354975,0.00971427313216183,Neutral,High
2017-08-15,4160.0305458796,0.14010256150132858,0.09807179305093,1.3420729270710612,134.20729270710612,0.03226113155347739,Neutral,High
2017-08-16,4364.67857463472,0.1656764051253996,0.17396022538166958,1.6851939754583225,168.51939754583225,0.03860980703715065,Value,High
2017-08-17,4308.51686142607,-0.45610797042779433,-0.319275579299456,0.38372591744317375,38.372591744317376,0.008906218306319099,Neutral,High
2017-08-18,4108.50716218586,-0.15164517938519553,-0.10615162556963686,0.7272718941165675,72.72718941165675,0.017701609499681026,Neutral,High
2017-08-19,4160.33245686733,-0.07165018056759226,-0.05015512639731458,0.8603075140331493,86.03075140331494,0.02067881648768398,Neutral,High
2017-08-20,4085.8103943308,-0.7961279006562504,-0.3343737182756251,0.3667330224836955,36.67330224836955,0.008975771929910158,Elevated,High
2017-08-21,3992.62603524255,-0.12782826534451677,-0.08947978574116174,0.7645717871600242,76.45717871600242,0.019149596791966438,Neutral,High
2017-08-22,4074.33046125073,-0.4181842054156679,-0.29272894379096753,0.4155356652724678,41.55356652724678,0.01019886995481725,Neutral,High
2017-08-23,4146.9153452367,-0.38804293879818974,-0.2716300571587328,0.4426879444549747,44.26879444549747,0.010675114093261209,Neutral,High
2017-08-24,4325.81642799532,-0.130579011592948,-0.15669481391153758,0.6249494942352275,62.49494942352275,0.01444697214127607,Neutral,Medium
2017-08-25,4353.13177255991,-0.13792254815179572,-0.16550705778215485,0.6086443491857696,60.86443491857696,0.013981757984501563,Neutral,Medium
2017-08-26,4341.97871677382,-0.20507530094453597,-0.24609036113344315,0.47793951918379657,47.793951918379655,0.011007412757170662,Neutral,Medium
2017-08-27,4344.90344476914,-0.5012191268810161,-0.6014629522572194,0.2,20.0,0.004603094235403123,Neutral,Medium
2017-08-28,4379.76392068966,0.4721700454796866,0.8499060818634359,3.0,300.0,0.06849684262268649,Value,Medium
2017-08-29,4600.45683097604,-0.3258926271566687,-0.39107115258800246,0.3093711909660184,30.93711909660184,0.006724792826724162,Neutral,Medium
2017-08-30,4586.63273670368,-0.8796569158171259,-0.6333529793883306,0.2,20.0,0.004360497373149958,Elevated,Medium
2017-08-31,4740.35621770894,0.07044727206544231,0.08453672647853076,1.2886693565260399,128.86693565260398,0.027185074229481982,Neutral,Medium
2017-09-01,4918.16624488603,-1.024284933354786,-0.7374851520154458,0.2,20.0,0.004066556314723246,Elevated,Medium
2017-09-02,4595.02001782583,-0.24250084752000386,-0.2910010170240046,0.4176953035776036,41.76953035776036,0.00909017375239291,Neutral,Medium
2017-09-03,4625.296314436,-0.3204779744396991,-0.3845735693276389,0.3154608454149712,31.546084541497123,0.006820338070674245,Neutral,Medium
2017-09-04,4374.75349649328,-0.7361769604226799,-0.5300474115043294,0.2038966085368193,20.389660853681928,0.004660756513487193,Elevated,Medium
2017-09-05,4454.05253769725,-1.1082143799895454,-0.3989571767962363,0.30213796433191503,30.213796433191504,0.006783439615378239,Extreme,Medium
2017-09-06,4607.51652980713,-0.39164775137891716,-0.4699773016547006,0.24415990866511872,24.415990866511873,0.005299165116079122,Neutral,Medium
2017-09-07,4635.11187580362,-0.11741443422382511,-0.14089732106859013,0.6552804525162237,65.52804525162237,0.014137316856081569,Neutral,Medium
2017-09-08,4345.45765634132,-0.463524816530678,-0.5562297798368135,0.2,20.0,0.004602507165341729,Neutral,Medium
2017-09-09,4335.593449737,-0.7280757852007036,-0.5242145653445066,0.2074959005206531,20.749590052065308,0.0047858707908427145,Elevated,Medium
2017-09-10,4261.84352104033,-0.13864030453628579,-0.16636836544354294,0.6070736891688823,60.70736891688823,0.01424439180302644,Neutral,Medium
2017-09-11,4212.54757334892,0.026822392508067443,0.03218687100968093,1.1013763368765344,110.13763368765343,0.026145137062534216,Neutral,Medium
2017-09-12,4164.31943424898,-0.0469003660594682,-0.05628043927136184,0.8446429225377926,84.46429225377926,0.02028285619952978,Neutral,Medium
2017-09-13,3887.11858679135,0.7139109161652848,2.5,3.0,300.0,0.07717799014916012,Deep Value,Medium
2017-09-14,3247.4687390415,0.5566553245651793,0.5844880907934382,3.0,300.0,0.09237964214816302,Value,High
2017-09-15,3699.22294389246,-0.4735252639156171,-0.33146768474093197,0.36994421528053645,36.99442152805364,0.010000592580972353,Neutral,High
2017-09-16,3711.23435067212,-0.45906326839154266,-0.3213442878740798,0.3813518406854213,38.13518406854213,0.010275606567835225,Neutral,High
2017-09-17,3711.85620397428,-0.4433899299182352,-0.3103729509427646,0.3941125097021722,39.41125097021722,0.01061766641930246,Neutral,High
2017-09-18,4080.42844301578,0.36169430727932206,0.37977902264328817,3.0,300.0,0.0735216912119833,Value,High
2017-09-19,3925.73619023963,-0.15974602054005102,-0.1118222143780357,0.7150043566183987,71.50043566183987,0.01821325534803077,Neutral,High
2017-09-20,3895.777078609,-0.024160098794838936,-0.016912069156387252,0.9505293800141188,95.05293800141187,0.024398967416110688,Neutral,High
2017-09-21,3617.24346580947,0.005846706211274075,0.0040926943478918525,1.0123537681440786,101.23537681440786,0.027986884977827534,Neutral,High
2017-09-22,3619.2137182934,-0.35146863597555644,-0.24602804518288948,0.47802887730252575,47.80288773025257,0.013208086466027625,Neutral,High
2017-09-23,3775.60059409702,0.2147380722218451,0.15031665055529156,1.5698027141163737,156.98027141163737,0.041577562959670286,Neutral,High
2017-09-24,3676.89694418469,-0.0411382279525309,-0.028796759566771628,0.9172361836098967,91.72361836098966,0.024945931244023032,Neutral,High
2017-09-25,3918.73807130333,0.5987821686782558,0.6287212771121686,3.0,300.0,0.0765552569580705,Value,High
2017-09-26,3890.09093687902,-0.3206883710971248,-0.22448185976798732,0.5099484793220087,50.99484793220087,0.013108908958594555,Neutral,High
2017-09-27,4207.78748538866,-0.20552884924111395,-0.14387019446877974,0.649462238820349,64.9462238820349,0.015434768059831336,Neutral,High
2017-09-28,4187.76979631794,-0.1629999870697621,-0.11409999094883345,0.7101351514928916,71.01351514928916,0.016957358833746588,Neutral,High
2017-09-29,4155.01011981298,-0.08224367727699347,-0.057570574093895426,0.8413801310313455,84.13801310313454,0.020249773328331066,Neutral,High
2017-09-30,4334.54461250731,-0.43832676563804074,-0.3068287359466285,0.3983253250993267,39.83253250993267,0.009189554167927137,Neutral,High
2017-10-01,4382.08689801286,0.7920113240343106,1.6632237804720522,3.0,300.0,0.06846053192967047,Deep Value,High
2017-10-02,4386.8757150789,-0.05665954695490757,-0.03966168286843529,0.8878210748260245,88.78210748260244,0.02023811779700845,Neutral,High
2017-10-03,4306.56464202221,-0.3014173866393675,-0.21099217064755724,0.531008892092939,53.100889209293896,0.012330219937058602,Neutral,High
2017-10-04,4216.68482144944,-0.671250141839723,-0.2819250595726836,0.4292245035160776,42.92245035160776,0.010179193411200608,Elevated,High
2017-10-05,4319.42091583869,-0.5445966823855596,-0.3812176776698917,0.3186528437128934,31.865284371289338,0.007377212129163879,Neutral,High
2017-10-06,4365.91571040327,-0.24800284755469734,-0.17360199328828813,0.5940415694287412,59.40415694287412,0.013606345354154142,Neutral,High
2017-10-07,4438.85593308007,-0.3249608035122031,-0.22747256245854214,0.5053936303082712,50.539363030827126,0.011385673198850239,Neutral,High
2017-10-08,4600.73979661017,0.13842557304707653,0.09689790113295357,1.3373548939513769,133.73548939513768,0.029068257564506067,Neutral,High
2017-10-09,4777.53465692577,-0.41188541030777054,-0.2883197872154394,0.42106866381691804,42.1068663816918,0.008813513538965423,Neutral,High
2017-10-10,4741.07791496201,0.22027548631362787,0.15419284041953948,1.5881638240424456,158.81638240424456,0.0334979481993004,Neutral,High
2017-10-11,4814.96711805962,-0.14206250231740927,-0.09944375162218648,0.7420554895383166,74.20554895383165,0.015411434208035816,Neutral,High
2017-10-12,5393.66898275862,0.11026111118963906,0.07718277783274734,1.260550251908617,126.0550251908617,0.02337092350194435,Neutral,High
2017-10-13,5614.07751461134,-0.07356290946773218,-0.051494036627412525,0.8568588213101951,85.68588213101951,0.015262682410068487,Neutral,High
2017-10-14,5785.73831502046,0.5875009538635163,1.2337520031133842,3.0,300.0,0.051851636500939664,Deep Value,High
2017-10-15,5689.86505961426,0.30010527349793753,0.3151105371728344,2.573666694616517,257.3666694616517,0.04523247331266231,Value,High
2017-10-16,5756.14881180596,0.18479497188240376,0.22175396625888452,1.9449998477186503,194.49998477186503,0.03378995073458529,Neutral,Medium
2017-10-17,5590.41632437171,-0.12624532850648384,-0.08837172995453868,0.7671175807168317,76.71175807168316,0.013722011675097304,Neutral,High
2017-10-18,5583.8704257744,0.201890177443657,0.2422682129323884,2.0684605579653477,206.84605579653476,0.03704349134638959,Neutral,Medium
2017-10-19,5708.31299094097,-0.114096298454583,-0.13691555814549958,0.6631549044137746,66.31549044137745,0.011617353594068756,Neutral,Medium
2017-10-20,6000.88313033314,-0.2027909211969115,-0.2433491054362938,0.48188618847502296,48.1886188475023,0.008030254514359639,Neutral,Medium
2017-10-21,6030.20789275278,-0.47031706002642754,-0.564380472031713,0.2,20.0,0.0033166352397296923,Neutral,Medium
2017-10-22,5996.59813880772,-0.6548261052433543,-0.7857913262920251,0.2,20.0,0.003335224328368371,Neutral,Medium
2017-10-23,5888.25001665693,0.1316651198412215,0.1579981438094658,1.6063980416600367,160.63980416600367,0.027281417010415494,Neutral,Medium
2017-10-24,5517.77535330216,-0.6639537553681361,-0.4780467038650579,0.23832020471266302,23.8320204712663,0.00431913569243152,Elevated,Medium
2017-10-25,5736.01780157802,0.2910810533273134,0.5239458959891641,3.0,300.0,0.052301092914577046,Value,Medium
2017-10-26,5900.31772910579,0.4069375663593749,0.7324876194468748,3.0,300.0,0.05084471951741247,Value,Medium
2017-10-27,5771.94504617183,0.3047101841796101,0.5484783315232982,3.0,300.0,0.051975546821772196,Value,Medium
2017-10-28,5762.38857685564,-0.34411615378461535,-0.4129393845415384,0.28972642780803,28.972642780803,0.0050278877230130305,Neutral,Medium
2017-10-29,6174.72884482758,-0.6803377917140976,-0.4898432100341502,0.23003366065288208,23.00336606528821,0.0037254050571884734,Elevated,Medium
2017-10-30,6119.25638398597,0.13088538469581745,0.15706246163498094,1.6018951305191698,160.18951305191698,0.026177937808118522,Neutral,Medium
2017-10-31,6428.51463705435,-0.551855217176566,-0.6622262606118793,0.2,20.0,0.0031111385956436627,Neutral,Medium
2017-11-01,6726.41183459965,-0.0713698745127846,-0.08564384941534152,0.7734211539880551,77.3421153988055,0.011498272377699103,Neutral,Medium
2017-11-02,7043.77793892461,-0.21118330059746493,-0.2534199607169579,0.4675449046443973,46.754490464439726,0.006637700800598755,Neutral,Medium
2017-11-03,7198.63211075394,-0.4298940174843971,-0.5158728209812765,0.2127540526250196,21.27540526250196,0.0029554788930967755,Neutral,Medium
2017-11-04,7420.498078609,-0.731356541070451,-0.5265767095707247,0.20603069247120684,20.603069247120683,0.0027765075913856723,Elevated,Medium
2017-11-05,7371.13902980713,-0.2757561440077275,-0.330907372809273,0.3705665906941557,37.05665906941557,0.005027263618223353,Neutral,Medium
2017-11-06,6985.26384395091,-0.2331153632340847,-0.27973843588090164,0.43204941632332117,43.204941632332115,0.006185155292272414,Neutral,Medium
2017-11-07,7118.20254383402,0.6702127928262228,2.4127660541744023,3.0,300.0,0.04214547115688189,Deep Value,Medium
2017-11-08,7451.21278667446,-0.20760006052098878,-0.24912007262518654,0.4736151448035652,47.36151448035652,0.006356215536490452,Neutral,Medium
2017-11-09,7117.73804967855,-0.07085761989852955,-0.08502914387823546,0.7748487487066604,77.48487487066605,0.010886165566905824,Neutral,Medium
2017-11-10,6620.56733635301,-0.40355771907903976,-0.2824904033553278,0.428497142290889,42.849714229088896,0.0064722118290081445,Neutral,High
2017-11-11,6346.72144915254,-0.33959047499501555,-0.40750856999401863,0.29448544201986876,29.448544201986877,0.004639961661767756,Neutral,Medium
2017-11-12,5829.09782758621,-0.18468028002046435,-0.12927619601432505,0.6785286412186781,67.85286412186781,0.011640371482659647,Neutral,High
2017-11-13,6519.44517212157,-0.006903224043659971,-0.0048322568305619795,0.9856078017558327,98.56078017558328,0.01511797055937345,Neutral,High
2017-11-14,6592.37439713618,-0.05862980172793033,-0.04104086120955123,0.8841552729559088,88.41552729559088,0.0134117879187808,Neutral,High
2017-11-15,7257.37321215664,-0.30028135332164996,-0.21019694732515495,0.5322772163591328,53.227721635913284,0.007334295767889254,Neutral,High
2017-11-16,7833.7044333723,0.361833560375632,0.3799252383944136,3.0,300.0,0.03829605808485351,Value,High
2017-11-17,7729.03327001753,-0.13319929015295684,-0.09323950310706978,0.7559965174799556,75.59965174799555,0.009781255831988944,Neutral,High
2017-11-18,7796.15424108708,-0.07325460957547573,-0.05127822670283301,0.8574137568445113,85.74137568445113,0.01099790653609433,Neutral,High
2017-11-19,8018.32068848626,0.033829652216146575,0.0236807565513026,1.0736266067343267,107.36266067343267,0.013389669089638413,Neutral,High
2017-11-20,8269.87425745178,-0.16452979757267577,-0.11517085830087304,0.7078574305096343,70.78574305096343,0.008559470295111216,Neutral,High
2017-11-21,8091.99808357686,-0.570095866797169,-0.39906710675801826,0.3020383387159626,30.20383387159626,0.003732555737117208,Neutral,High
2017-11-22,8249.59733021625,-0.2653419953547468,-0.18573939674832274,0.5728002709864359,57.28002709864359,0.00694337248302301,Neutral,High
2017-11-23,8071.66982144945,-0.22587905846140868,-0.15811534092298607,0.6222918881471021,62.22918881471021,0.007709580568985112,Neutral,High
2017-11-24,8232.42233313851,0.04067341789871442,0.028471392529100092,1.089168082300166,108.9168082300166,0.013230226028563505,Neutral,High
2017-11-25,8760.1654421391,-0.3853172717055274,-0.26972209019386917,0.44522911213421335,44.52291121342134,0.005082428123931586,Neutral,High
2017-11-26,9319.90331472823,0.016405213451449338,0.011483649416014536,1.0350512560534146,103.50512560534146,0.011105815383489275,Neutral,High
2017-11-27,9730.72857948568,-0.12694208309136207,-0.08885945816395344,0.7659959668288769,76.5995966828877,0.007871928197069946,Neutral,High
2017-11-28,9932.19418001169,-0.8047168769034165,-0.3379810882994349,0.3627855956177451,36.27855956177451,0.003652622865024555,Elevated,High
2017-11-29,9800.02755172414,-0.00448431025504159,-0.003139017178529113,0.9906271500359165,99.06271500359165,0.010108411887695491,Neutral,High
2017-11-30,9996.71497194623,-0.08923561175011886,-0.0624649282250832,0.829116349337244,82.9116349337244,0.008293888058867261,Neutral,High
2017-12-01,10808.9583325541,-0.2174465768584391,-0.15221260380090737,0.6334097122974476,63.34097122974476,0.005860043982126964,Neutral,High
2017-12-02,10934.8599856809,0.09885027996383162,0.1037927939620232,1.3653057304184675,136.53057304184674,0.012485808983437582,Value,High
2017-12-03,11213.9426554646,-0.21965457924533754,-0.15375820547173627,0.6304795135984445,63.04795135984445,0.005622282304887739,Neutral,High
2017-12-04,11562.1285669199,-0.36961980928693244,-0.25873386650085267,0.46015053202330486,46.015053202330485,0.003979808124083911,Neutral,High
2017-12-05,11736.7540672122,-0.5805553209935428,-0.40638872469547993,0.2954764401478893,29.547644014788933,0.0025175311543191694,Neutral,High
2017-12-06,13992.1323372297,-0.22798328257016925,-0.15958829779911846,0.6195481274267584,61.954812742675834,0.004427832102318599,Neutral,High
2017-12-07,17032.2933763881,-0.290736890174432,-0.2035158231221024,0.5430534825309642,54.30534825309642,0.0031883755788507037,Neutral,High
2017-12-08,16298.4873386908,-0.2323067783764547,-0.16261474486351826,0.6139484975342263,61.39484975342263,0.0037669047732839644,Neutral,High
2017-12-09,15050.0219541204,0.08368764281047891,0.08787202495100285,1.301628372495331,130.1628372495331,0.008648680888727679,Value,High
2017-12-10,15474.9995432496,0.02159614955733285,0.022675957035199486,1.0703951411590489,107.0395141159049,0.006916931649448542,Value,High
2017-12-11,16873.4977849211,-0.4832284237678793,-0.3382598966375155,0.362482279539025,36.2482279539025,0.0021482343741613262,Neutral,High
2017-12-12,17433.9307381648,-0.3909865465690805,-0.2736905825983563,0.4399598757105046,43.99598757105046,0.0025235839370830117,Neutral,High
2017-12-13,16515.15257218,-0.5272283345178038,-0.36905983416246263,0.33048979339319934,33.048979339319935,0.002001130730998598,Neutral,High
2017-12-14,16602.8928033314,-0.653165502585792,-0.45721585181005436,0.2536886489413298,25.36886489413298,0.0015279785995511981,Neutral,High
2017-12-15,17702.0021721216,-0.30718861118226076,-0.21503202782758252,0.5246121331240542,52.46121331240542,0.0029635751257010437,Neutral,High
2017-12-16,19640.5138834015,-1.136677460022445,-0.47740453320942683,0.23877977397970174,23.877977397970174,0.001215751152934436,Elevated,High
2017-12-17,19250.467650789,-0.10232159492948073,-0.10743767467595476,0.7244713778841045,72.44713778841046,0.00376339625107451,Value,High
2017-12-18,18982.0250242548,-0.8136981276339379,-0.5695886893437565,0.2,20.0,0.001053628365490218,Neutral,High
2017-12-19,17653.3260894214,-0.55843836005633,-0.39090685203943093,0.30952371812253743,30.952371812253745,0.0017533450441841484,Neutral,High
2017-12-20,16453.6272603741,0.16739411238931845,0.17576381800878435,1.6943368986036014,169.43368986036015,0.010297649702349448,Value,High
2017-12-21,15633.8336504968,-0.22431822645435268,-0.15702275851804687,0.6243349501415032,62.43349501415032,0.003993485949120762,Neutral,High
2017-12-22,14305.7183436587,-0.6096713420258811,-0.42676993941811675,0.27795117276477743,27.795117276477743,0.0019429375448873206,Neutral,High
2017-12-23,14910.8581049094,0.6489329430613557,1.362759180428847,3.0,300.0,0.020119566418596996,Deep Value,High
2017-12-24,14026.3468661601,-0.8600475026998085,-0.36121995113391947,0.3383549273938189,33.83549273938189,0.002412281192119471,Elevated,High
2017-12-25,14080.9422600818,0.45180681808152345,0.47439715898559964,3.0,300.0,0.0213053923848884,Value,High
2017-12-26,15727.1454792519,-0.43055269842752847,-0.3013868888992699,0.4048815731151051,40.488157311510506,0.0025744123347065536,Neutral,High
2017-12-27,15389.0005739334,-0.05974247536296006,-0.04181973275407204,0.8820917545692689,88.20917545692689,0.005731962581529802,Neutral,High
2017-12-28,14289.4522095266,-0.05013188830388724,-0.03509232181272107,0.9000751983390719,90.0075198339072,0.006298878257481438,Neutral,High
2017-12-29,14571.7460821157,0.16661504009650988,0.17494579210133537,1.6901839620653625,169.01839620653624,0.011599048957761975,Value,High
2017-12-30,12948.7158828171,-0.21212460826831736,-0.14848722578782214,0.6405284902541678,64.05284902541678,0.0049466564565228185,Neutral,High
2017-12-31,13921.4806414378,0.18832163692012877,0.19773771876613516,1.809794234644263,180.9794234644263,0.013000012579533702,Value,High
2018-01-01,13464.6536116306,-0.022288522863672694,-0.015601966004570885,0.9542726058233966,95.42726058233966,0.007087242147834444,Neutral,High
2018-01-02,14754.322204851,-0.5478251423710325,-0.3834775996597227,0.3164997589596224,31.64997589596224,0.002145132487723238,Neutral,High
2018-01-03,15010.2861595558,-0.8105847062166065,-0.3404455766109747,0.36011324417937646,36.011324417937644,0.0023991097861257114,Elevated,High
2018-01-04,15070.3007986558,-0.20877009341420283,-0.14613906538994198,0.6450566115649169,64.50566115649168,0.004280316764629229,Neutral,High
2018-01-05,16997.2274079486,-0.38334728959084,-0.268343102713588,0.447074823435486,44.7074823435486,0.002630280884671905,Neutral,High
2018-01-06,17103.589279661,-0.5620971094168846,-0.3934679765918192,0.3071546446335567,30.71546446335567,0.0017958490443804943,Neutral,High
2018-01-07,16231.6949994155,0.003919850583876915,0.0027438954087138402,1.0082656597109119,100.82656597109118,0.006211709003571218,Neutral,High
2018-01-08,14937.4150894214,0.3478532842681132,0.3652459484815188,2.9913890520987025,299.13890520987025,0.020026149331668425,Value,High
2018-01-09,14378.5862174167,0.2862712205444491,0.3005847815716715,2.4639218900818642,246.39218900818642,0.017136051158474327,Value,High
2018-01-10,14669.0882656341,-0.08548439957592632,-0.059839079703148425,0.8356735445512864,83.56735445512864,0.005696833568784602,Neutral,High
2018-01-11,13186.7549427236,-0.2914483032700543,-0.20401381228903798,0.5422427840062732,54.22427840062733,0.0041120259408891245,Neutral,High
2018-01-12,13789.4436639392,0.08997290398902585,0.06298103279231809,1.207972214947657,120.79722149476571,0.008760122920017632,Neutral,High
2018-01-13,14231.2250645821,0.10685137882016651,0.07479596517411656,1.2515563984070202,125.15563984070201,0.00879443893781025,Neutral,High
2018-01-14,13681.0654611338,-0.825306137326985,-0.3466285776773337,0.3534950724612188,35.34950724612188,0.0025838270671641344,Elevated,High
2018-01-15,13591.6961966686,0.067192089608227,0.0470344627257589,1.1515436978344382,115.15436978344383,0.008472406101283282,Neutral,High
2018-01-16,11431.0401052016,0.5368717766459277,0.563715365478224,3.0,300.0,0.026244330982924946,Value,High
2018-01-17,11159.6085905903,-0.324578682655345,-0.2272050778587415,0.5057993481102303,50.57993481102303,0.00453241118632706,Neutral,High
2018-01-18,11246.0397302747,0.31659548999756304,0.3324252644974412,2.7108867448531284,271.0886744853128,0.024105256693654868,Value,High
2018-01-19,11440.2555616598,0.6272161549720812,0.6585769627206852,3.0,300.0,0.026223190415903153,Value,High
2018-01-20,12768.4045856224,-0.5192451780725034,-0.36347162465075233,0.3360770351720323,33.60770351720323,0.0026320988884583505,Neutral,High
2018-01-21,11422.3942589129,-0.08161779690919811,-0.05713245783643867,0.8424867250395968,84.24867250395968,0.007375745451810193,Neutral,High
2018-01-22,10737.3505774401,0.421013134530524,0.44206379125705025,3.0,300.0,0.027939853303320494,Value,High
2018-01-23,10849.3918793103,-0.2896401713864467,-0.20274811997051267,0.544305635510225,54.4305635510225,0.005016922990386322,Neutral,High
2018-01-24,11225.8961747516,-0.3315143285971372,-0.23206003001799602,0.4984858425648785,49.84858425648785,0.0044404993134181435,Neutral,High
2018-01-25,11130.4649473992,0.12964311930603475,0.09075018351422433,1.3129159118992348,131.29159118992348,0.011795696928240337,Neutral,High
2018-01-26,11035.5546098773,-0.18560210613726377,-0.12992147429608464,0.6772163923897911,67.72163923897911,0.006136677460538803,Neutral,High
2018-01-27,11320.9701852718,-0.3283721499477049,-0.2298605049633934,0.501786015108984,50.1786015108984,0.004432358772234827,Neutral,High
2018-01-28,11615.95871128,0.3108582845807706,0.3264011988098091,2.662335104217646,266.2335104217646,0.022919632984166098,Value,High
2018-01-29,11132.5543138515,0.14873745468758995,0.10411621828131296,1.3666310925254443,136.66310925254444,0.012275988546716864,Neutral,High
2018-01-30,9959.54671537113,-0.2734146382832934,-0.19139024679830535,0.5631716907557821,56.317169075578214,0.005654591587854169,Neutral,High
2018-01-31,10050.0957971946,-0.42241107963805685,-0.2956877557466398,0.41186351151892087,41.18635115189208,0.004098105329840627,Neutral,High
2018-02-01,9039.86507510228,-0.2476856394150204,-0.17337994759051426,0.5944374143819782,59.44374143819782,0.006575733259771607,Neutral,High
2018-02-02,8786.0773798948,-0.05997202833723778,-0.04198041983606644,0.8816666347941066,88.16666347941066,0.010034815272758993,Neutral,High
2018-02-03,9132.10032232613,-0.43048714714506836,-0.3013410030015478,0.4049373120148218,40.49373120148218,0.004434218829427797,Neutral,High
2018-02-04,8250.52689596727,-0.2777244115143408,-0.19440708806003854,0.5580976878007501,55.80976878007501,0.006764388442555586,Neutral,High
2018-02-05,6849.54255932203,0.3827300033461615,0.267911002342313,2.2338644145673907,223.38644145673908,0.03261333724435606,Neutral,High
2018-02-06,7738.64395967271,0.6672953173756141,0.7006600832443948,3.0,300.0,0.03876648177165756,Value,High
2018-02-07,7624.59538953828,-0.1614860677420541,-0.11304024741943786,0.7123964275426024,71.23964275426023,0.009343399762826532,Neutral,High
2018-02-08,8218.58085184103,0.11996254405387238,0.08397378083771066,1.286494840853914,128.6494840853914,0.01565349132710337,Neutral,High
2018-02-09,8660.45346785505,0.5551168503158623,0.5828726928316554,3.0,300.0,0.034640218449704524,Value,High
2018-02-10,8530.29280479252,-0.4027149149377386,-0.281900440456417,0.42925620607066606,42.925620607066605,0.005032139176154654,Neutral,High
2018-02-11,8096.72848129749,-0.14126633628990207,-0.09888643540293145,0.7432972059718405,74.32972059718405,0.009180216524350191,Neutral,High
2018-02-12,8907.67017913501,0.6110086604899918,0.6415590935144914,3.0,300.0,0.033678840141915974,Value,High
2018-02-13,8523.96693191116,0.1357960430983381,0.09505723016883666,1.329990355237858,132.9990355237858,0.015602950666769665,Neutral,High
2018-02-14,9467.3010327294,0.042191815837514385,0.029534271086260066,1.09264658539187,109.26465853918701,0.011541268008849432,Neutral,High
2018-02-15,10106.7330835769,0.12613837997432537,0.08829686598202775,1.303288385552454,130.3288385552454,0.012895248887795934,Neutral,High
2018-02-16,10189.3164833431,-0.6502310533947645,-0.2730970424258011,0.4407439751767704,44.07439751767704,0.004325549961052569,Elevated,High
2018-02-17,11085.5984143776,-0.5165608395265322,-0.3615925876685725,0.33797688851695434,33.79768885169543,0.0030487924592199835,Neutral,High
2018-02-18,10452.0919772063,-0.5213285070619218,-0.36492995494334524,0.3346099128723885,33.46099128723885,0.0032013678563305665,Neutral,High
2018-02-19,11139.3557305669,0.07489776989169838,0.052428438924188865,1.1703294809000513,117.03294809000514,0.010506258254134159,Neutral,High
2018-02-20,11245.9323179427,0.24110592482716625,0.16877414737901636,1.6591782374847204,165.91782374847205,0.014753585479414001,Neutral,High
2018-02-21,10458.8650888369,-0.6750534304814231,-0.2835224408021977,0.42717251865066935,42.717251865066935,0.0040843104392522,Elevated,High
2018-02-22,9878.15894272355,-0.13490750910537808,-0.09443525637376465,0.75328941999779,75.328941999779,0.0076258078490696705,Neutral,High
2018-02-23,10159.0656125073,0.18559903105973236,0.12991932174181264,1.4766233564270546,147.66233564270544,0.01453503120020324,Neutral,High
2018-02-24,9686.60177995325,0.37956600304984484,0.398544303202337,3.0,300.0,0.030970613514933604,Value,High
2018-02-25,9603.22747749854,0.5454294731156656,0.5727009467714488,3.0,300.0,0.03123949741927225,Value,High
2018-02-26,10312.3657130333,0.4210050831725953,0.442055337331225,3.0,300.0,0.029091287910866518,Value,High
2018-02-27,10654.1072948568,0.6046321978423853,0.6348638077345046,3.0,300.0,0.028158154568691366,Value,High
2018-02-28,10307.0249663939,-0.09623935128038955,-0.06736754589627268,0.8170110675109817,81.70110675109818,0.007926739967884526,Neutral,High
2018-03-01,10923.6308617767,-0.19880832958765615,-0.1391658307113593,0.6586931437600527,65.86931437600528,0.006029983547548383,Neutral,High
2018-03-02,11014.0584672706,0.4575940558709642,0.48047375866451236,3.0,300.0,0.02723791605896052,Value,High
2018-03-03,11425.6805654588,-0.31938043675008776,-0.22356630572506142,0.5113510608247643,51.13510608247643,0.0044754538506059744,Neutral,High
2018-03-04,11462.5831975453,-0.04768102824851067,-0.03337671977395747,0.9047196526755192,90.47196526755192,0.007892807730017297,Neutral,High
2018-03-05,11540.6623205728,-0.8961867872808381,-0.18819922532897598,0.5685888576975208,56.85888576975208,0.004926830383763451,Extreme,High
2018-03-06,10677.0352308591,-0.3360525133272237,-0.23523675932905658,0.4937577444206797,49.37577444206797,0.004624483611270718,Neutral,High
2018-03-07,9903.0850490941,0.14989072566463582,0.10492350796524506,1.3699449052641621,136.9944905264162,0.013833516509983724,Neutral,High
2018-03-08,9330.47545295149,-0.006770495111662972,-0.00473934657816408,0.9858825592546162,98.58825592546162,0.010566262825789376,Neutral,High
2018-03-09,9278.13918439509,0.16093043179409455,0.11265130225586618,1.402075875706699,140.2075875706699,0.015111606409880674,Neutral,High
2018-03-10,8786.56042314436,-0.5815286122446213,-0.2442420171427409,0.480597070392222,48.0597070392222,0.005469683781224547,Elevated,High
2018-03-11,9513.53539976622,0.5811929167556156,0.6102525625933963,3.0,300.0,0.03153401836370651,Value,High
2018-03-12,9147.89018059615,0.3295276563720596,0.2306693594604417,1.9977230927039913,199.77230927039912,0.021838074717396787,Neutral,High
2018-03-13,9160.54293278784,0.7142064722597206,0.7499167958727065,3.0,300.0,0.03274915059087012,Value,High
2018-03-14,8222.12723904149,0.468102728348852,0.49150786476629466,3.0,300.0,0.03648690798355646,Value,High
2018-03-15,8268.58912244302,-0.1336151186507981,-0.09353058305555866,0.755336639355726,75.5336639355726,0.009135012372371406,Neutral,High
2018-03-16,8376.90449824664,0.08401998978573211,0.05881399285001247,1.1929652071804313,119.29652071804313,0.01424112221203106,Neutral,High
2018-03-17,7881.66192051432,-0.25137585881459507,-0.17596310117021655,0.5898486481736667,58.98486481736667,0.007483810573483416,Neutral,High
2018-03-18,8189.01671917008,-0.40526952131709665,-0.28368866492196765,0.42695955262750934,42.695955262750935,0.005213807313740345,Neutral,High
2018-03-19,8537.0156233197,0.15401891681844293,0.10781324177291005,1.3818728618114822,138.1872861811482,0.016186837681739275,Neutral,High
2018-03-20,8895.54717913501,0.44397673543732924,0.4661755722091957,3.0,300.0,0.033724738226746334,Value,High
2018-03-21,8879.5942565751,0.2541560890395572,0.17790926232769005,1.7052773855635506,170.52773855635505,0.019204451648236504,Neutral,High
2018-03-22,8710.66493512566,0.7646418759295129,1.605747939451977,3.0,300.0,0.03444053952646638,Deep Value,High
2018-03-23,8771.74632349503,-0.24924530916376436,-0.17447171641463505,0.5924936346460927,59.249363464609274,0.0067545687346099465,Neutral,High
2018-03-24,8610.9885163647,0.16329876462035228,0.11430913523424659,1.4090664680234797,140.90664680234798,0.016363585497131114,Neutral,High
2018-03-25,8440.61092255991,-0.15601138028075226,-0.10920796619652658,0.7206340002079075,72.06340002079075,0.008537699543546192,Neutral,High
2018-03-26,8171.18435447107,-0.15798282891357887,-0.1105879802395052,0.7176567123885498,71.76567123885498,0.008782774702615365,Neutral,High
2018-03-27,7837.26531940386,0.47293115390081475,0.49657771159585545,3.0,300.0,0.03827865815098109,Value,High
2018-03-28,7933.64272969024,0.183461171703684,0.1284228201925788,1.4700089079140146,147.00089079140147,0.018528801434589046,Neutral,High
2018-03-29,7108.5708132671,-0.2953156509008975,-0.20672095563062826,0.5378568313903854,53.78568313903854,0.007566314601333856,Neutral,High
2018-03-30,6832.14906633548,0.3619518790095616,0.2533663153066931,2.138487804672362,213.84878046723622,0.03130036806734035,Neutral,High
2018-03-31,6922.2812969024,0.5280459523998191,0.55444825001981,3.0,300.0,0.04333831393622284,Value,High
2018-04-01,6804.52487931035,0.3253519684164013,0.2277463778914809,1.9802817522012772,198.02817522012774,0.029102425038116435,Neutral,High
2018-04-02,7033.25960958504,0.125608375792144,0.0879258630545008,1.3018386210830546,130.18386210830545,0.018509747874355265,Neutral,High
2018-04-03,7420.80051548802,0.11311369209786296,0.07917958446850407,1.2681241399675165,126.81241399675164,0.01708877818937193,Neutral,High
2018-04-04,6780.54360140269,0.07430594475833002,0.05201416133083101,1.168875860548323,116.8875860548323,0.01723867479159809,Neutral,High
2018-04-05,6798.42261659848,-0.22390202153784153,-0.15673141507648905,0.624880876363963,62.488087636396294,0.009191556800812946,Neutral,High
2018-04-06,6610.49234979544,0.24989698965795865,0.17492789276057105,1.6900932049660482,169.00932049660483,0.025566827938592922,Neutral,High
2018-04-07,6886.46947194623,-0.26120337867834126,-0.18284236507483886,0.5778002286502308,57.780022865023085,0.008390369419396191,Neutral,High
2018-04-08,7009.99610432496,-0.4597933234055772,-0.19311319583034242,0.5602682525756656,56.02682525756656,0.007992418886367094,Elevated,High
2018-04-09,6736.89282378726,0.23309238233779567,0.16316466763645696,1.631490481625309,163.1490481625309,0.024217254516276224,Neutral,High
2018-04-10,6816.71861542957,0.15263483794953164,0.10684438656467214,1.377862189118861,137.7862189118861,0.020212983208667067,Neutral,High
2018-04-11,6944.78585710111,-0.0017582164243961432,-0.0012307514970773,0.9963145534988607,99.63145534988607,0.014346224260898117,Neutral,High
2018-04-12,7904.33027527762,0.04430652762903265,0.031014569340322852,1.097509704196925,109.75097041969251,0.013884917076777612,Neutral,High
2018-04-13,7919.06469462303,0.15181944860281213,0.10627361402196848,1.375504870218657,137.5504870218657,0.017369536975150764,Neutral,High
2018-04-14,8006.41794330801,0.12009205231816286,0.084064436622714,1.2868447730359232,128.6844773035923,0.016072665480965857,Neutral,High
2018-04-15,8342.27110140269,0.24867760182702675,0.17407432127891873,1.6857708953449841,168.5770895344984,0.020207577467262296,Neutral,High
2018-04-16,8046.98213354763,0.0639520301501377,0.04476642110509639,1.1437350463759306,114.37350463759306,0.014213217171288763,Neutral,High
2018-04-17,7887.73795791935,0.3782368560987491,0.26476579926912436,2.212885672155513,221.2885672155513,0.028054756432847248,Neutral,High
2018-04-18,8162.83486177674,-0.18300783239917032,-0.1281054826794192,0.6809159185760564,68.09159185760564,0.00834165985354562,Neutral,High
2018-04-19,8272.96731589714,0.6322780202023786,0.6638919212124974,3.0,300.0,0.03626268405817669,Value,High
2018-04-20,8839.5011320865,0.5073105679762554,0.5326760963750682,3.0,300.0,0.03393856683959575,Value,High
2018-04-21,8863.54082904734,-0.14806134078612382,-0.10364293855028667,0.7327660354861443,73.27660354861443,0.008267193096067708,Neutral,High
2018-04-22,8800.95908708358,-0.4131771621426397,-0.2892240134998478,0.41992798760043565,41.99279876004356,0.004771388929835253,Neutral,High
2018-04-23,8930.78463354763,-0.3804638440591396,-0.2663246908413977,0.4497901795935465,44.97901795935465,0.005036401593472013,Neutral,High
2018-04-24,9652.21378872005,0.2659461101249274,0.18616227708744917,1.7480254406278302,174.80254406278303,0.01811009866638719,Neutral,High
2018-04-25,8855.50893658679,0.7012527096510031,0.7363153451335531,3.0,300.0,0.03387721723824832,Value,High
2018-04-26,9264.72742694331,0.020501353881842422,0.014350947717289694,1.043993061276903,104.39930612769031,0.011268470330177274,Neutral,High
2018-04-27,8981.33079018118,0.37243905250711984,0.26070733675498386,2.1861062870200256,218.61062870200257,0.02434056085997836,Neutral,High
2018-04-28,9341.82468468732,-0.6940104054972469,-0.29148437030884367,0.4170900593127233,41.70900593127233,0.004464760080505447,Elevated,High
2018-04-29,9396.99762974869,0.43592990096703144,0.45772639601538295,3.0,300.0,0.031925090525751584,Value,High
2018-04-30,9228.7264836353,0.423797913777311,0.4449878094661765,3.0,300.0,0.0325071937641635,Value,High
2018-05-01,9072.16875745178,-0.39033027085132976,-0.2732311895959308,0.440566637192182,44.0566637192182,0.004856243848311413,Neutral,High
2018-05-02,9204.12764056108,-0.24207746502777605,-0.16945422551944322,0.6014795896522519,60.14795896522519,0.006534889705371208,Neutral,High
2018-05-03,9750.70014640561,1.0131638386101378,2.1276440610812895,3.0,300.0,0.030767021392877993,Deep Value,High
2018-05-04,9696.64290999416,-0.1916997438783515,-0.13418982071484606,0.6685998949305885,66.85998949305885,0.006895168783017412,Neutral,High
2018-05-05,9795.92577206312,0.14848779447322374,0.10394145613125662,1.3659147741556696,136.59147741556697,0.013943702779487217,Neutral,High
2018-05-06,9595.08681940386,0.24776474298545714,0.17343532008982,1.6825423620685798,168.25423620685797,0.01753545740374151,Neutral,High
2018-05-07,9339.5108471654,0.02389616604191138,0.016727316229337964,1.0514623911751477,105.14623911751477,0.011258216927862694,Neutral,High
2018-05-08,9212.36963471654,0.2245566820293635,0.15718967742055442,1.6025066062380997,160.25066062380998,0.01739516182892946,Neutral,High
2018-05-09,9293.04227352425,0.5475510887413767,0.5749286431784455,3.0,300.0,0.03228221621833099,Value,High
2018-05-10,9037.53050905903,-0.31020507644027473,-0.2171435535081923,0.5212994404804088,52.129944048040876,0.005768162441696536,Neutral,High
2018-05-11,8419.75858737581,0.057573475129165615,0.04030143259041593,1.128516905616131,112.85169056161311,0.013403197893442886,Neutral,High
2018-05-12,8485.77526680304,0.046389191873056866,0.05566703024766824,1.1817555542992626,118.17555542992626,0.013926312177066188,Neutral,Medium
2018-05-13,8695.83309380479,0.42720164515645087,0.7689629612816116,3.0,300.0,0.03449928221526358,Value,Medium
2018-05-14,8671.07417475161,-0.02466091101219555,-0.029593093214634658,0.9150475209013473,91.50475209013473,0.010552873870757306,Neutral,Medium
2018-05-15,8488.463421391,-0.35846800066387985,-0.43016160079665583,0.27513736349990336,27.513736349990335,0.0032413094083265396,Neutral,Medium
2018-05-16,8327.75620134424,0.5940864761641897,1.0693556570955416,3.0,300.0,0.03602410934551313,Value,Medium
2018-05-17,8050.51623933372,-0.2811287593955185,-0.3373545112746222,0.36346817630826844,36.34681763082684,0.004514843092079147,Neutral,Medium
2018-05-18,8233.08645528931,-0.19413123089309928,-0.23295747707171913,0.4971455536797602,49.71455536797602,0.00603838616756382,Neutral,Medium
2018-05-19,8229.48293571011,0.027404227366997408,0.032885072840396885,1.103685703562412,110.3685703562412,0.013411361469299608,Neutral,Medium
2018-05-20,8511.44883021625,0.020151556494879826,0.02418186779385579,1.0752418396359888,107.52418396359889,0.012632888490368453,Neutral,Medium
2018-05-21,8398.62312653419,0.5845730041538529,1.0522314074769352,3.0,300.0,0.03572014072785276,Value,Medium
2018-05-22,8007.52653214495,-0.28924163988693263,-0.34708996786431917,0.35300611346786437,35.30061134678644,0.00440842889562435,Neutral,Medium
2018-05-23,7520.86767913501,-0.15601714929302538,-0.18722057915163046,0.5702606525763539,57.026065257635395,0.0075823784821851935,Neutral,Medium
2018-05-24,7575.62448597312,0.12241173394474847,0.14689408073369817,1.55376690234116,155.376690234116,0.020510083429004237,Neutral,Medium
2018-05-25,7425.37567445938,-0.04257533004552755,-0.05109039605463306,0.857897038739622,85.7897038739622,0.011553584308070486,Neutral,Medium
2018-05-26,7326.30318644068,-0.14851422390087166,-0.17821706868104598,0.5858736036835085,58.58736036835085,0.007996851737829077,Neutral,Medium
2018-05-27,7338.19304441847,0.37777001117170794,0.4533240134060495,3.0,300.0,0.040881998904101345,Neutral,Medium
2018-05-28,7110.82388164816,-0.6148575752852339,-0.4426974542053684,0.2649822695438252,26.49822695438252,0.0037264636834516444,Elevated,Medium
2018-05-29,7453.63372501461,-0.5252593917192179,-0.37818676203783685,0.3215634861823326,32.15634861823326,0.004314184169033639,Elevated,Medium
2018-05-30,7374.6690490941,-0.19329399756838772,-0.23195279708206526,0.4986462306630797,49.86462306630797,0.006761608247685814,Neutral,Medium
2018-05-31,7478.74186703682,0.224317299698032,0.2691807596376384,2.2423900393810503,224.23900393810504,0.029983519678150307,Neutral,Medium
2018-06-01,7519.83573728814,0.09290936894952082,0.11149124273942497,1.3972048821994092,139.72048821994093,0.018580258013764537,Neutral,Medium
2018-06-02,7637.44825306838,0.11916345362767469,0.14299614435320962,1.5357032709064526,153.57032709064526,0.02010754403854032,Neutral,Medium
2018-06-03,7702.15793308007,-0.18544059409108526,-0.22252871290930232,0.5129452632982048,51.29452632982048,0.0066597603912424514,Neutral,Medium
2018-06-04,7486.65319959088,0.676633604585241,1.2179404882534337,3.0,300.0,0.04007130983660282,Value,Medium
2018-06-05,7611.14985271771,-0.036493218882684975,-0.04379186265922197,0.8768883638063875,87.68883638063875,0.0115211023403156,Neutral,Medium
2018-06-06,7650.77580713033,-0.08490995526346151,-0.10189194631615381,0.7366253660110785,73.66253660110786,0.009628113338840257,Neutral,Medium
2018-06-07,7665.9478962595,0.532482320221348,0.9584681763984264,3.0,300.0,0.03913410370899874,Value,Medium
2018-06-08,7622.60233021625,0.37164645282508024,0.44597574339009627,3.0,300.0,0.03935663793069592,Neutral,Medium
2018-06-09,7556.17169783752,-0.21483527036015043,-0.2578023244321805,0.4614382793068605,46.14382793068605,0.006106773347129186,Neutral,Medium
2018-06-10,6744.73580099357,0.48676968972077317,0.8761854414973916,3.0,300.0,0.04447913288995054,Value,Medium
2018-06-11,6849.45268731736,-0.08605318472823703,-0.10326382167388444,0.7335999215181768,73.35999215181768,0.010710343658209817,Neutral,Medium
2018-06-12,6526.69968001169,-0.08777881888441633,-0.1053345826612996,0.729056717669664,72.90567176696639,0.011170373288393102,Neutral,Medium
2018-06-13,6306.51316803039,0.36496905829913956,0.43796286995896744,3.0,300.0,0.04756986816753037,Neutral,Medium
2018-06-14,6629.77012419638,0.51762771287944,0.9317298831829919,3.0,300.0,0.045250437704484385,Value,Medium
2018-06-15,6399.67404646406,0.3518539553570107,0.42222474642841284,3.0,300.0,0.04687738747659432,Neutral,Medium
2018-06-16,6495.31530917592,-0.18440679198239512,-0.22128815037887414,0.5148578421224818,51.48578421224818,0.007926602753143377,Neutral,Medium
2018-06-17,6450.69397282291,0.27988465652856453,0.33586158783427744,2.7389777408452076,273.89777408452073,0.042460202768642485,Neutral,Medium
2018-06-18,6703.81258971362,-0.068097551073161,-0.0817170612877932,0.7825862148904081,78.25862148904082,0.011673748399399088,Neutral,Medium
2018-06-19,6732.50880917592,0.11299461632382983,0.1355935395885958,1.5019745644819849,150.1974564481985,0.02230928480085912,Neutral,Medium
2018-06-20,6753.20682583285,0.3695392160212961,0.4434470592255553,3.0,300.0,0.044423339568457836,Neutral,Medium
2018-06-21,6720.37323436587,-0.06586927230786668,-0.07904312676944002,0.7888892146847862,78.88892146847863,0.011738770856515163,Neutral,Medium
2018-06-22,6059.5758591467,0.44607826621379176,0.5352939194565501,3.0,300.0,0.049508415600930444,Neutral,Medium
2018-06-23,6174.22577936879,0.34571000579020134,0.4148520069482416,3.0,300.0,0.04858908804443978,Neutral,Medium
2018-06-24,6146.48719491526,0.08587907165060815,0.10305488598072977,1.3622866633557755,136.22866633557754,0.022163662270096973,Neutral,Medium
2018-06-25,6243.53544097019,0.9738080255165844,2.5,3.0,300.0,0.048049699218714235,Deep Value,Medium
2018-06-26,6096.12876621859,0.44250149071142336,0.531001788853708,3.0,300.0,0.04921155892612306,Neutral,Medium
2018-06-27,6139.18968322618,0.4970372071267647,0.8946669728281763,3.0,300.0,0.04886638391702995,Value,Medium
2018-06-28,5858.63577819988,0.5491553906275032,0.9884797031295057,3.0,300.0,0.051206460233678794,Value,Medium
2018-06-29,6220.9137150789,-0.43864356679930805,-0.31582336809550177,0.3877206765996056,38.772067659960555,0.006232535835689341,Elevated,Medium
2018-06-30,6375.5412314436,0.14654414408371444,0.17585297290045732,1.6947901344811505,169.47901344811504,0.026582686441154153,Neutral,Medium
2018-07-01,6361.40253886616,0.11410648664459536,0.13692778397351443,1.5079986161614816,150.79986161614815,0.02370544242324057,Neutral,Medium
2018-07-02,6608.367157218,0.3252011028705003,0.39024132344460033,3.0,300.0,0.0453969933665572,Neutral,Medium
2018-07-03,6498.3078591467,0.38258814123785306,0.45910576948542364,3.0,300.0,0.046165864483895556,Neutral,Medium
2018-07-04,6579.33337638808,0.8760926539903443,2.5,3.0,300.0,0.045597324658549813,Deep Value,Medium
2018-07-05,6535.29840268849,0.4109109088520835,0.4930930906225002,3.0,300.0,0.04590456036048577,Neutral,Medium
2018-07-06,6598.45909585038,0.3517684837800421,0.4221221805360505,3.0,300.0,0.04546516022031009,Neutral,Medium
2018-07-07,6737.85608036236,0.16390305907480301,0.1966836708897636,1.8040804440095888,180.4080444009589,0.026775289090362493,Neutral,Medium
2018-07-08,6704.91998012858,-0.30007082083867737,-0.36008498500641284,0.3395089550974318,33.95089550974318,0.005063579522255849,Neutral,Medium
2018-07-09,6664.02409351257,0.2637221511799685,0.3164665814159622,2.5841580379509597,258.41580379509594,0.0387777415220728,Neutral,Medium
2018-07-10,6309.08400409118,-0.5439754358902433,-0.39166231384097516,0.3088230124199169,30.882301241991687,0.004894894603078005,Elevated,Medium
2018-07-11,6377.97651139684,0.2645555676207647,0.31746668114491766,2.591922927882604,259.1922927882604,0.04063864022156687,Neutral,Medium
2018-07-12,6159.46667621274,-0.052548577869410806,-0.06305829344329296,0.8276417557747868,82.76417557747868,0.013436906136225375,Neutral,Medium
2018-07-13,6208.98557188779,-0.3518698231026265,-0.4222437877231518,0.28175106019703994,28.175106019703993,0.0045377953763125894,Neutral,Medium
2018-07-14,6255.11247866744,0.15200596326838794,0.18240715592206552,1.728443802861395,172.8443802861395,0.02763249755709612,Neutral,Medium
2018-07-15,6347.60427381648,0.11004860690756542,0.13205832828907849,1.4861293449464168,148.61293449464168,0.02341244477190582,Neutral,Medium
2018-07-16,6710.80743746347,0.6810582680670166,1.2259048825206298,3.0,300.0,0.04470400958388892,Value,Medium
2018-07-17,7320.59482787843,-0.02333493593369726,-0.02800192312043671,0.9194259515793103,91.94259515793102,0.012559443231005418,Neutral,Medium
2018-07-18,7376.03833927528,-0.12726862580690257,-0.15272235096828307,0.6324418161396642,63.24418161396642,0.008574275065411382,Neutral,Medium
2018-07-19,7467.0342980713,-0.13080439749402795,-0.15696527699283352,0.6244426226005365,62.44426226005365,0.008362659091599821,Neutral,Medium
2018-07-20,7327.25668293396,-0.12377383998717024,-0.1485286079846043,0.6404489757619116,64.04489757619116,0.00874063791505479,Neutral,Medium
2018-07-21,7410.56562039743,0.4541535766622491,0.8174764379920484,3.0,300.0,0.04048273982950183,Value,Medium
2018-07-22,7399.48374693162,0.5902187746889092,1.0623937944400363,3.0,300.0,0.040543369005223165,Value,Medium
2018-07-23,7716.15862741087,0.2669106651970454,0.3202927982364545,2.613991581645725,261.3991581645725,0.03387685126585896,Neutral,Medium
2018-07-24,8397.61652162478,0.19717439011553756,0.23660926813864505,2.0336410444875166,203.36410444875165,0.02421688391284204,Neutral,Medium
2018-07-25,8202.72039538282,0.3564102068752909,0.42769224825034907,3.0,300.0,0.03657323248136865,Neutral,Medium
2018-07-26,7913.93077819989,0.34169461415367886,0.41003353698441464,3.0,300.0,0.0379078372566001,Neutral,Medium
2018-07-27,8173.7746113384,-0.09910386534474448,-0.11892463841369337,0.699930723516605,69.9930723516605,0.008563127279600827,Neutral,Medium
2018-07-28,8190.36005669199,-0.2617894523325941,-0.3141473427991129,0.3896750748993157,38.96750748993157,0.004757728258612135,Neutral,Medium
2018-07-29,8229.60583869083,0.2658349330783694,0.3190019196940433,2.6038881208555176,260.38881208555176,0.03164049617800098,Neutral,Medium
2018-07-30,8171.83951928697,0.029190374352709974,0.03502844922325197,1.1108054109635201,111.08054109635202,0.013593088904179105,Neutral,Medium
2018-07-31,7725.13303594389,0.3395015885591093,0.40740190627093115,3.0,300.0,0.03883428267243358,Neutral,Medium
2018-08-01,7596.6980119813,-0.1582193443859104,-0.18986321326309247,0.5657575554602149,56.57575554602149,0.007447414055000184,Neutral,Medium
2018-08-02,7542.69466189363,0.2072000352824447,0.24864004233893364,2.108380520620096,210.83805206200958,0.027952616606261728,Neutral,Medium
2018-08-03,7411.34425014611,-0.3090885002878964,-0.37090620034547567,0.32866423848997894,32.8664238489979,0.0044346103405397685,Neutral,Medium
2018-08-04,7002.2086528346,0.4839187711569482,0.8710537880825068,3.0,300.0,0.042843624758104784,Value,Medium
2018-08-05,7031.58775102279,0.5402434115127375,0.9724381407229274,3.0,300.0,0.04266461724186874,Value,Medium
2018-08-06,6929.99089421391,0.5005652066354581,0.9010173719438246,3.0,300.0,0.04329010017177373,Value,Medium
2018-08-07,6722.57843278784,0.3347202221536636,0.4016642665843963,3.0,300.0,0.044625734455818106,Neutral,Medium
2018-08-08,6267.3886735827,-0.11473759383545765,-0.13768511260254918,0.6616256689007902,66.16256689007902,0.010556640147268502,Neutral,Medium
2018-08-09,6558.09690794857,-0.03523853997141242,-0.042286247965694905,0.8808580903906337,88.08580903906336,0.013431611376815925,Neutral,Medium
2018-08-10,6135.75185856224,0.47464814937964034,0.8543666688833526,3.0,300.0,0.048893763456447456,Value,Medium
2018-08-11,6313.74931180596,-0.30682297733453645,-0.3681875728014437,0.3313557463359634,33.135574633596335,0.005248161274258506,Neutral,Medium
2018-08-12,6314.69165575687,0.6792445255298485,1.222640145953727,3.0,300.0,0.04750825794106687,Value,Medium
2018-08-13,6265.84804383402,-0.15705147556915852,-0.18846177068299022,0.5681411929303228,56.814119293032284,0.00906726733485675,Neutral,Medium
2018-08-14,6184.82908562244,-0.11373188482392868,-0.13647826178871442,0.6640254609968047,66.40254609968046,0.010736359110398557,Neutral,Medium
2018-08-15,6270.21479865576,0.7614663528962032,1.3706394352131657,3.0,300.0,0.047845250861950614,Value,Medium
2018-08-16,6290.7504552893,0.14100483559573632,0.16920580271488359,1.6613282086721708,166.13282086721708,0.026409062328570296,Neutral,Medium
2018-08-17,6563.07828872005,0.25817925335419917,0.309815104025039,2.5331037058166794,253.31037058166794,0.03859627440633033,Neutral,Medium
2018-08-18,6399.28744681473,0.8518469982743322,2.5,3.0,300.0,0.04688021947651783,Deep Value,Medium
2018-08-19,6490.71612711865,-0.23110267687482922,-0.27732321224979506,0.43519127288743553,43.519127288743555,0.006704826776650685,Neutral,Medium
2018-08-20,6272.95272881356,0.5184960860147285,0.9332929548265113,3.0,300.0,0.04782436803995186,Value,Medium
2018-08-21,6473.07603945061,0.48820744025662133,0.8787733924619183,3.0,300.0,0.04634581737826487,Value,Medium
2018-08-22,6365.00983167738,-0.19018298717604465,-0.22821958461125358,0.5042622777868334,50.42622777868334,0.007922411608497774,Neutral,Medium
2018-08-23,6516.40902542373,-0.10928012162279432,-0.13113614594735318,0.6747530965981203,67.47530965981203,0.010354676846796682,Neutral,Medium
2018-08-24,6697.73187872589,0.3102312998597677,0.3722775598317212,3.0,300.0,0.04479128239708948,Neutral,Medium
2018-08-25,6745.43893921683,-0.05689026390279657,-0.06826831668335588,0.8148062288271186,81.48062288271186,0.012079365570859656,Neutral,Medium
2018-08-26,6689.86933313852,0.6453874609902713,1.1616974297824885,3.0,300.0,0.04484392520403032,Value,Medium
2018-08-27,6839.15895236704,0.3046812226556662,0.36561746718679944,2.994724981756649,299.4724981756649,0.043787913142743544,Neutral,Medium
2018-08-28,7092.97380829924,0.21735151793588794,0.26082182152306554,2.1868572435860902,218.68572435860904,0.03083131705670935,Neutral,Medium
2018-08-29,7033.42806808884,-0.08321798525649668,-0.09986158230779602,0.7411259116074466,74.11259116074466,0.010537193306490006,Neutral,Medium
2018-08-30,6966.96374371713,0.02763401435960578,0.03316081723152694,1.1045990867277355,110.45990867277355,0.01585481319210069,Neutral,Medium
2018-08-31,7025.14078024547,-0.806930774523432,-0.580990157656871,0.2,20.0,0.0028469180370362867,Elevated,Medium
2018-09-01,7192.35254734074,0.16124495505953804,0.19349394607144563,1.78689921968213,178.689921968213,0.024844433138122634,Neutral,Medium
2018-09-02,7286.66779105786,0.5100422951362485,0.9180761312452472,3.0,300.0,0.04117108239354037,Value,Medium
2018-09-03,7257.47021391,0.2566222145012719,0.3079466574015262,2.518944519218101,251.8944519218101,0.034708299792814534,Neutral,Medium
2018-09-04,7358.81147895967,0.14874297707989698,0.17849157249587635,1.7082589902169236,170.82589902169235,0.023213789279711558,Neutral,Medium
2018-09-05,6790.89732846289,0.8992809948083719,2.5,3.0,300.0,0.04417678334534687,Deep Value,Medium
2018-09-06,6488.07593687902,0.37190463084772374,0.44628555701726846,3.0,300.0,0.046238669663954325,Neutral,Medium
2018-09-07,6408.65362244301,-0.21840012172161427,-0.2620801460659371,0.45555426425242995,45.555426425243,0.007108423876383109,Neutral,Medium
2018-09-08,6187.79050233781,0.20963153191130687,0.25155783829356826,2.126917003234693,212.69170032346932,0.03437280241519364,Neutral,Medium
2018-09-09,6249.24631034483,0.07125570803529899,0.08550684964235879,1.2924253234805367,129.2425323480537,0.02068129914068344,Neutral,Medium
2018-09-10,6295.3886025716,0.3193786494852624,0.3832543793823149,3.0,300.0,0.04765392876262685,Neutral,Medium
2018-09-11,6278.42463968439,-0.17067180929062678,-0.20480617114875213,0.540955362140599,54.095536214059905,0.008616100266957928,Neutral,Medium
2018-09-12,6327.53636323787,0.3007721527183296,0.3609265832619955,2.9528764107487726,295.2876410748773,0.04666707927440109,Neutral,Medium
2018-09-13,6490.91231648159,0.08269894077686517,0.0992387289322382,1.3467794998289566,134.67794998289565,0.02074869346808525,Neutral,Medium
2018-09-14,6494.69547895967,0.17712808833681717,0.2125537060041806,1.8920504175201065,189.20504175201066,0.0291322422067305,Neutral,Medium
2018-09-15,6524.16566744594,0.24634073847434332,0.295608886169212,2.427414401363949,242.74144013639489,0.037206510764681816,Neutral,Medium
2018-09-16,6497.40470134424,-0.48487006385848985,-0.2909220383150939,0.41779428241035504,41.779428241035504,0.006430171762641138,Elevated,Low
2018-09-17,6258.59487492694,0.30455045897034794,0.3654605507644175,2.9933155489369456,299.33155489369454,0.04782727766784694,Neutral,Medium
2018-09-18,6340.34779018118,0.06503957207137573,0.07804748648565087,1.2638245231391687,126.38245231391687,0.019933047286402154,Neutral,Medium
2018-09-19,6383.95187580362,0.5407353880203543,0.8111030820305314,3.0,300.0,0.04699283544681101,Value,Low
2018-09-20,6498.60711104617,0.47327093308269974,0.7099063996240496,3.0,300.0,0.04616373860947333,Value,Low
2018-09-21,6741.14289888954,-0.6517838850470924,-0.39107033102825545,0.30937195346771024,30.937195346771023,0.004589310123045643,Elevated,Low
2018-09-22,6705.47605113969,0.3746538252311717,0.3746538252311717,3.0,300.0,0.04473955282399537,Neutral,Low
2018-09-23,6703.13684950321,0.5038296457961381,0.7557444686942072,3.0,300.0,0.044755165638940206,Value,Low
2018-09-24,6576.5450032145,0.3328843068695926,0.3328843068695926,2.714622552249529,271.4622552249529,0.04127733560589442,Neutral,Low
2018-09-25,6416.44402162478,0.4404426277419418,0.6606639416129128,3.0,300.0,0.04675486905035503,Value,Low
2018-09-26,6463.25040356517,-0.046877511594222813,-0.046877511594222813,0.8688085099548777,86.88085099548776,0.01344228454270683,Neutral,Low
2018-09-27,6677.90048860316,0.11663965684831318,0.11663965684831318,1.4189525669816123,141.89525669816123,0.02124848325313125,Neutral,Low
2018-09-28,6623.12615984804,-0.20395880553860907,-0.20395880553860907,0.5423322724302463,54.23322724302463,0.008188463564503345,Neutral,Low
2018-09-29,6584.49914757452,-0.2663982547285005,-0.2663982547285005,0.44969092560423857,44.96909256042386,0.006829538823311834,Neutral,Low
2018-09-30,6604.485028346,-0.39725245889890914,-0.39725245889890914,0.30368710220586176,30.368710220586177,0.0045981950281128265,Neutral,Low
2018-10-01,6561.81383226184,0.3447549437271283,0.3447549437271283,2.8130374178568793,281.3037417856879,0.04286981450199468,Neutral,Low
2018-10-02,6508.72093863238,0.036069652184246105,0.036069652184246105,1.1142805572858683,111.42805572858683,0.017119808450721537,Neutral,Low
2018-10-03,6464.45684365868,0.426851742874201,0.6402776143113016,3.0,300.0,0.04640761122789234,Value,Low
2018-10-04,6545.28566773816,-0.011699355212629693,-0.011699355212629693,0.9655107281893708,96.55107281893707,0.014751238940546047,Neutral,Low
2018-10-05,6585.14957977791,0.20420104813087814,0.20420104813087814,1.8452285485852757,184.52285485852758,0.028021057475318696,Neutral,Low
2018-10-06,6550.47831589714,-0.10245128224493452,-0.10245128224493452,0.735390339393225,73.5390339393225,0.011226513606014546,Neutral,Low
2018-10-07,6564.56826008182,-0.3723071108435099,-0.3723071108435099,0.32728584947222744,32.72858494722274,0.004985641652359757,Neutral,Low
2018-10-08,6604.68527410871,0.19964652349421225,0.19964652349421225,1.8201875959644929,182.01875959644929,0.027559036054297437,Neutral,Low
2018-10-09,6590.42862215079,0.006096061157567584,0.006096061157567584,1.0184564364152409,101.84564364152409,0.015453569028760182,Neutral,Low
2018-10-10,6529.10243600234,-0.28913594957430017,-0.28913594957430017,0.4200389437777513,42.00389437777513,0.006433333645702978,Neutral,Low
2018-10-11,6159.25164260666,-0.2995928008863792,-0.2995928008863792,0.4070666276413445,40.70666276413445,0.006609027382895978,Neutral,Low
2018-10-12,6191.67722326125,-0.4472748093875846,-0.4472748093875846,0.26136838548502117,26.136838548502116,0.004221285704349984,Neutral,Low
2018-10-13,6197.68569637639,-0.4930394485166376,-0.29582366910998253,0.4116956124855644,41.16956124855644,0.00664273137836388,Elevated,Low
2018-10-14,6182.87934424313,0.33673282135779625,0.33673282135779625,2.746145972253685,274.61459722536847,0.044415325277382574,Neutral,Low
2018-10-15,6442.71541408533,-0.9022570608301894,-0.2706771182490568,0.4439553188887683,44.39553188887683,0.006890810634257954,Extreme,Low
2018-10-16,6461.93715926359,-0.5998157178043779,-0.35988943068262674,0.33970819086624177,33.970819086624175,0.005257064290376902,Elevated,Low
2018-10-17,6442.73070017534,-0.23846141691027617,-0.23846141691027617,0.48900417547950414,48.90041754795041,0.007590014207270774,Neutral,Low
2018-10-18,6396.47981209819,-0.10302526532559032,-0.10302526532559032,0.7341251241865648,73.41251241865649,0.01147701776214557,Neutral,Low
2018-10-19,6383.07784015196,-0.14867117434764238,-0.14867117434764238,0.6401751148875521,64.0175114887552,0.010029254396062818,Neutral,Low
2018-10-20,6408.25274634717,-0.4742425303761602,-0.2845455182256961,0.4258634369369276,42.586343693692754,0.006645546825219684,Elevated,Low
2018-10-21,6415.34050292227,-0.007547119314792079,-0.007547119314792079,0.9776130340566211,97.76130340566212,0.015238677255109153,Neutral,Low
2018-10-22,6408.03363559322,-0.049498344039676054,-0.049498344039676054,0.8620042894945691,86.2004289494569,0.013451931411636068,Neutral,Low
2018-10-23,6395.98766686149,0.23667382464485687,0.23667382464485687,2.0340349369109263,203.40349369109262,0.03180173325614036,Neutral,Low
2018-10-24,6413.80364114553,0.14408272116511275,0.14408272116511275,1.5407174175420832,154.07174175420832,0.024021898763132467,Neutral,Low
2018-10-25,6402.3248591467,0.00781833055239474,0.00781833055239474,1.0237322232188462,102.37322232188461,0.01599000746980666,Neutral,Low
2018-10-26,6404.10855230859,-0.37517092831337084,-0.37517092831337084,0.3244860331384457,32.44860331384457,0.005066841551607883,Neutral,Low
2018-10-27,6409.40532758621,0.09897669535941532,0.09897669535941532,1.3457212115116233,134.57212115116232,0.02099603852044763,Neutral,Low
2018-10-28,6406.63325306838,-0.3760731834446702,-0.3760731834446702,0.32360891318763185,32.36089131876319,0.005051154021227034,Neutral,Low
2018-10-29,6263.0417346581,0.19029254105372,0.19029254105372,1.7698196047319055,176.98196047319055,0.028258148032738923,Neutral,Low
2018-10-30,6272.16772822911,0.3045072730183693,0.3045072730183693,2.4930872927108685,249.30872927108686,0.039748415551616144,Neutral,Low
2018-10-31,6306.31693132671,0.4321280933923275,0.6481921400884912,3.0,300.0,0.04757134842204745,Value,Low
2018-11-01,6342.97750058445,0.12689920558735246,0.12689920558735246,1.4633050595818662,146.33050595818662,0.023069687058594097,Neutral,Low
2018-11-02,6348.16858270018,0.33695466984697375,0.33695466984697375,2.7479742655973878,274.79742655973877,0.043287669975968765,Neutral,Low
2018-11-03,6332.43413296318,0.3526462091007292,0.3526462091007292,2.8804272311699695,288.04272311699697,0.04548688814899858,Neutral,Low
2018-11-04,6420.42200029223,0.051286298554956,0.051286298554956,1.1663263014695464,116.63263014695464,0.018165882264693196,Neutral,Low
2018-11-05,6402.94683898305,-0.11101659255697988,-0.11101659255697988,0.7167345158928327,71.67345158928326,0.011193822686909395,Neutral,Low
2018-11-06,6441.14521887785,0.3024184795943956,0.3024184795943956,2.4775135062796405,247.75135062796406,0.03846386662760668,Neutral,Low
2018-11-07,6500.86980508475,-0.5365692647022146,-0.32194155882132874,0.38066914137740676,38.066914137740675,0.005855664746272273,Elevated,Low
2018-11-08,6406.75293746347,0.24570906758015518,0.24570906758015518,2.08992295725626,208.992295725626,0.03262062666776865,Neutral,Low
2018-11-09,6331.37876709527,-0.2464603190354106,-0.2464603190354106,0.4774093609372134,47.740936093721345,0.007540369617726106,Neutral,Low
2018-11-10,6353.11273407364,-0.1765246203858108,-0.1765246203858108,0.5888558505701134,58.88558505701133,0.009268776979383721,Neutral,Low
2018-11-11,6335.41420397428,0.06460939928027482,0.06460939928027482,1.2138877165099702,121.38877165099701,0.01916035285819961,Neutral,Low
2018-11-12,6320.65605376972,0.6990600026431699,1.0485900039647549,3.0,300.0,0.04746342744295921,Value,Low
2018-11-13,6267.9379912332,0.0648385741184822,0.0648385741184822,1.2147225810350972,121.47225810350972,0.01937993934742331,Neutral,Low
2018-11-14,5574.25834891876,0.29649267640580673,0.29649267640580673,2.433858916432193,243.3858916432193,0.0436624706657934,Neutral,Low
2018-11-15,5538.56060783168,-0.5336084647894865,-0.3201650788736919,0.3827033103423003,38.27033103423003,0.00690979728200766,Elevated,Low
2018-11-16,5496.01623115137,0.1986166414014874,0.1986166414014874,1.8145725388699057,181.45725388699057,0.03301614228475027,Neutral,Low
2018-11-17,5501.09234044418,0.11939549287968163,0.11939549287968163,1.4307323966352596,143.07323966352595,0.02600815089244142,Neutral,Low
2018-11-18,5555.3763383986,-0.6832761380990657,-0.4099656828594394,0.29232267116633565,29.232267116633565,0.005261977827601162,Elevated,Low
2018-11-19,4792.20002367037,0.3156200179408252,0.3787440215289903,3.0,300.0,0.06260172749847544,Neutral,Medium
2018-11-20,4317.53067007598,-0.24276095942693734,-0.2913131513123248,0.4173043555696372,41.73043555696372,0.009665347798497363,Neutral,Medium
2018-11-21,4549.32200993571,-0.22784666071880816,-0.1594926625031657,0.619725904933816,61.972590493381595,0.013622379413467233,Neutral,High
2018-11-22,4303.61554850964,-0.25628944746088134,-0.1794026132226169,0.5837935670815185,58.37935670815185,0.013565188630375887,Neutral,High
2018-11-23,4289.89285330216,1.1962650443262974,2.5,3.0,300.0,0.06993181654154228,Deep Value,High
2018-11-24,3806.31692489772,-0.3106371091346566,-0.2174459763942596,0.5208266963219296,52.08266963219296,0.01368321941126657,Neutral,High
2018-11-25,3946.85087434249,0.4683832113754535,0.49180237194422616,3.0,300.0,0.07600996580596102,Value,High
2018-11-26,3700.28599269433,0.15015136951589658,0.1051059586611276,1.370694952719315,137.06949527193152,0.03704294628646409,Neutral,High
2018-11-27,3776.55590531853,0.17555671098715547,0.12288969769100883,1.4458090962633627,144.58090962633628,0.038283799644729936,Neutral,High
2018-11-28,4208.47526914085,-0.2995971602759995,-0.20971801219319963,0.5330425448180612,53.304254481806126,0.012665930312734868,Neutral,High
2018-11-29,4239.03948831093,0.07335421541436404,0.05134795079005483,1.166542041290215,116.6542041290215,0.027519018034791422,Neutral,High
2018-11-30,3973.33405230859,0.17011537029054655,0.11908075920338257,1.4293821351937162,142.93821351937163,0.0359743760875886,Neutral,High
2018-12-01,4148.07372559906,0.20966690718824327,0.14676683503177027,1.5531738850563501,155.31738850563502,0.03744325650412693,Neutral,High
2018-12-02,4098.74676388077,-0.21145694705740015,-0.1480198629401801,0.6414271977983192,64.14271977983192,0.015649349295027048,Neutral,High
2018-12-03,3843.9766659848,-0.21300269734311608,-0.14910188814018124,0.6393484523301516,63.93484523301516,0.016632474853131164,Neutral,High
2018-12-04,3892.95164699006,-0.3335429669822909,-0.2334800768876036,0.4963667398267887,49.63667398267887,0.01275039571094,Neutral,High
2018-12-05,3709.52085827002,0.3160984219213068,0.22126889534491476,1.9421715175673921,194.2171517567392,0.052356398353644716,Neutral,High
2018-12-06,3511.96898158971,0.04426875796919313,0.030988130578435188,1.0974226572558747,109.74226572558747,0.031248073744635438,Neutral,High
2018-12-07,3372.99569257744,-0.1868889419146215,-0.13082225934023503,0.6753887837320646,67.53887837320646,0.02002341079825018,Neutral,High
2018-12-08,3407.95119462303,0.2904007195781522,0.20328050370470654,1.8401397339731311,184.01397339731312,0.05399548376386529,Neutral,High
2018-12-09,3540.43957597896,0.015980144006701648,0.011186100804691153,1.034127734112083,103.41277341120829,0.02920902085516142,Neutral,High
2018-12-10,3413.59258416131,0.5097342322039803,0.5352209438141792,3.0,300.0,0.08788395000386591,Value,High
2018-12-11,3352.56420017534,0.5304929091093827,0.5570175545648519,3.0,300.0,0.0894837450045878,Value,High
2018-12-12,3423.01291788428,-0.03934013427517333,-0.02753809399262133,0.9207062117172867,92.07062117172867,0.026897538332585767,Neutral,High
2018-12-13,3260.34158240795,-0.5238052674757312,-0.21999821233980707,0.516854106362801,51.6854106362801,0.01585275939035426,Elevated,High
2018-12-14,3198.94747369959,0.48043032073783837,0.33630122451648686,2.742592589411135,274.2592589411135,0.08573421764375895,Neutral,High
2018-12-15,3185.07404383402,0.447286973588434,0.3131008815119038,2.55819682361948,255.819682361948,0.08031828423492664,Neutral,High
2018-12-16,3195.41455523086,0.3647217484037738,0.25530522388264165,2.1509630490677605,215.09630490677606,0.06731405305601605,Neutral,High
2018-12-17,3499.15648188194,0.6131400948527606,0.6437970995953985,3.0,300.0,0.0857349482806359,Value,High
2018-12-18,3659.52737931035,0.051180416434364946,0.03582629150405546,1.1134673379573705,111.34673379573705,0.03042653388119225,Neutral,High
2018-12-19,3697.72530333139,0.31121682148190516,0.2178517750373336,1.9223633203271508,192.2363320327151,0.05198772657869521,Neutral,High
2018-12-20,4067.73770777323,0.5441368921462009,0.5713437367535109,3.0,300.0,0.07375106792817934,Value,High
2018-12-21,3839.08510841613,0.20054162430866734,0.14037913701606713,1.523693636364087,152.3693636364087,0.039688977799002455,Neutral,High
2018-12-22,3964.94611630625,0.43207799727449614,0.30245459809214725,2.47778197302232,247.77819730223197,0.062492197884661926,Neutral,High
2018-12-23,3942.66699590883,0.15572458004230819,0.10900720602961572,1.3868314575019067,138.68314575019068,0.03517495793940939,Neutral,High
2018-12-24,4040.04578959673,0.5729852832992256,0.6016345474641869,3.0,300.0,0.07425658411409873,Value,High
2018-12-25,3761.58401081239,0.26430882279616186,0.1850161759573133,1.7420255195142405,174.20255195142406,0.04631095608942721,Neutral,High
2018-12-26,3807.65745353594,0.021962473445451956,0.015373731411816369,1.0472013180296789,104.72013180296788,0.027502508584568357,Neutral,High
2018-12-27,3585.46053594389,-0.46047233755301276,-0.19339838177226534,0.5597891156815309,55.97891156815309,0.015612753510175329,Elevated,High
2018-12-28,3881.05488486265,0.4044048364534357,0.283083385517405,2.3378931406505687,233.78931406505689,0.06023860032923257,Neutral,High
2018-12-29,3823.13832612507,0.7157801800710993,0.7515691890746542,3.0,300.0,0.07846956463750661,Value,High
2018-12-30,3825.4074628872,0.18904183781347159,0.1323292864694301,1.487337872779846,148.73378727798462,0.038880508474181945,Neutral,High
2018-12-31,3687.19994009351,0.05221841934175675,0.03655289353922972,1.1158971281325731,111.58971281325731,0.030264079688184013,Neutral,High
2019-01-01,3808.11783167738,-0.46088218823467286,-0.19357051905856257,0.5595001085734862,55.95001085734862,0.01469230032535628,Elevated,High
2019-01-02,3898.1974880187,-0.2580819207130908,-0.18065734449916354,0.5816001856847495,58.160018568474946,0.014919720908761704,Neutral,High
2019-01-03,3784.38863471654,0.5951898646794865,0.6249493579134607,3.0,300.0,0.079273042215568,Value,High
2019-01-04,3827.52459438925,0.3775476306378276,0.2642833414464793,2.209685116904172,220.9685116904172,0.05773144136404345,Neutral,High
2019-01-05,3798.61395499708,-0.3786116891773196,-0.2650281824241237,0.45154305657488586,45.154305657488585,0.011887047800181974,Neutral,High
2019-01-06,4045.99377498539,-0.32242033959343747,-0.2256942377154062,0.5080970973530207,50.809709735302064,0.012558029636485425,Neutral,High
2019-01-07,4001.01827819988,-0.24091063223657386,-0.1686374425656017,0.6029552316605055,60.29552316605054,0.01507004441708735,Neutral,High
2019-01-08,3992.6227893045,0.004189429443983782,0.002932600610788647,1.008836616234545,100.8836616234545,0.025267516353837186,Neutral,High
2019-01-09,4004.25903565167,0.04429404351436244,0.031005830460053705,1.09748093155639,109.748093155639,0.027407840546404147,Neutral,High
2019-01-10,3627.90345002922,0.013424011141333778,0.009396807798933643,1.0285915336674556,102.85915336674556,0.028352230091988007,Neutral,High
2019-01-11,3624.16142109877,0.05002220181624209,0.03501554127136946,1.1107623971279696,111.07623971279696,0.03064881135430247,Neutral,High
2019-01-12,3617.02207831677,0.5760142769734701,0.6048149908221435,3.0,300.0,0.08294115808649115,Value,High
2019-01-13,3508.6701081239,0.48573039527234646,0.5100169150359638,3.0,300.0,0.08550248121229363,Value,High
2019-01-14,3666.94519374635,0.1817152241621339,0.12720065691349372,1.4646290039010699,146.462900390107,0.039941393353761186,Neutral,High
2019-01-15,3581.29301548802,0.27416262370281963,0.19191383659197372,1.7784487752594489,177.8448775259449,0.04965940423104701,Neutral,High
2019-01-16,3606.98657568673,0.20314490945776267,0.14220143662043386,1.53204632614814,153.20463261481402,0.04247441164530688,Neutral,High
2019-01-17,3640.12913062536,0.7616480420784144,0.799730444182335,3.0,300.0,0.08241465872076388,Value,High
2019-01-18,3609.42673611923,0.042298227196880624,0.029608759037816436,1.0928907796929164,109.28907796929164,0.030278791054447793,Neutral,High
2019-01-19,3687.30196113384,0.15043221374145926,0.1805186564897511,1.7186789948107273,171.86789948107273,0.04661074717846639,Neutral,Medium
2019-01-20,3538.31372296903,0.20321065401048807,0.24385278481258568,2.078316839691134,207.8316839691134,0.058737494818497896,Neutral,Medium
2019-01-21,3535.623393045,0.6011425645596554,1.0820566162073797,3.0,300.0,0.08485066610604976,Value,Medium
2019-01-22,3577.30834979544,-0.32980537881117944,-0.3957664545734153,0.30504396545810114,30.504396545810113,0.008527192392446247,Neutral,Medium
2019-01-23,3551.89382115722,-0.415012457256264,-0.4980149487075168,0.2244628989805562,22.44628989805562,0.006319527279884323,Neutral,Medium
2019-01-24,3567.58893366452,-0.24326112751041287,-0.29191335301249544,0.41655363130033873,41.65536313003388,0.011676054586044121,Neutral,Medium
2019-01-25,3561.35049795441,-0.21394380364108526,-0.2567325643693023,0.4629215428660251,46.29215428660251,0.012998483107234763,Neutral,Medium
2019-01-26,3557.03991525424,-0.36218398492499815,-0.43462078190999776,0.27148121118807667,27.148121118807666,0.0076322227935604284,Neutral,Medium
2019-01-27,3537.61413062536,0.5478245662085931,0.9860842191754675,3.0,300.0,0.08480291770741194,Value,Medium
2019-01-28,3435.05251402689,0.25952537141017873,0.31143044569221445,2.5454089814618674,254.54089814618675,0.074101020903401,Neutral,Medium
2019-01-29,3395.82376329632,0.6108887185936176,1.0995996934685117,3.0,300.0,0.08834380725011198,Value,Medium
2019-01-30,3437.89586616014,0.44227593415675004,0.5307311209881,3.0,300.0,0.08726267800981316,Neutral,Medium
2019-01-31,3410.13161601403,0.634335114901641,1.1418032068229538,3.0,300.0,0.08797314408370499,Value,Medium
2019-02-01,3445.04989129164,-0.23445813322443942,-0.2813497598693273,0.4299659413441144,42.996594134411446,0.012480688376414452,Neutral,Medium
2019-02-02,3461.93511747516,0.10176506057467741,0.12211807268961289,1.4424660997279826,144.24660997279827,0.04166646834155559,Neutral,Medium
2019-02-03,3413.02161630625,0.1980314173759218,0.23763770085110617,2.039925122556483,203.9925122556483,0.05976888961999006,Neutral,Medium
2019-02-04,3411.38796171829,0.37172905308529036,0.44607486370234845,3.0,300.0,0.08794074534075927,Neutral,Medium
2019-02-05,3426.46501139684,0.13814659257779188,0.13814659257779188,1.5135225940806791,151.3522594080679,0.04417154674121926,Neutral,Low
2019-02-06,3367.50636499123,0.1443742297465971,0.1443742297465971,1.5420654039271384,154.20654039271383,0.045792501536404795,Neutral,Low
2019-02-07,3358.87359906487,-0.2650927237003025,-0.2650927237003025,0.45145563554319335,45.14556355431934,0.01344068546279566,Neutral,Low
2019-02-08,3612.47961922852,0.2529193727153582,0.3035032472584298,2.4855892191772804,248.55892191772804,0.0688056260842823,Neutral,Medium
2019-02-09,3621.26812098188,-0.229326939043348,-0.229326939043348,0.5025898660489985,50.258986604899846,0.013878836066762296,Neutral,Low
2019-02-10,3642.0223591467,0.5908673297019154,0.886300994552873,3.0,300.0,0.08237181719836774,Value,Low
2019-02-11,3590.6184836353,0.03800507865138535,0.03800507865138535,1.1207692007422312,112.07692007422312,0.031213820288907866,Neutral,Low
2019-02-12,3587.90246580947,-0.11742496800960883,-0.11742496800960883,0.7030868140092029,70.30868140092029,0.01959604032465188,Neutral,Low
2019-02-13,3576.08537258913,0.7642708943136989,1.1464063414705483,3.0,300.0,0.08389061466471542,Value,Low
2019-02-14,3561.91638340152,0.033289833255857625,0.033289833255857625,1.1050267024242597,110.50267024242598,0.031023375719140087,Neutral,Low
2019-02-15,3565.00692372881,-0.2699900090714745,-0.2699900090714745,0.4448714000581971,44.48714000581971,0.012478836916055272,Neutral,Low
2019-02-16,3584.73600263004,0.5075227399177487,0.761284109876623,3.0,300.0,0.08368817111773273,Value,Low
2019-02-17,3622.7574289889,-0.027982128577196376,-0.027982128577196376,0.9194805520507457,91.94805520507458,0.025380682258579205,Neutral,Low
2019-02-18,3866.12921712449,-0.11598409194304468,-0.11598409194304468,0.7061325750019181,70.6132575001918,0.018264588050347634,Neutral,Low
2019-02-19,3895.43521098773,0.016659405925547183,0.016659405925547183,1.0512481976035866,105.12481976035866,0.026986668771652633,Neutral,Low
2019-02-20,3931.61382904734,0.5178266103194827,0.776739915479224,3.0,300.0,0.07630454389583127,Value,Low
2019-02-21,3892.26179427236,0.49570290448540694,0.7435543567281104,3.0,300.0,0.07707600769338374,Value,Low
2019-02-22,3948.30051052016,0.21288167104568553,0.21288167104568553,1.893912912801005,189.39129128010052,0.04796780051960877,Neutral,Low
2019-02-23,4110.15112127411,0.010844090268675097,0.010844090268675097,1.0330672305182649,103.30672305182648,0.02513453155459703,Neutral,Low
2019-02-24,3754.18378988895,0.48293467412689556,0.869282413428412,3.0,300.0,0.07991084528359602,Value,Medium
2019-02-25,3822.01869666861,-0.37663092849355034,-0.45195711419226037,0.2577226318848486,25.77226318848486,0.0067431023325314355,Neutral,Medium
2019-02-26,3796.17506838106,-0.3131806466953995,-0.37581677603447944,0.32385793612237684,32.385793612237684,0.008531164403344846,Neutral,Medium
2019-02-27,3799.3819924021,-0.5224380028565034,-0.3761553620566825,0.3235291418273237,32.35291418273237,0.008515309660210751,Elevated,Medium
2019-02-28,3792.94772296902,-0.40061708664299384,-0.48074050397159257,0.2364020050434753,23.64020050434753,0.006232672378052867,Neutral,Medium
2019-03-01,3810.63269257744,-0.37054859157033015,-0.4446583098843962,0.2634280694047184,26.342806940471842,0.006912974580778622,Neutral,Medium
2019-03-02,3809.64339099942,-0.036669814200791996,-0.0440037770409504,0.876331065208157,87.6331065208157,0.023002968395376786,Neutral,Medium
2019-03-03,3782.38187025132,-0.08839093035319417,-0.106069116423833,0.7274519361465714,72.74519361465714,0.019232641258885793,Neutral,Medium
2019-03-04,3698.16185505552,-0.7014401371034633,-0.5050368987144935,0.21978385427606867,21.978385427606867,0.005943056655987522,Elevated,Medium
2019-03-05,3840.1280490941,-0.06203451840614668,-0.07444142208737602,0.7998554411040355,79.98554411040355,0.020828874216648176,Neutral,Medium
2019-03-06,3851.99842548218,-0.17285028557128446,-0.20742034268554135,0.5367295041452628,53.67295041452628,0.013933793445880674,Neutral,Medium
2019-03-07,3855.92316832262,-0.4915567041688134,-0.35392082700154565,0.345845726334059,34.584572633405905,0.008969206886051797,Elevated,Medium
2019-03-08,3839.23355289304,1.0061493145430735,2.5,3.0,300.0,0.07814059651930687,Deep Value,Medium
2019-03-09,3910.36116656926,0.1284263862945214,0.15411166355342568,1.5877771046470266,158.77771046470266,0.0406043594699478,Neutral,Medium
2019-03-10,3903.9119509059,0.0003556252326281581,0.0003556252326281581,1.0010674450122063,100.10674450122063,0.025642674773438713,Neutral,Low
2019-03-11,3851.56892168323,-0.22916631461814446,-0.22916631461814446,0.5028321090345632,50.28321090345632,0.013055254086296169,Neutral,Low
2019-03-12,3858.91482378726,-0.00019839478511812086,-0.00019839478511812086,0.9994049927317191,99.94049927317191,0.025898602025915454,Neutral,Low
2019-03-13,3851.95746639392,-0.06695660938960643,-0.06695660938960643,0.8180189076427636,81.80189076427637,0.021236447047494708,Neutral,Low
2019-03-14,3853.78326504968,-0.48004983105803045,-0.28802989863481826,0.4214350120859917,42.14350120859917,0.010935617887700774,Elevated,Low
2019-03-15,3901.91420689655,0.8560636206399181,2.5,3.0,300.0,0.07688533988516622,Deep Value,Low
2019-03-16,3989.79607685564,0.08041541137606775,0.08041541137606775,1.272834411996413,127.2834411996413,0.03190224230706885,Neutral,Low
2019-03-17,3967.14349444769,-0.39008579609512606,-0.39008579609512606,0.3102870667304604,31.02870667304604,0.007821422823871384,Neutral,Low
2019-03-18,3969.44014582116,-0.20052323073659864,-0.20052323073659864,0.5479508465083018,54.795084650830184,0.013804235014984638,Neutral,Low
2019-03-19,3996.16790356517,-0.29218299308372336,-0.29218299308372336,0.41621680889748824,41.62168088974882,0.010415398425230371,Neutral,Low
2019-03-20,4030.65527586207,0.3326691241580537,0.3326691241580537,2.7128706982386186,271.2870698238619,0.06730594686389782,Neutral,Low
2019-03-21,3976.27385008767,0.3447020076212709,0.3447020076212709,2.812590719587921,281.2590719587921,0.07073433132695095,Neutral,Low
2019-03-22,3983.88764582116,-0.0574872978849845,-0.0574872978849845,0.8415903581333218,84.15903581333218,0.021124851726581587,Neutral,Low
2019-03-23,3981.77603302163,-0.37149611327183085,-0.37149611327183085,0.32808310302249266,32.80831030224927,0.008239617203520157,Neutral,Low
2019-03-24,3970.6669880187,0.10838913678457306,0.10838913678457306,1.3842623664364138,138.42623664364137,0.03486221258577866,Neutral,Low
2019-03-25,3908.23883869082,0.05021114141693793,0.05021114141693793,1.16257040984149,116.257040984149,0.02974665719843589,Neutral,Low
2019-03-26,3917.76340210403,0.6462972674897538,0.9694459012346307,3.0,300.0,0.07657430253161418,Value,Low
2019-03-27,4027.00791788428,-0.07825214338311173,-0.07825214338311173,0.7907634323052344,79.07634323052343,0.01963650055897302,Neutral,Low
2019-03-28,4010.93746201052,0.44094239561589255,0.6614135934238388,3.0,300.0,0.0747954818147731,Value,Low
2019-03-29,4089.46104003507,0.36470542502446734,0.36470542502446734,2.986542235032753,298.65422350327526,0.07303021610415296,Neutral,Low
2019-03-30,4091.89103834015,-0.16695789498290808,-0.16695789498290808,0.6060009744270269,60.60009744270269,0.014809802332196201,Neutral,Low
2019-03-31,4094.31781472823,0.2979868498344563,0.2979868498344563,2.4447932267235095,244.47932267235095,0.059711857685522354,Neutral,Low
2019-04-01,4138.41780771479,-0.26874441330706805,-0.26874441330706805,0.4465368997240177,44.65368997240177,0.01079003910363011,Neutral,Low
2019-04-02,4903.71946206897,0.5066868918664037,0.9120364053595267,3.0,300.0,0.06117805113456153,Value,Medium
2019-04-03,4960.22760274693,-0.38377545158017423,-0.46053054189620907,0.2511784526614985,25.117845266149853,0.005063849338735951,Neutral,Medium
2019-04-04,4911.26970245471,-0.43857116294442583,-0.526285395533311,0.2062108300732244,20.62108300732244,0.004198727468991528,Neutral,Medium
2019-04-05,5033.22548369375,-0.38989405049741577,-0.4678728605968989,0.24570624519948905,24.570624519948904,0.004881685630725444,Neutral,Medium
2019-04-06,5044.35684593805,0.26189819602883346,0.3142778352346001,2.567245426724263,256.7245426724263,0.050893414267302046,Neutral,Medium
2019-04-07,5189.11195558153,-0.06965128388586236,-0.08358154066303483,0.7782210867373017,77.82210867373017,0.014997192070605238,Neutral,Medium
2019-04-08,5283.42302483928,0.3718979573767628,0.6694163232781729,3.0,300.0,0.056781370446695574,Value,Medium
2019-04-09,5195.57790882525,-0.42448521239982595,-0.5093822548797912,0.2169373309451754,21.69373309451754,0.004175422537244296,Neutral,Medium
2019-04-10,5311.74160327294,0.11400673072636683,0.13680807687164018,1.5074571589597963,150.74571589597963,0.028379715572590076,Neutral,Medium
2019-04-11,5050.66600859147,0.23550962579530088,0.282611550954361,2.334586185341067,233.45861853410673,0.04622333334593504,Neutral,Medium
2019-04-12,5082.86143202805,0.2512554544972369,0.30150654539668426,2.4707447815737122,247.07447815737123,0.04860932792708242,Neutral,Medium
2019-04-13,5074.79069257744,-0.13920797887210143,-0.1670495746465217,0.6058343234493809,60.583432344938096,0.011938114498702275,Neutral,Medium
2019-04-14,5156.80404061952,-0.10750933186451957,-0.12901119823742346,0.6790682814399057,67.90682814399057,0.013168394146664625,Neutral,Medium
2019-04-15,5042.89773845704,-0.0422166500307395,-0.0506599800368874,0.8590055121238068,85.90055121238068,0.01703396651439206,Neutral,Medium
2019-04-16,5205.96295745178,0.2295311442960255,0.2754373731552306,2.2848768306678555,228.48768306678556,0.043889609844366996,Neutral,Medium
2019-04-17,5226.35221519579,0.03304272176378055,0.03965126611653666,1.1263178793413302,112.63178793413302,0.021550745777648202,Neutral,Medium
2019-04-18,5278.5023395675,0.22812969626530805,0.2737556355183696,2.2733781715650863,227.33781715650863,0.043068621084505536,Neutral,Medium
2019-04-19,5289.95121911163,0.6440249948898976,1.1592449908018156,3.0,300.0,0.05671129800141723,Value,Medium
2019-04-20,5313.97326212741,-0.9042955869669926,-0.3255464113081173,0.376574553558893,37.657455355889304,0.007086496957798659,Extreme,Medium
2019-04-21,5295.73382817066,0.40802462010149526,0.7344443161826915,3.0,300.0,0.05664937282235557,Value,Medium
2019-04-22,5383.79997533606,-0.09292348709210571,-0.11150818451052685,0.7156782721831098,71.56782721831098,0.013293180940260262,Neutral,Medium
2019-04-23,5544.86271186441,-0.2400680429550098,-0.28808165154601173,0.4213695856988693,42.13695856988693,0.007599278964964447,Neutral,Medium
2019-04-24,5431.94791963764,-0.45431846873224424,-0.5451821624786931,0.2,20.0,0.003681920426316271,Neutral,Medium
2019-04-25,5127.67316738749,0.3457116208919544,0.4148539450703453,3.0,300.0,0.05850606897257605,Neutral,Medium
2019-04-26,5150.16466066628,-0.7165724305966548,-0.5159321500295914,0.2127161885083804,21.27161885083804,0.004130279370152433,Elevated,Medium
2019-04-27,5181.80776364699,0.46579205499297105,0.8384256989873479,3.0,300.0,0.05789485324111253,Value,Medium
2019-04-28,5148.66961542957,0.34752155763046255,0.41702586915655504,3.0,300.0,0.05826747925346732,Neutral,Medium
2019-04-29,5148.80049327878,-0.17882367160038093,-0.2145884059204571,0.5253107862326624,52.53107862326624,0.010202585765721563,Neutral,Medium
2019-04-30,5266.61820251315,-0.1181225003287517,-0.14174700039450203,0.6536122448223532,65.36122448223533,0.01241047328075651,Neutral,Medium
2019-05-01,5315.17532904734,-0.01268587545267729,-0.015223050543212747,0.9553579885430517,95.53579885430517,0.017974157565829242,Neutral,Medium
2019-05-02,5393.12937638808,0.50243875455874,0.7536581318381099,3.0,300.0,0.05562633103397157,Value,Low
2019-05-03,5658.43038836938,-0.6198958036612732,-0.37193748219676387,0.32764897344347027,32.76489734434703,0.005790456910399327,Elevated,Low
2019-05-04,5774.71242869667,-0.20597582743282325,-0.20597582743282325,0.5390604930869255,53.90604930869255,0.009334845669684531,Neutral,Low
2019-05-05,5728.35170222092,-0.8607353374302024,-0.5164412024581214,0.21239158535445946,21.239158535445945,0.0037077259985994547,Elevated,Low
2019-05-06,5691.68837405026,-0.20707838749876434,-0.20707838749876434,0.5372803989824859,53.72803989824859,0.009439736747220264,Neutral,Low
2019-05-07,5825.744893045,-0.04408663029220523,-0.04408663029220523,0.8761132716428514,87.61132716428513,0.015038648065224917,Neutral,Low
2019-05-08,5931.8005949737,-0.07800904497547756,-0.07800904497547756,0.7913403426422668,79.13403426422668,0.013340643030259777,Neutral,Low
2019-05-09,6150.14044476914,-0.15652950334534893,-0.15652950334534893,0.6252595033647448,62.52595033647448,0.01016658902312621,Neutral,Low
2019-05-10,6357.46349357101,0.3407791118026954,0.511168667704043,3.0,300.0,0.04718863117395408,Value,Low
2019-05-11,7325.08286031561,-0.08897268434217868,-0.10676722121061442,0.7259300173547106,72.59300173547106,0.00991019530014481,Neutral,Medium
2019-05-12,6942.62317451783,-0.022417712464781102,-0.026901254957737323,0.9224669180773813,92.24669180773813,0.013287008309239646,Neutral,Medium
2019-05-13,7798.90573600234,0.023250452640371663,0.027900543168445997,1.087304425846012,108.7304425846012,0.013941756223910409,Neutral,Medium
2019-05-14,7955.5576823495,-0.26350786062000703,-0.3162094327440084,0.3872718808058689,38.72718808058689,0.004867941334459618,Neutral,Medium
2019-05-15,8215.2068383986,-0.3215502663766471,-0.3858603196519765,0.31424543478383665,31.424543478383665,0.00382516765512252,Neutral,Medium
2019-05-16,7862.07160233782,-0.018707240715317125,-0.013095068500721986,0.9614764516641366,96.14764516641367,0.01222930164332563,Neutral,High
2019-05-17,7326.92068188194,-0.2299049002426656,-0.16093343016986592,0.617053042417784,61.7053042417784,0.008421724066750675,Neutral,High
2019-05-18,7277.98756341321,0.04466949758634722,0.031268648310443056,1.098346585513338,109.8346585513338,0.015091350128636912,Neutral,High
2019-05-19,8219.74278696669,-0.09344047392076398,-0.06540833174453478,0.8218273066481623,82.18273066481623,0.009998211962924927,Neutral,High
2019-05-20,7981.13937895967,-0.688748772781394,-0.28927448456818544,0.41986440977134126,41.98644097713412,0.005260707648812793,Elevated,High
2019-05-21,7983.80847738165,0.011464545682956462,0.008025181978069522,1.0243677017825699,102.43677017825699,0.012830564569335949,Neutral,High
2019-05-22,7667.90211484512,0.04597917006649668,0.032185419046547675,1.101371539413472,110.1371539413472,0.014363401135249337,Neutral,High
2019-05-23,7897.4712936879,-0.4097789419086464,-0.2868452593360524,0.42293542210535756,42.293542210535755,0.0053553271215229506,Neutral,High
2019-05-24,7987.10036762127,0.060006596387087,0.042004617470960896,1.1342978809367743,113.42978809367743,0.014201622976156396,Neutral,High
2019-05-25,8061.59176072472,-0.4551640055685627,-0.31861480389799385,0.3844873418310398,38.44873418310398,0.004769372516532333,Neutral,High
2019-05-26,8731.52495587376,-0.636065048658752,-0.4452455340611264,0.2629644039444344,26.296440394443437,0.0030116664073385753,Neutral,High
2019-05-27,8816.78670835769,0.6342443066909041,1.3319130440508986,3.0,300.0,0.03402600175363449,Deep Value,High
2019-05-28,8719.12584833431,-0.35746905119848277,-0.25022833583893794,0.47204308890192465,47.204308890192465,0.005413880899449377,Neutral,High
2019-05-29,8655.48850613676,0.5174705145734374,0.5433440403021091,3.0,300.0,0.034660088773418085,Value,High
2019-05-30,8271.62196317942,0.20805379733713059,0.1456376581359914,1.5479213624216406,154.79213624216405,0.018713637655493814,Neutral,High
2019-05-31,8556.222185564,0.10431322842265767,0.07301925989586036,1.2449032047277593,124.49032047277593,0.014549682999445148,Neutral,High
2019-06-01,8554.80732963179,-0.6332333768586853,-0.44326336380107967,0.2645327831776745,26.45327831776745,0.003092212050894433,Neutral,High
2019-06-02,8744.35374547049,0.8321013043876923,1.7474127392141536,3.0,300.0,0.034307852670690246,Deep Value,High
2019-06-03,8173.40127054354,0.1896955706573287,0.1327868994601301,1.4893811504009415,148.93811504009415,0.018222293279158874,Neutral,High
2019-06-04,7649.93933196961,0.07498204284607138,0.052487429992249965,1.1705366161863935,117.05366161863935,0.015301253583732912,Neutral,High
2019-06-05,7798.54446639392,-0.11644142995915628,-0.0815090009714094,0.7830748427770561,78.30748427770561,0.010041294835870228,Neutral,High
2019-06-06,7776.71332612507,-0.133896870375617,-0.09372780926293191,0.7548898550031249,75.4889855003125,0.009707055196018992,Neutral,High
2019-06-07,8023.950093045,0.45990908364370775,0.48290453782589315,3.0,300.0,0.03738806903348439,Value,High
2019-06-08,7939.80515488019,-0.32078443064812373,-0.2245491014536866,0.5098456203108693,50.98456203108693,0.00642138705378045,Neutral,High
2019-06-09,7634.06575073057,-0.25104562011755926,-0.17573193408229149,0.5902578508314911,59.02578508314911,0.007731893726157706,Neutral,High
2019-06-10,7993.30253857393,-0.43930935295426243,-0.3075165470679837,0.3975042547370809,39.75042547370809,0.004972966465598072,Neutral,High
2019-06-11,7922.48362711864,-0.27891022299807017,-0.1952371560986491,0.5567096396204855,55.670963962048546,0.007026958537533229,Neutral,High
2019-06-12,8146.75612507306,-0.2602149650688708,-0.18215047554820957,0.5790007959892002,57.900079598920016,0.00710713303675833,Neutral,High
2019-06-13,8232.77734137931,-0.1927370526212465,-0.13491593683487255,0.6671450366153293,66.71450366153293,0.00810352337919,Neutral,High
2019-06-14,8698.00481502046,-0.1609203667178006,-0.11264425670246042,0.7132432375527108,71.32432375527108,0.008200078670007417,Neutral,High
2019-06-15,8850.58481601403,-0.47563160071397975,-0.33294212049978583,0.36831145210994237,36.83114521099424,0.0041614363317950325,Neutral,High
2019-06-16,9019.51700672121,0.23484017920855293,0.24658218816898056,2.095404397348641,209.5404397348641,0.023231891417103342,Value,High
2019-06-17,9340.57218877849,0.25725940891656085,0.27012237936238886,2.2487334308315488,224.87334308315488,0.024074900181523314,Value,High
2019-06-18,9047.13274447691,-0.08627957476661,-0.103535489719932,0.7330022781204005,73.30022781204005,0.00810203960550798,Neutral,Medium
2019-06-19,9285.05567656341,-0.19599311757972554,-0.23519174109567065,0.4938244332280201,49.38244332280201,0.005318486505950546,Neutral,Medium
2019-06-20,9546.71977819988,-0.164122054457118,-0.1969464653485416,0.5538621798346347,55.38621798346347,0.00580159670234995,Neutral,Medium
2019-06-21,10083.4863136762,-0.14531354006123187,-0.17437624807347823,0.5926633521022355,59.26633521022355,0.005877563906626304,Neutral,Medium
2019-06-22,10685.2952327878,-0.10178403686891183,-0.12214084424269418,0.6932098354773915,69.32098354773915,0.006487512234105418,Neutral,Medium
2019-06-23,10794.4276963764,-0.6818923056960426,-0.8182707668352511,0.2,20.0,0.001852807815528176,Neutral,Medium
2019-06-24,11004.2069094681,-0.5544568768292477,-0.6653482521950972,0.2,20.0,0.001817486727079973,Neutral,Medium
2019-06-25,11726.2638308007,-0.05975583716983807,-0.07170700460380569,0.8064438434289816,80.64438434289815,0.006877244577345616,Neutral,Medium
2019-06-26,12863.4606849795,-0.45271093931188494,-0.5432531271742619,0.2,20.0,0.0015547915518064083,Neutral,Medium
2019-06-27,11109.7978418469,-0.27651910969901505,-0.19356337678931052,0.5595120970031886,55.95120970031886,0.005036204123316208,Neutral,High
2019-06-28,12358.2079582116,-0.20760974280358577,-0.14532681996251004,0.6466303610419748,64.66303610419747,0.0052323958556815785,Neutral,High
2019-06-29,11944.3515473407,0.20760860165531592,0.2179890317380817,1.9231550550632723,192.31550550632724,0.0161009582432413,Value,High
2019-06-30,10842.6167109877,-0.5431335305707774,-0.3801934713995442,0.31963344817504674,31.963344817504673,0.002947936431720733,Neutral,High
2019-07-01,10569.5517282291,-0.059864222127962725,-0.0419049554895739,0.8818662605794552,88.18662605794552,0.008343459431909223,Neutral,High
2019-07-02,10766.0833162186,0.19358878496705828,0.1355121494769408,1.5016078716190477,150.16078716190478,0.013947578032922575,Neutral,High
2019-07-03,11952.0248935126,-0.12348826438701171,-0.08644178507090819,0.7715719472464799,77.157194724648,0.006455575135768659,Neutral,High
2019-07-04,11177.0103787551,-0.01681591767836102,-0.011771142374852713,0.9653028167524147,96.53028167524147,0.008636502821785252,Neutral,High
2019-07-05,10998.3991004676,-0.013719713241075154,-0.009603799268752607,0.9715996930209511,97.1599693020951,0.008834010151346874,Neutral,High
2019-07-06,11208.225600526,0.6300361753966288,1.3230759683329205,3.0,300.0,0.02676605652779875,Deep Value,High
2019-07-07,11456.1836039158,-0.06696943462835885,-0.04687860423985119,0.8688056620600844,86.88056620600844,0.007583726763624151,Neutral,High
2019-07-08,12319.6228758036,0.15435564796954448,0.10804895357868113,1.3828503786319424,138.28503786319425,0.011224778490159263,Neutral,High
2019-07-09,12579.107616014,0.12141295093994661,0.08498906565796262,1.2904192905209293,129.04192905209294,0.010258432711698436,Neutral,High
2019-07-10,12106.7829313267,-0.07714899286494516,-0.054004295005461604,0.8504302466619745,85.04302466619745,0.007024411451711571,Neutral,High
2019-07-11,11294.678028346,0.09164031500373807,0.06414822050261665,1.2122094200098323,121.22094200098323,0.010732571720659743,Neutral,High
2019-07-12,11813.3237158971,-0.2636249500425005,-0.18453746502975035,0.5748693996138843,57.48693996138843,0.004866279917820984,Neutral,High
2019-07-13,11346.837148159,-0.24696662940313516,-0.1728766405821946,0.5953356458906424,59.533564589064234,0.005246710057764725,Neutral,High
2019-07-14,10283.0757891292,0.08351148383306709,0.05845803868314695,1.1916919643163146,119.16919643163146,0.011588866879461467,Neutral,High
2019-07-15,10926.3802741087,0.1177409023357062,0.08241863163499433,1.280506746008745,128.0506746008745,0.01171940490706745,Neutral,High
2019-07-16,9471.14086475745,0.32790669587665566,0.3443020306704884,2.809217829230762,280.9217829230762,0.029660817734049237,Value,High
2019-07-17,9674.88246113384,0.4137526833833819,0.4344403175525509,3.0,300.0,0.031008128647057664,Value,High
2019-07-18,10679.8906896552,-0.015117840904936147,-0.010582488633455303,0.9687511939020059,96.8751193902006,0.009070796902821877,Neutral,High
2019-07-19,10532.2027291058,-0.19073527907230747,-0.13351469535061522,0.6699554334476252,66.99554334476252,0.006361019158852684,Neutral,High
2019-07-20,10862.6485479252,0.07765395415871079,0.05435776791109755,1.1771229740344873,117.71229740344873,0.010836426943586622,Neutral,High
2019-07-21,10589.7064907656,0.49544632268976463,0.5202186388242529,3.0,300.0,0.028329397067010778,Value,High
2019-07-22,10318.5609251899,-0.22425599979418992,-0.15697919985593292,0.6244165410577912,62.44165410577912,0.006051391716198057,Neutral,High
2019-07-23,9866.64894038574,-1.1311302084920063,-0.2375373437833213,0.4903616831171905,49.03616831171905,0.0049698908523041025,Extreme,High
2019-07-24,9792.78753652835,-0.19099987880372515,-0.1336999151626076,0.6695832697970436,66.95832697970437,0.006837514520757367,Neutral,High
2019-07-25,9897.18678603156,0.47962664173729486,0.5036079738241596,3.0,300.0,0.030311643751475558,Value,High
2019-07-26,9836.69678813559,0.11500695720441995,0.08050487004309395,1.2731760560484213,127.31760560484213,0.012943125964643403,Neutral,High
2019-07-27,9446.67205207481,0.03633874476865295,0.025437121338057065,1.0792985765823313,107.92985765823313,0.011425172490721542,Neutral,High
2019-07-28,9529.78879193454,0.44029404983434317,0.46230875232606033,3.0,300.0,0.031480235978986505,Value,High
2019-07-29,9504.15891595558,-0.011883971999687645,-0.008318780399781352,0.9753524938188879,97.53524938188879,0.010262375686726641,Neutral,High
2019-07-30,9589.10920601987,0.07465152399018371,0.052256066793128594,1.1697244407916172,116.97244407916172,0.012198468237876415,Neutral,High
2019-07-31,10059.0040189947,0.00620039646462181,0.004340277525235267,1.0131059727468439,101.31059727468438,0.010071633044720604,Neutral,High
2019-08-01,10400.3070143776,-0.04035718479094662,-0.02825002935366263,0.9187418602731393,91.87418602731393,0.008833795569717811,Neutral,High
2019-08-02,10529.6944544126,0.24471784190040574,0.171302489330284,1.6718109966482892,167.18109966482893,0.015877108342376413,Neutral,High
2019-08-03,10810.4216686148,-0.19566718183448054,-0.13696702728413637,0.6630525162835824,66.30525162835823,0.006133456553397728,Neutral,High
2019-08-04,10986.5089291058,-0.2807519121306777,-0.19652633849147436,0.5545606970715291,55.45606970715291,0.00504765163028603,Neutral,High
2019-08-05,11790.0239375804,0.17643766552547765,0.12350636586783435,1.4484863253210252,144.84863253210253,0.012285694524368286,Neutral,High
2019-08-06,11423.4970017534,0.6211445956646505,1.304403650895766,3.0,300.0,0.026261660501504296,Deep Value,High
2019-08-07,11967.2735473407,0.0714261949425807,0.04999833645980649,1.1618284444688687,116.18284444688686,0.009708380441650752,Neutral,High
2019-08-08,11938.2346108708,-0.26757409736220145,-0.187301868153541,0.570121601774164,57.012160177416405,0.004775593882658486,Neutral,High
2019-08-09,11858.3410984804,-0.33627785993125103,-0.2353945019518757,0.4935241397742272,49.35241397742272,0.004161831201140524,Neutral,High
2019-08-10,11303.7305618936,-0.3083674461870886,-0.21585721233096203,0.5233150338981333,52.33150338981333,0.004629578093999328,Neutral,High
2019-08-11,11530.195242256,-0.14590824784685164,-0.10213577349279614,0.7360867351846331,73.6086735184633,0.00638399194219204,Neutral,High
2019-08-12,11384.6962465809,0.03571230472510648,0.024998613307574535,1.0778796668125958,107.78796668125959,0.009467794690932658,Neutral,High
2019-08-13,10867.05475827,0.2022571644298793,0.1415800151009155,1.5291928471265763,152.91928471265763,0.01407182425360318,Neutral,High
2019-08-14,10024.3795917008,-0.11205300433857995,-0.07843710303700596,0.7903247760248058,79.03247760248058,0.007884026824753495,Neutral,High
2019-08-15,10310.0858696669,-0.197834928816902,-0.2374019145802824,0.49056095147041695,49.056095147041695,0.004758068532811028,Neutral,Medium
2019-08-16,10373.3219028054,-0.07311555229052238,-0.08773866274862686,0.7685758760271935,76.85758760271935,0.007409158640100977,Neutral,Medium
2019-08-17,10207.1555616598,0.15851994617841791,0.19022393541410149,1.7694553833966713,176.94553833966714,0.01733544054176184,Neutral,Medium
2019-08-18,10331.3099760374,-0.5603603411038389,-0.6724324093246067,0.2,20.0,0.0019358629299080473,Neutral,Medium
2019-08-19,10884.6297744009,-0.27076985810081655,-0.32492382972097983,0.3772785559523174,37.72785559523174,0.003466158829210919,Neutral,Medium
2019-08-20,10771.3923793688,-0.09211363210884033,-0.11053635853060839,0.7177678609925332,71.77678609925331,0.00666364974659473,Neutral,Medium
2019-08-21,10096.8302238457,0.37041646860984756,0.6667496434977257,3.0,300.0,0.029712295180668636,Value,Medium
2019-08-22,10119.7145248393,0.25471442521994897,0.3056573102639388,2.5017035774658396,250.17035774658396,0.024721088439059166,Neutral,Medium
2019-08-23,10414.1441725891,-0.1051520094048017,-0.12618241128576202,0.6848556219183876,68.48556219183875,0.00657620646083415,Neutral,Medium
2019-08-24,10147.0871548802,-0.5413005045012186,-0.6495606054014623,0.2,20.0,0.0019710089895484026,Neutral,Medium
2019-08-25,10100.3567783752,0.2099932313955508,0.2519918776746609,2.1296883043430137,212.96883043430137,0.021085277986443635,Neutral,Medium
2019-08-26,10362.6434723553,0.09856156494047658,0.11827387792857189,1.4259262945225584,142.59262945225584,0.01376025623506724,Neutral,Medium
2019-08-27,10168.221571654,0.17867106584670142,0.2144052790160417,1.9025894696288326,190.25894696288327,0.01871113307495866,Neutral,Medium
2019-08-28,9724.79997808299,0.6707160123251366,1.2072888221852458,3.0,300.0,0.03084896354435228,Value,Medium
2019-08-29,9482.31173495032,0.157024858753888,0.18842983050466558,1.7599572016569052,175.99572016569053,0.01856042335298868,Neutral,Medium
2019-08-30,9577.67882349503,-0.37976603033341094,-0.4557192364000931,0.25483023281563194,25.483023281563195,0.0026606679709337004,Neutral,Medium
2019-08-31,9605.02446142607,0.11656415165356566,0.13987698198427878,1.521399973180415,152.1399973180415,0.015839626221571652,Neutral,Medium
2019-09-01,9762.93655689655,-0.28424103225824937,-0.3410892387098992,0.3594185413862283,35.94185413862283,0.0036814593569425035,Neutral,Medium
2019-09-02,10377.3383845704,0.3958107004446972,0.712459260800455,3.0,300.0,0.028909146920182982,Value,Medium
2019-09-03,10618.7815058445,-0.01713664733036606,-0.02056397679643927,0.9401724807513684,94.01724807513683,0.008853864073141577,Neutral,Medium
2019-09-04,10577.2410839275,0.06049401781586892,0.0725928213790427,1.2433115989991965,124.33115989991965,0.011754592611947301,Neutral,Medium
2019-09-05,10580.1846995909,-0.6998560108571908,-0.5038963278171773,0.220537179576099,22.0537179576099,0.0020844360078574663,Elevated,Medium
2019-09-06,10330.8497312098,-0.05303591876421815,-0.06364310251706178,0.8261909915512112,82.61909915512112,0.007997318836758064,Neutral,Medium
2019-09-07,10494.5069649328,-0.06885305714035403,-0.08262366856842483,0.7804606117512393,78.04606117512392,0.007436848766303495,Neutral,Medium
2019-09-08,10407.2656573933,-0.03663804816983508,-0.0439656578038021,0.876431286153652,87.6431286153652,0.008421340580760875,Neutral,Medium
2019-09-09,10332.4644424313,-0.028620113778245984,-0.03434413653389518,0.9020977363794201,90.20977363794202,0.00873071222655135,Neutral,Medium
2019-09-10,10085.9519243133,0.20259560243315242,0.2431147229197829,2.0737201511484487,207.37201511484486,0.020560480227449007,Neutral,Medium
2019-09-11,10142.1480603741,-0.25010441986128157,-0.30012530383353786,0.4064168542521717,40.64168542521717,0.004007206874055246,Neutral,Medium
2019-09-12,10403.3599707773,-0.22608974291257414,-0.27130769149508893,0.4431162737185659,44.31162737185659,0.0042593573130533325,Neutral,Medium
2019-09-13,10345.3387469316,-0.247784692915081,-0.2973416314980972,0.40982505949648207,40.98250594964821,0.003961446497999257,Neutral,Medium
2019-09-14,10363.4528963179,0.5138002235962472,0.9248404024732451,3.0,300.0,0.028947880885007833,Value,Medium
2019-09-15,10306.1696674459,-0.03250273278596486,-0.03900327934315783,0.8895764414411117,88.95764414411117,0.008631494242240325,Neutral,Medium
2019-09-16,10257.822761543,-0.8917224898623367,-0.32102009635044115,0.38172291420732973,38.172291420732975,0.003721285920813768,Extreme,Medium
2019-09-17,10195.6111811806,-0.44148928086032757,-0.5297871370323931,0.20405587795572275,20.405587795572274,0.0020014089820566705,Neutral,Medium
2019-09-18,10161.3188664524,0.30655743546192954,0.30655743546192954,2.5084682462122947,250.84682462122947,0.02468644355305101,Neutral,Low
2019-09-19,10268.3926291642,0.10743621308792325,0.10743621308792325,1.3803107283080136,138.03107283080135,0.01344232518327812,Neutral,Low
2019-09-20,10170.1251161309,0.0774450884685372,0.0774450884685372,1.2615426095304139,126.15426095304139,0.012404396161552362,Neutral,Low
2019-09-21,9986.4061081239,-0.37969719260278295,-0.37969719260278295,0.32010968451526833,32.010968451526836,0.0032054543050763825,Neutral,Low
2019-09-22,10047.0134748685,-0.4892425591891874,-0.4892425591891874,0.23044854407866394,23.044854407866396,0.002293701950884267,Neutral,Low
2019-09-23,9692.74104792519,0.09836411934563727,0.09836411934563727,1.3432504129287044,134.32504129287045,0.013858313208689695,Neutral,Low
2019-09-24,8613.67124850965,0.18652589833388245,0.22383107800065893,1.9571576340640686,195.71576340640686,0.022721526949414268,Neutral,Medium
2019-09-25,8424.15764640561,-0.38188115718451643,-0.4582573886214197,0.25289720785828473,25.28972078582847,0.003002047426856856,Neutral,Medium
2019-09-26,8091.69529924021,-0.2457866727622053,-0.2949440073146464,0.4127835060266129,41.27835060266129,0.00510132290899995,Neutral,Medium
2019-09-27,8186.77963927528,0.7743492155986347,2.5,3.0,300.0,0.036644445461898004,Deep Value,Medium
2019-09-28,8201.97901344243,-0.1586252988599185,-0.1903503586319022,0.5649313408181872,56.49313408181872,0.006887744285766972,Neutral,Medium
2019-09-29,8064.50806236119,0.25815549500996415,0.30978659401195696,2.53288705862236,253.288705862236,0.031407830943140765,Neutral,Medium
2019-09-30,8282.3654541204,0.023052575175627456,0.027663090210752948,1.0865301507041487,108.65301507041487,0.013118597056878359,Neutral,Medium
2019-10-01,8314.55139012273,0.24984892375707834,0.299818708508494,2.4582657595160224,245.82657595160225,0.02956582555297354,Neutral,Medium
2019-10-02,8362.53073232028,-0.21439619550550926,-0.2572754346066111,0.46216823746965474,46.216823746965474,0.005526655174891308,Neutral,Medium
2019-10-03,8254.33991028638,-0.09812917434025521,-0.11775500920830625,0.7023910156845643,70.23910156845643,0.008509354149679004,Neutral,Medium
2019-10-04,8165.68615125658,-0.0840138150062189,-0.10081657800746269,0.7390056341660108,73.90056341660109,0.00905013516901196,Neutral,Medium
2019-10-05,8141.63371379311,-0.07369012464943273,-0.08842814957931927,0.7669877502464214,76.69877502464215,0.009420563208917553,Neutral,Medium
2019-10-06,7854.60981297487,-0.3214913424457445,-0.3857896109348934,0.31431210152909506,31.431210152909507,0.004001625911574746,Neutral,Medium
2019-10-07,8226.02342928112,-0.6135105336810349,-0.44172758425034514,0.2657543873053685,26.57543873053685,0.0032306543932198967,Elevated,Medium
2019-10-08,8190.1151207481,-0.40377155742064574,-0.4845258689047749,0.23373258723174298,23.3732587231743,0.002853837629701027,Neutral,Medium
2019-10-09,8598.3319207481,-0.15700799794484654,-0.18840959753381584,0.5682301250355759,56.82301250355759,0.006608608858939432,Neutral,Medium
2019-10-10,8578.09037931034,-0.39167241069705333,-0.47000689283646396,0.244138234686461,24.4138234686461,0.002846067410006575,Neutral,Medium
2019-10-11,8289.85402893045,-0.06385314115350657,-0.07662376938420788,0.7946358590800955,79.46358590800955,0.009585643562684286,Neutral,Medium
2019-10-12,8323.7501440678,0.6692824509121619,1.2047084116418914,3.0,300.0,0.036041447041007715,Value,Medium
2019-10-13,8291.25065143191,0.43101241746330105,0.7758223514339418,3.0,300.0,0.036182719907061255,Value,Medium
2019-10-14,8346.36843658679,-0.03795214523993712,-0.04554257428792454,0.8722949011415602,87.22949011415602,0.010451190931349314,Neutral,Medium
2019-10-15,8160.71262752776,-0.1834916961322883,-0.22019003535874596,0.5165567583831872,51.655675838318714,0.006329799638339612,Neutral,Medium
2019-10-16,8003.85592314436,0.5840969929202338,1.0513745872564206,3.0,300.0,0.03748193406786655,Value,Medium
2019-10-17,8072.48938229106,0.16926275631871987,0.20311530758246385,1.8392280080668568,183.92280080668567,0.022783901234997524,Neutral,Medium
2019-10-18,7959.33199357101,-0.1678771959658888,-0.20145263515906656,0.5464251706314436,54.64251706314436,0.00686521395354293,Neutral,Medium
2019-10-19,7948.47733722969,0.0408466357157145,0.0490159628588574,1.1584094362805684,115.84094362805683,0.014573979230647372,Neutral,Medium
2019-10-20,8213.70903927528,-0.09712453544603081,-0.11654944253523697,0.704935952647172,70.4935952647172,0.008582431509034445,Neutral,Medium
2019-10-21,8211.65455873758,-0.0911565507230375,-0.10938786086764499,0.7202451904851479,72.02451904851479,0.008771011801985432,Neutral,Medium
2019-10-22,8029.20537288136,-0.3939081992081525,-0.472689839049783,0.2421810923569441,24.21810923569441,0.003016252307792633,Neutral,Medium
2019-10-23,7458.03585680889,-0.30996397878695237,-0.37195677454434284,0.32763001063859243,32.76300106385924,0.004392979826444241,Neutral,Medium
2019-10-24,7454.37113816482,-0.40387189490909486,-0.40387189490909486,0.2977158756428907,29.77158756428907,0.003993842942949912,Neutral,Low
2019-10-25,8656.65517755699,-0.42183487368527267,-0.5062018484223272,0.2190170835200873,21.901708352008733,0.0025300428286424656,Neutral,Medium
2019-10-26,9249.64676095851,0.4694583061598775,0.8450249510877795,3.0,300.0,0.032433671009606424,Value,Medium
2019-10-27,9558.15604400935,0.249698056949053,0.29963766833886357,2.4569309874695717,245.69309874695716,0.025705072988523474,Neutral,Medium
2019-10-28,9319.17814167154,0.3715627102133032,0.44587525225596386,3.0,300.0,0.032191679935650454,Neutral,Medium
2019-10-29,9431.20712390415,0.12496656254599672,0.14995987505519606,1.5681234115325793,156.81234115325793,0.01662696398171603,Neutral,Medium
2019-10-30,9182.85506516657,0.7585435710371788,2.5,3.0,300.0,0.03266957802023833,Deep Value,Medium
2019-10-31,9155.27729877265,-0.26093342452164436,-0.31312010942597324,0.3908777888742323,39.08777888742323,0.0042694259946297105,Neutral,Medium
2019-11-01,9251.38129345412,-0.4874001731630954,-0.3509281246774287,0.3489647467594737,34.89647467594737,0.0037720285835195887,Elevated,Medium
2019-11-02,9300.19083752192,-0.33131239075447094,-0.39757486890536514,0.3033935089331157,30.33935089331157,0.00326222885350981,Neutral,Medium
2019-11-03,9209.63869608416,0.2926284449940374,0.35115413399284484,2.8675626038204953,286.7562603820495,0.03113653747393752,Neutral,Medium
2019-11-04,9418.36013062537,0.14582697330098188,0.17499236796117826,1.6904201438795123,169.04201438795124,0.017948136622880126,Neutral,Medium
2019-11-05,9330.78722296902,0.09118830579267201,0.1094259669512064,1.388574804798905,138.8574804798905,0.014881646870917135,Neutral,Medium
2019-11-06,9354.93338229106,-0.17223494615093726,-0.2066819353811247,0.5379197969989884,53.79197969989884,0.005750118948118578,Neutral,Medium
2019-11-07,9210.74822238457,-0.4988222252945069,-0.35915200221204496,0.340460554255569,34.0460554255569,0.003696339819909084,Elevated,Medium
2019-11-08,8791.33393495032,0.5485585291926939,0.9874053525468489,3.0,300.0,0.034124514234106985,Value,Medium
2019-11-09,8810.78456195208,0.24839486913968728,0.29807384296762474,2.445431350656713,244.54313506567132,0.02775497838429628,Neutral,Medium
2019-11-10,9042.89072320281,0.2608737724149812,0.31304852689797746,2.5577950549508266,255.77950549508267,0.0282851483363376,Neutral,Medium
2019-11-11,8713.20792957335,-0.1278034896644249,-0.15336418759730988,0.6312252148344931,63.12252148344931,0.0072444640359386175,Neutral,Medium
2019-11-12,8788.95814295734,-0.13745493339294856,-0.16494592007153827,0.6096698119724059,60.966981197240585,0.0069367700022662975,Neutral,Medium
2019-11-13,8766.72943050848,-0.35216067945263846,-0.4225928153431661,0.28145619789068244,28.145619789068242,0.0032105039869396042,Neutral,Medium
2019-11-14,8645.43580362361,0.1049122565341146,0.1258947078409375,1.4589020372489183,145.89020372489182,0.016874823552994755,Neutral,Medium
2019-11-15,8465.87788854471,0.46736043657009296,0.8412487858261674,3.0,300.0,0.035436372216747176,Value,Medium
2019-11-16,8477.69024284044,0.029140631141239232,0.034968757369487076,1.110606510670685,111.0606510670685,0.013100343122451449,Neutral,Medium
2019-11-17,8505.16122326125,0.4019655540807474,0.4823586648968969,3.0,300.0,0.0352726999671109,Neutral,Medium
2019-11-18,8183.53341350088,-0.09005239928614318,-0.10806287914337181,0.7231138231800777,72.31138231800777,0.00883620542181831,Neutral,Medium
2019-11-19,8116.82067258913,-0.1911129295215596,-0.2293355154258715,0.5025769350065206,50.25769350065205,0.006191795473611306,Neutral,Medium
2019-11-20,8076.55466008182,-0.08674179202216376,-0.1040901504265965,0.7317835896547978,73.17835896547979,0.009060591062072803,Neutral,Medium
2019-11-21,7612.2774880187,-0.09337855567514192,-0.06536498897259933,0.8219341744164969,82.19341744164969,0.010797480461138936,Neutral,High
2019-11-22,7277.52427323203,0.473395398167586,0.8521117167016549,3.0,300.0,0.04122280994698306,Value,Medium
2019-11-23,7324.83617855056,0.24651028740482145,0.2958123448857857,2.4288964894896394,242.88964894896395,0.03315973805123748,Neutral,Medium
2019-11-24,6943.38065604909,0.05067381701344196,0.060808580416130346,1.20012502785819,120.01250278581901,0.01728444812848678,Neutral,Medium
2019-11-25,7139.04468597312,0.44733438989898405,0.671001584848476,3.0,300.0,0.04202242921793774,Value,Low
2019-11-26,7165.43773027469,0.00919724069106577,0.00919724069106577,1.0279758988638763,102.79758988638763,0.014346309849579398,Neutral,Low
2019-11-27,7526.86381654004,-0.4313969286761222,-0.4313969286761222,0.2741195960121504,27.41195960121504,0.0036418832955338112,Neutral,Low
2019-11-28,7436.3363817066,-0.015838429112325088,-0.015838429112325088,0.9535958950794104,95.35958950794104,0.012823463680654063,Neutral,Low
2019-11-29,7747.73804208066,-0.19766756116556383,-0.23720107339867658,0.4908566150570374,49.08566150570374,0.006335482851782344,Neutral,Medium
2019-11-30,7556.19372121567,0.24682546312140294,0.29619055574568354,2.431653958640657,243.1653958640657,0.03218093723316351,Neutral,Medium
2019-12-01,7417.72720601987,0.3596206362838774,0.4315447635406529,3.0,300.0,0.040443654999409315,Neutral,Medium
2019-12-02,7318.31252180012,0.15495641270571375,0.1859476952468565,1.746900519198886,174.6900519198886,0.023870263998635476,Neutral,Medium
2019-12-03,7306.44623331385,0.9458921793550227,2.5,3.0,300.0,0.04105963288036605,Deep Value,Medium
2019-12-04,7215.02034482759,0.07431478515886598,0.08917774219063918,1.3067370475072602,130.67370475072602,0.018111342519554405,Neutral,Medium
2019-12-05,7404.0867949737,-0.09975343891962844,-0.11970412670355413,0.6982958723745056,69.82958723745057,0.009431222130574525,Neutral,Medium
2019-12-06,7534.2083559322,0.5901938982356337,1.0623490168241407,3.0,300.0,0.0398183838072104,Value,Medium
2019-12-07,7512.06140263004,0.00425120100576213,0.005101441206914556,1.0154220345100409,101.54220345100408,0.013517222238818927,Neutral,Medium
2019-12-08,7528.94026943308,0.1893432874745652,0.22721194496947822,1.9771093127753137,197.71093127753136,0.02626012748171513,Neutral,Medium
2019-12-09,7340.22745908825,-0.10054499472287162,-0.12065399366744595,0.6963088403027111,69.63088403027112,0.009486202494182675,Neutral,Medium
2019-12-10,7232.09178375219,0.1984966263995624,0.1984966263995624,1.813919328689257,181.3919328689257,0.025081530806404538,Neutral,Low
2019-12-11,7200.46444599649,0.5998769453092545,0.8998154179638818,3.0,300.0,0.04166397907385018,Value,Low
2019-12-12,7192.84902425482,0.19827345423715595,0.19827345423715595,1.8127052862482789,181.27052862482788,0.025201492206157843,Neutral,Low
2019-12-13,7244.90372004676,0.8616144469509707,2.5,3.0,300.0,0.04140841777785057,Deep Value,Low
2019-12-14,7071.10709029807,0.47978792471495735,0.719681887072436,3.0,300.0,0.04242617120190638,Value,Low
2019-12-15,7111.28666995909,-0.07042627620315028,-0.07042627620315028,0.8095483101794146,80.95483101794146,0.011383992064323174,Neutral,Low
2019-12-16,6882.39579532437,0.0402448658132522,0.0402448658132522,1.1283254121718644,112.83254121718645,0.016394369718440265,Neutral,Low
2019-12-17,6608.96197983635,-0.5714536792901697,-0.41144664908892215,0.29102679201554693,29.102679201554693,0.004403517419277895,Elevated,Medium
2019-12-18,7284.6254836353,-0.0765662536391367,-0.09187950436696404,0.7590872812786567,75.90872812786567,0.010420402297742338,Neutral,Medium
2019-12-19,7146.16763763881,-0.30055391234899237,-0.3606646948187908,0.3389190182164413,33.89190182164413,0.004742668174076374,Neutral,Medium
2019-12-20,7184.21917206312,0.29173848956178394,0.3500861874741407,2.858390094790377,285.8390094790377,0.03978706699129729,Neutral,Medium
2019-12-21,7140.29801127995,0.18354165434893563,0.22024998521872274,1.9362438870887675,193.62438870887675,0.027117129901720754,Neutral,Medium
2019-12-22,7479.40240789012,0.258810882074669,0.3105730584896028,2.5388701912211835,253.88701912211835,0.03394482677577149,Neutral,Medium
2019-12-23,7321.7487238457,0.6099261015689151,1.097866982824047,3.0,300.0,0.0409738180474496,Value,Medium
2019-12-24,7235.62908381064,0.30583357812764234,0.3670002937531708,3.0,300.0,0.04146149512711135,Neutral,Medium
2019-12-25,7191.17416569258,0.3110175268332845,0.37322103219994135,3.0,300.0,0.041717804782316396,Neutral,Medium
2019-12-26,7194.63975832846,-0.19229805648643566,-0.23075766778372278,0.5004372797065182,50.043727970651815,0.006955696136519077,Neutral,Medium
2019-12-27,7237.15044728229,0.43874322292058143,0.7897378012570465,3.0,300.0,0.04145277926516736,Value,Medium
2019-12-28,7306.64330829924,0.09765981731098786,0.11719178077318543,1.4213048275342748,142.1304827534275,0.019452226796398943,Neutral,Medium
2019-12-29,7391.578521391,0.22709546923644702,0.2725145630837364,2.264929628259439,226.49296282594392,0.030642028921221667,Neutral,Medium
2019-12-30,7229.3971006429,-0.30516450491121233,-0.3661974058934548,0.333340023729723,33.3340023729723,0.004610896580851528,Neutral,Medium
2019-12-31,7167.39505464641,0.6464091150151087,1.1635364070271954,3.0,300.0,0.04185621103800032,Value,Medium
2020-01-01,7170.63186879018,-0.32727352236803664,-0.32727352236803664,0.37462844141141627,37.46284414114163,0.005224482978159401,Neutral,Low
2020-01-02,6946.82526914085,0.21241590820566797,0.25489908984680154,2.148343907063657,214.83439070636572,0.03092554978469113,Neutral,Medium
2020-01-03,7315.3093603156,-0.3713318583366096,-0.4455982300039315,0.26268631165829065,26.268631165829063,0.003590911863322178,Neutral,Medium
2020-01-04,7343.16419438925,0.4227654722783973,0.5073185667340767,3.0,300.0,0.04085432274947949,Neutral,Medium
2020-01-05,7345.53069181765,-0.12344343985905248,-0.14813212783086296,0.6412112049102624,64.12112049102625,0.008729269971256426,Neutral,Medium
2020-01-06,7765.7977346581,0.37349085760235096,0.44818902912282116,3.0,300.0,0.038630931457450314,Neutral,Medium
2020-01-07,8136.08684190532,-0.13923466530052314,-0.16708159836062778,0.6057761230496058,60.57761230496058,0.007445546425703395,Neutral,Medium
2020-01-08,8059.69952887201,-0.7947545373968964,-0.5722232669257653,0.2,20.0,0.0024814820860696637,Elevated,Medium
2020-01-09,7817.13609322034,-0.5482676057276769,-0.39475267612392734,0.3059731186701378,30.597311867013783,0.003914133194322954,Elevated,Medium
2020-01-10,8129.81791992987,-0.17000316605350033,-0.2040037992642004,0.5422590727223138,54.225907272231375,0.00667000267488145,Neutral,Medium
2020-01-11,8032.00549503215,-0.3446486653892695,-0.4135783984671234,0.2891715421814917,28.91715421814917,0.0036002408409748507,Neutral,Medium
2020-01-12,8164.54999316189,0.031831077682402106,0.03819729321888252,1.1214156716175516,112.14156716175516,0.013735180414802756,Neutral,Medium
2020-01-13,8121.92566762127,0.1664360107787131,0.1997232129344557,1.8206064116443732,182.06064116443733,0.022415945259168915,Neutral,Medium
2020-01-14,8830.16787346581,-0.11399377638667446,-0.13679253166400934,0.6633997064304109,66.33997064304108,0.007512877625168283,Neutral,Medium
2020-01-15,8811.44820251315,-0.4058161939295815,-0.4869794327154978,0.23201847006246884,23.201847006246883,0.0026331479767002872,Neutral,Medium
2020-01-16,8718.68699801286,0.5959292095464761,1.072672577183657,3.0,300.0,0.03440885079007599,Value,Medium
2020-01-17,8912.54190414962,-0.2645990962641717,-0.31751891551700606,0.3857534876539789,38.57534876539789,0.004328209525437121,Neutral,Medium
2020-01-18,8928.1807565751,-0.16035519886964375,-0.1924262386435725,0.5614240840845994,56.14240840845994,0.006288224884684848,Neutral,Medium
2020-01-19,8687.35483664524,0.6167615728722039,1.110170831169967,3.0,300.0,0.03453295112737098,Value,Medium
2020-01-20,8636.2587862069,0.03461898830162222,0.04154278596194666,1.1327274056243983,113.27274056243984,0.013115950247270202,Neutral,Medium
2020-01-21,8730.86756019871,0.0982562087047954,0.11790745044575447,1.4243596600188726,142.43596600188727,0.01631406787696657,Neutral,Medium
2020-01-22,8647.90047399182,0.1210154422587553,0.14521853071050636,1.5459762566622084,154.59762566622084,0.017876896956800833,Neutral,Medium
2020-01-23,8366.38461396844,0.28530344270539604,0.34236413124647525,2.792933267023682,279.2933267023682,0.03338279789768003,Neutral,Medium
2020-01-24,8423.39095815313,0.484330060505283,0.8717941089095094,3.0,300.0,0.03561511052857227,Value,Medium
2020-01-25,8344.77456896552,0.2036310467160755,0.24435725605929057,2.0814645742642077,208.14645742642077,0.024943328990638527,Neutral,Medium
2020-01-26,8573.87480958504,0.027344462141076695,0.03281335456929203,1.103448265814757,110.3448265814757,0.012869890105943381,Neutral,Medium
2020-01-27,8901.95928486265,0.637491231393497,1.1474842165082944,3.0,300.0,0.03370044620515569,Value,Medium
2020-01-28,9297.3883176505,0.6437770906139536,1.1587987631051164,3.0,300.0,0.03226712596595208,Value,Medium
2020-01-29,9311.94754354179,-0.2778327631494651,-0.3333993157793581,0.3678066276221921,36.78066276221921,0.003949835691216718,Neutral,Medium
2020-01-30,9508.92096493279,-0.007063454568994321,-0.008476145482793185,0.9748921432136378,97.48921432136378,0.010252395059427528,Neutral,Medium
2020-01-31,9357.28478240795,0.0017758181980250462,0.0021309818376300553,1.006413424005092,100.64134240050919,0.01075540017652543,Neutral,Medium
2020-02-01,9381.88602863822,-0.07436162135893996,-0.08923394563072795,0.7651358823880746,76.51358823880746,0.00815545914811261,Neutral,Medium
2020-02-02,9339.38706312098,-0.023283465141868936,-0.027940158170242722,0.9195963322584731,91.95963322584731,0.009846431313353964,Neutral,Medium
2020-02-03,9279.81252051432,-0.6655968732443319,-0.47922974873591895,0.23747587343421314,23.747587343421316,0.0025590589563015374,Elevated,Medium
2020-02-04,9161.62719772063,-0.14984300794741767,-0.1798116095369012,0.5830776981012744,58.30776981012744,0.006364346480353854,Neutral,Medium
2020-02-05,9628.13677586207,0.9738752290459138,2.5,3.0,300.0,0.03115867659380431,Deep Value,Medium
2020-02-06,9739.2804364699,-0.18856213397052732,-0.22627456076463276,0.5072132855502781,50.72132855502781,0.005207913344921842,Neutral,Medium
2020-02-07,9800.27939982466,-0.1589609241635775,-0.19075310899629297,0.5642491741054041,56.42491741054041,0.005757480486887948,Neutral,Medium
2020-02-08,9911.29340841613,-0.5472966162524107,-0.3283779697514464,0.3733892233162893,37.33892233162893,0.0037673107628841615,Elevated,Low
2020-02-09,10151.0832026885,0.16386703947592268,0.16386703947592268,1.6349318449389945,163.49318449389943,0.016105984083609765,Neutral,Low
2020-02-10,9872.36187305669,0.4101640841550345,0.6152461262325518,3.0,300.0,0.030387865017260932,Value,Low
2020-02-11,10272.2225558738,0.10633961338587575,0.10633961338587575,1.3757772445220207,137.57772445220206,0.013393179879415016,Neutral,Low
2020-02-12,10360.1352229106,0.6056687685550635,0.9085031528325952,3.0,300.0,0.028957150997081033,Value,Low
2020-02-13,10235.4973226184,0.3501709573058398,0.3501709573058398,2.8591171029707976,285.91171029707976,0.02793334815937787,Neutral,Low
2020-02-14,10361.6156901812,0.03691797076280967,0.03691797076280967,1.1171199635303837,111.71199635303837,0.010781329832460213,Neutral,Low
2020-02-15,9911.72432700175,-0.642771454608212,-0.38566287276492717,0.31443163027257454,31.443163027257455,0.0031723201725454833,Elevated,Low
2020-02-16,9952.04661157218,0.08322842913402084,0.08322842913402084,1.283621381293887,128.3621381293887,0.012898064402163269,Neutral,Low
2020-02-17,9683.0796277031,0.2760299449307109,0.2760299449307109,2.2889423037850323,228.89423037850324,0.02363857772310798,Neutral,Low
2020-02-18,10195.3037904734,-0.28829717954323286,-0.28829717954323286,0.42109722293237384,42.10972229323738,0.004130305791631747,Neutral,Low
2020-02-19,9636.00229865576,0.0069230481065157,0.00830765772781884,1.0252361468063271,102.52361468063272,0.010639641990842505,Neutral,Medium
2020-02-20,9614.03012244302,0.0562728187455769,0.06752738249469228,1.2245606755688296,122.45606755688297,0.01273722528401707,Neutral,Medium
2020-02-21,9701.79750268849,-0.0948424789321283,-0.11381097471855395,0.7107511402538461,71.07511402538461,0.007325973769880148,Neutral,Medium
2020-02-22,9675.24905756868,0.022951146921708604,0.027541376306050323,1.0861334856463776,108.61334856463776,0.011225896916800558,Neutral,Medium
2020-02-23,9972.84242308591,-0.26740953092811665,-0.32089143711373996,0.38187027918161764,38.18702791816177,0.0038291017042206017,Neutral,Medium
2020-02-24,9648.00788310929,-0.49994086842004276,-0.5999290421040513,0.2,20.0,0.002072966797116105,Neutral,Medium
2020-02-25,9344.28714009351,0.20721929160251193,0.2486631499230143,2.108526684426739,210.85266844267392,0.022564874696323158,Neutral,Medium
2020-02-26,8798.88894856809,0.2905438432447158,0.348652611893659,2.846123336966345,284.6123336966345,0.03234639456870877,Neutral,Medium
2020-02-27,8779.02948188194,0.596091086218109,1.0729639551925962,3.0,300.0,0.03417234224114824,Value,Medium
2020-02-28,8750.59344599649,-0.03587361822142424,-0.04304834186570909,0.8788465010644003,87.88465010644003,0.01004327885289293,Neutral,Medium
2020-02-29,8582.09029964933,-0.19634326868295587,-0.23561192241954704,0.4932023379872484,49.320233798724836,0.00574687891605383,Neutral,Medium
2020-03-01,8541.77389392169,0.13552530603861648,0.16263036724633978,1.6288774583913628,162.88774583913627,0.019069545490433416,Neutral,Medium
2020-03-02,8906.21475645821,-0.18554893559549704,-0.22265872271459644,0.5127452385670812,51.27452385670812,0.005757162302820865,Neutral,Medium
2020-03-03,8768.81061420222,-0.08200844128660381,-0.09841012954392457,0.7443600756101103,74.43600756101102,0.008488723366935569,Neutral,Medium
2020-03-04,8756.36957218001,0.0797035932494442,0.09564431189933305,1.3323348583721324,133.23348583721324,0.015215607877094554,Neutral,Medium
2020-03-05,9062.61580274693,0.8911698523132067,2.5,3.0,300.0,0.0331030252776542,Deep Value,Medium
2020-03-06,9147.08505897136,0.6243924479834881,1.1239064063702786,3.0,300.0,0.03279733358396655,Value,Medium
2020-03-07,8898.30695675044,-0.11143716326069814,-0.13372459591283775,0.669533694180091,66.9533694180091,0.007524281837368724,Neutral,Medium
2020-03-08,8109.61454114553,-0.07185552169462661,-0.08622662603355193,0.7720701400474698,77.20701400474698,0.009520429560865545,Neutral,Medium
2020-03-09,7896.38531987142,0.4197680178415708,0.7555824321148275,3.0,300.0,0.03799206698348974,Value,Medium
2020-03-10,7909.92787545295,0.3716249071755453,0.4459498886106544,3.0,300.0,0.037927020918989224,Neutral,Medium
2020-03-11,7939.34133477499,0.11118124557744682,0.13341749469293618,1.4922014071803773,149.22014071803773,0.01879502775179105,Neutral,Medium
2020-03-12,4959.31341437756,0.47551094053335213,0.4992864875600197,3.0,300.0,0.060492244577700846,Value,High
2020-03-13,5627.69238836938,0.17807707232350597,0.12465395062645418,1.4534817018039234,145.34817018039234,0.025827312537689516,Neutral,High
2020-03-14,5145.17250642899,-0.013017897676713637,-0.009112528373699545,0.9730327047094344,97.30327047094343,0.018911566201009034,Neutral,High
2020-03-15,5358.61066335476,0.6169773815359555,0.6478262506127532,3.0,300.0,0.05598466073521097,Value,High
2020-03-16,5012.92738778492,0.01915077313627997,0.013405541195395977,1.041036262777028,104.1036262777028,0.02076703255893428,Neutral,High
2020-03-17,5416.7547106955,0.02122914754163671,0.014860403279145697,1.0455898854473196,104.55898854473196,0.019302884130654462,Neutral,High
2020-03-18,5392.48783594389,0.3085552399534022,0.21598866796738156,1.9116485861876555,191.16485861876555,0.035450216010604024,Neutral,High
2020-03-19,6203.5516320865,-0.41982791833539723,-0.293879542834778,0.41410379314284557,41.410379314284555,0.00667526955044567,Neutral,High
2020-03-20,6174.14947603741,0.4893489293120559,0.5138163757776587,3.0,300.0,0.048589688533511345,Value,High
2020-03-21,6175.83102220924,-0.08416055597207787,-0.05891238918045451,0.8380000091833827,83.80000091833827,0.013569024252279663,Neutral,High
2020-03-22,5830.56097960257,0.08278030590917951,0.05794621413642565,1.1898635568129075,118.98635568129075,0.0204073597888005,Neutral,High
2020-03-23,6486.40865733489,-0.3024635197526218,-0.21172446382683527,0.5298436099843669,52.984360998436685,0.008168520331897603,Neutral,High
2020-03-24,6775.05761893629,0.2624157268977792,0.18369100882844544,1.7351138424398376,173.51138424398377,0.025610318613235015,Neutral,High
2020-03-25,6689.96901285798,0.047622043802728636,0.03333543066191004,1.1051778718171699,110.51778718171698,0.016519925125109566,Neutral,High
2020-03-26,6754.46033606078,-0.2947325299065386,-0.206312770934577,0.5385158696037211,53.85158696037211,0.007972744568928582,Neutral,High
2020-03-27,6490.79541502046,0.22873365259410205,0.16011355681587142,1.6166250447713677,161.66250447713676,0.024906424273214777,Neutral,High
2020-03-28,6231.81989023963,0.5324784558818358,0.5591023786759276,3.0,300.0,0.04814003056633016,Value,High
2020-03-29,5904.85758679135,-0.25275684543667065,-0.17692979180566945,0.5881405227205846,58.81405227205846,0.009960282937834158,Neutral,High
2020-03-30,6436.90570017534,0.24376698375290762,0.17063688862703533,1.668476051643792,166.8476051643792,0.02592046752523255,Neutral,High
2020-03-31,6432.3832421391,0.3911181914895069,0.2737827340426548,2.2735629946584086,227.35629946584086,0.03534557735559195,Neutral,High
2020-04-01,6643.11000870836,-0.08536004902491304,-0.05975203431743912,0.8358917976249681,83.58917976249681,0.012582838407450867,Neutral,High
2020-04-02,6792.74222209234,-0.08696341814964156,-0.06087439270474909,0.833082020135704,83.3082020135704,0.012264296110431424,Neutral,High
2020-04-03,6751.90255178258,0.35976745479011885,0.2518372183530832,2.128700405097512,212.8700405097512,0.031527415995296175,Neutral,High
2020-04-04,6859.98916867329,-0.27824462013042905,-0.19477123409130032,0.5574883335280544,55.74883335280544,0.008126664923523074,Neutral,High
2020-04-05,6790.81247264758,-0.7112906487883727,-0.2987420724911165,0.4081068639312193,40.810686393121934,0.006009691264116265,Elevated,High
2020-04-06,7298.17374517826,0.32393460128837637,0.22675422090186345,1.974396264392649,197.43962643926488,0.027053292143080155,Neutral,High
2020-04-07,7187.59333664524,-0.05136478290067334,-0.03595534803047133,0.8977478470046443,89.77478470046442,0.01249024262999918,Neutral,High
2020-04-08,7372.19476399766,-0.10841275584472712,-0.07588892909130898,0.796389582772401,79.6389582772401,0.010802611817332799,Neutral,High
2020-04-09,7299.57918790181,-0.28717222970235395,-0.20102056079164776,0.5471339188099155,54.713391880991544,0.007495417266199746,Neutral,High
2020-04-10,6859.82267475161,-0.44706235058081106,-0.3129436454065677,0.39108477125397556,39.108477125397556,0.005701091555812505,Neutral,High
2020-04-11,6883.18222895967,-0.007742020895935196,-0.005419414627154637,0.9838732080091521,98.3873208009152,0.014293871283397003,Neutral,High
2020-04-12,6978.66628661601,-0.6950399063748652,-0.2919167606774434,0.4165493728964806,41.65493728964806,0.005968896574053944,Elevated,High
2020-04-13,6863.57553319696,-0.02239010132845652,-0.015673070929919566,0.9540690670858805,95.40690670858805,0.013900467219619685,Neutral,High
2020-04-14,6875.53850344828,-0.32724237556060826,-0.22906966289242575,0.5029779289474159,50.29779289474159,0.007315469598419936,Neutral,High
2020-04-15,6625.47577510228,0.28564935624373844,0.1999545493706169,1.8218703679891417,182.18703679891416,0.02749795531417541,Neutral,High
2020-04-16,7127.79228223261,-0.0025814019139172445,-0.001806981339742071,0.9945937227831971,99.45937227831972,0.01395374168327566,Neutral,High
2020-04-17,7081.39519842197,-0.22571063659201215,-0.1579974456144085,0.6225120229566345,62.251202295663454,0.008790810363123867,Neutral,High
2020-04-18,7262.79234360023,0.4852945006929725,0.509559225727621,3.0,300.0,0.04130642675807076,Value,High
2020-04-19,7150.2442154588,-0.11440944186336605,-0.08008660930435622,0.7864234997415889,78.64234997415889,0.010998554399601406,Neutral,High
2020-04-20,6853.27341478667,-0.46955164380073333,-0.19721169039630795,0.5534216607436133,55.34216607436133,0.008075289387251746,Elevated,High
2020-04-21,6870.42369865576,0.4753653589857561,0.4991336269350439,3.0,300.0,0.043665429260017374,Value,High
2020-04-22,7123.65691992987,-0.4640924151987308,-0.556910898238477,0.2,20.0,0.0028075467733497885,Neutral,Medium
2020-04-23,7488.60516528346,-0.013989959912816631,-0.016787951895379957,0.9508833772252381,95.0883377225238,0.012697736844685748,Neutral,Medium
2020-04-24,7506.44331648159,0.515834821392025,0.9285026785056449,3.0,300.0,0.039965665142811684,Value,Medium
2020-04-25,7537.73820911748,-0.06963485281174733,-0.0835618233740968,0.778267121328879,77.8267121328879,0.010324942306798403,Neutral,Medium
2020-04-26,7684.06852168322,-0.38122118442535247,-0.45746542131042295,0.2534987811799063,25.34987811799063,0.003299017707410769,Neutral,Medium
2020-04-27,7777.49151858562,0.058160409203619486,0.06979249104434337,1.2329103012192444,123.29103012192444,0.01585228731234227,Neutral,Medium
2020-04-28,7769.89969842197,-0.09795401602729947,-0.11754481923275936,0.7028340620069607,70.28340620069608,0.009045600191591958,Neutral,Medium
2020-04-29,8761.83716954997,0.14708556596171668,0.17650267915406,1.6980967031285703,169.80967031285704,0.019380601011737233,Neutral,Medium
2020-04-30,8652.4109912332,-0.16664908241220183,-0.19997889889464218,0.5488463787901432,54.88463787901432,0.006343276797025079,Neutral,Medium
2020-05-01,8855.53525827002,1.0956958807185062,2.5,3.0,300.0,0.03387711654355795,Deep Value,Medium
2020-05-02,8977.28170537697,-0.225712084078048,-0.2708545008936576,0.4437191318319219,44.37191318319219,0.004942689183588335,Neutral,Medium
2020-05-03,8896.7956383986,-0.38982078857627267,-0.46778494629152717,0.24577105702756025,24.577105702756025,0.0027624671512832275,Neutral,Medium
2020-05-04,8881.95430450029,-0.46701105581290137,-0.5604132669754817,0.2,20.0,0.002251756687136573,Neutral,Medium
2020-05-05,8985.8795993571,-0.5404752201472401,-0.3891421585060129,0.31116670685397824,31.116670685397825,0.0034628408205718765,Elevated,Medium
2020-05-06,9266.8130730567,0.5541395571205914,0.9974512028170645,3.0,300.0,0.03237358924097124,Value,Medium
2020-05-07,9993.75317685564,0.1268452974031828,0.15221435688381935,1.5787652760097968,157.87652760097967,0.01579752119219866,Neutral,Medium
2020-05-08,9859.32360461718,-0.4944873952559448,-0.5933848743071337,0.2,20.0,0.002028536723415172,Neutral,Medium
2020-05-09,9577.33892238457,0.025242078165477026,0.03029049379857243,1.0951282518595045,109.51282518595045,0.011434577607981727,Neutral,Medium
2020-05-10,8715.03329322034,-0.3673755979138873,-0.44085071749666477,0.2664544011906635,26.64544011906635,0.0030574111678717923,Neutral,Medium
2020-05-11,8591.65288433665,0.15113711228571633,0.10579597860000142,1.3735353121044191,137.35353121044193,0.015986857599990995,Neutral,High
2020-05-12,8817.25068112215,-0.2776645230486598,-0.19436516613406185,0.5581678818045265,55.81678818045265,0.006330407311652954,Neutral,High
2020-05-13,9322.99720204559,-0.5818411350984704,-0.24437327674135753,0.4804078587127726,48.04078587127726,0.00515293363605606,Elevated,High
2020-05-14,9801.26948772647,0.05620050138736807,0.039340350971157644,1.1252678012836248,112.52678012836247,0.011480837280239348,Neutral,High
2020-05-15,9326.87585891292,0.06472748545078841,0.045309239815551884,1.1455990860663592,114.55990860663591,0.012282774032760449,Neutral,High
2020-05-16,9395.4753893045,0.47774047740367265,0.5016275012738562,3.0,300.0,0.031930262979722145,Value,High
2020-05-17,9682.5324811806,0.0486459457096463,0.03405216199675241,1.107556775286537,110.75567752865369,0.011438709629316849,Neutral,High
2020-05-18,9726.85002209235,0.17813611052982262,0.12469527737087582,1.453661915975626,145.36619159756262,0.014944837359206323,Neutral,High
2020-05-19,9754.20146201052,0.11649766873336564,0.08154836811335595,1.2771679713950719,127.7167971395072,0.013093516433602799,Neutral,High
2020-05-20,9515.702550263,0.38217489708574054,0.6879148147543329,3.0,300.0,0.031526836659234204,Value,Medium
2020-05-21,9068.80122933957,0.16457565204011035,0.11520295642807724,1.412849898740243,141.2849898740243,0.015579235480091484,Neutral,High
2020-05-22,9161.81503389831,0.002152020730760984,0.0015064145115326888,1.0045294707162316,100.45294707162316,0.010964306384701252,Neutral,High
2020-05-23,9183.66212507305,-0.33022485233882526,-0.3962698228065903,0.30458366477088966,30.458366477088965,0.0033165817799341883,Neutral,Medium
2020-05-24,8806.23065715956,0.2247911045151342,0.15735377316059393,1.603295693973474,160.3295693973474,0.018206378601609504,Neutral,High
2020-05-25,8909.19258153127,0.11105085530077762,0.07773559871054432,1.2626425619283368,126.26425619283368,0.014172356814306508,Neutral,High
2020-05-26,8835.13725336061,-0.14865907633174397,-0.10406135343222077,0.7318468118894206,73.18468118894205,0.008283366640524445,Neutral,High
2020-05-27,9169.05743921683,-0.6402971221345751,-0.2689247912965215,0.4462953288064602,44.629532880646025,0.004867406838325798,Elevated,High
2020-05-28,9568.26185300994,0.21117804744742744,0.1478246332131992,1.558110547435387,155.8110547435387,0.016284154545219136,Neutral,High
2020-05-29,9432.41333343074,-0.16662859440570071,-0.19995431328684085,0.5488868614484974,54.88868614484974,0.005819156159146572,Neutral,Medium
2020-05-30,9691.68049117475,-0.2921219012738767,-0.350546281528652,0.34936472520242096,34.9364725202421,0.003604789958981342,Neutral,Medium
2020-05-31,9433.94384663939,0.06327019070048812,0.07592422884058574,1.2557998327574462,125.57998327574462,0.013311504214695893,Neutral,Medium
2020-06-01,10199.1350542373,0.1825272154344974,0.2190326585213969,1.9291856590586378,192.91856590586377,0.018915188874346206,Neutral,Medium
2020-06-02,9512.34653302163,0.6564262919037355,0.6892476064989221,3.0,300.0,0.03153795953065473,Value,High
2020-06-03,9642.27340035067,-0.09549686758193443,-0.0668478073073541,0.8182859577052168,81.82859577052169,0.008486442187746485,Neutral,High
2020-06-04,9813.36067913501,-0.7017014086137077,-0.2947145916177572,0.4130677008606269,41.30677008606269,0.00420923793964777,Elevated,High
2020-06-05,9641.8916225599,-0.16288268706665326,-0.11401788094665728,0.7103101006361222,71.03101006361221,0.007366916456249655,Neutral,High
2020-06-06,9668.67053857393,-0.3153362187293507,-0.37840346247522083,0.3213545052747666,32.135450527476664,0.0033236679644083156,Neutral,Medium
2020-06-07,9747.58011104617,0.18759423956778126,0.22511308748133751,1.9646994116393008,196.4699411639301,0.020155765731156808,Neutral,Medium
2020-06-08,9769.34236148451,0.07943758368119364,0.09532510041743236,1.3310595793415687,133.10595793415686,0.013624863681605136,Neutral,Medium
2020-06-09,9779.42216566335,0.1803063606578879,0.2163676327894655,1.9138231647856723,191.38231647856722,0.019569900269826985,Neutral,Medium
2020-06-10,9888.44417469316,-0.34964482896173127,-0.4195737947540775,0.28401694296804486,28.401694296804486,0.0028722106122104686,Neutral,Medium
2020-06-11,9277.45116931619,0.5580997934505657,1.0045796282110182,3.0,300.0,0.032336467691924484,Value,Medium
2020-06-12,9456.16153331385,-0.24086846024960076,-0.2890421522995209,0.4201571559336209,42.01571559336209,0.004443210434312235,Neutral,Medium
2020-06-13,9461.33379865576,0.6850472355426211,1.2330850239767182,3.0,300.0,0.031708002950136184,Value,Medium
2020-06-14,9342.955635301,0.00999100185632465,0.011989202227589578,1.0366222663131184,103.66222663131184,0.01109522839214169,Neutral,Medium
2020-06-15,9441.38321127995,-0.28783436183849614,-0.34540123420619534,0.3547990512405679,35.479905124056785,0.003757913891437825,Neutral,Medium
2020-06-16,9520.09194827586,0.18338755020931707,0.22006506025118047,1.9351700054836705,193.51700054836704,0.020327219694912087,Neutral,Medium
2020-06-17,9448.69356060783,-0.43263528057764183,-0.5191623366931701,0.21066480510285543,21.066480510285544,0.002229565428824252,Neutral,Medium
2020-06-18,9389.99076639392,0.5541009773833594,0.9973817592900469,3.0,300.0,0.03194891320592963,Value,Medium
2020-06-19,9285.99158293396,-0.3744809486555061,-0.44937713838660726,0.2597251259317796,25.97251259317796,0.0027969562928433973,Neutral,Medium
2020-06-20,9357.29246446522,0.17970763321713876,0.2156491598605665,1.909702516838196,190.9702516838196,0.020408708225059607,Neutral,Medium
2020-06-21,9284.76937182934,-0.2707110693316964,-0.3248532831980357,0.37735841147322485,37.73584114732248,0.004064273396150878,Neutral,Medium
2020-06-22,9684.62018474576,0.14129185277429784,0.1695502233291574,1.6630456828660676,166.30456828660675,0.01717202792821478,Neutral,Medium
2020-06-23,9611.72599824664,-0.4291039167582703,-0.5149247001099243,0.2133600637474128,21.336006374741277,0.0022197892843213974,Neutral,Medium
2020-06-24,9292.94354354179,0.04505384992160995,0.054064619905931935,1.1760882153523262,117.60882153523262,0.0126557124751894,Neutral,Medium
2020-06-25,9247.12143249561,-0.23299863735628973,-0.2795983648275477,0.4322310073246494,43.22310073246494,0.004674222248295911,Neutral,Medium
2020-06-26,9159.43777206312,-0.16803063689969816,-0.20163676427963778,0.5461234156235637,54.61234156235637,0.005962411986566201,Neutral,Medium
2020-06-27,9002.16561718293,-0.2646612551372054,-0.3175935061646465,0.3856671765039249,38.56671765039249,0.004284159977770023,Neutral,Medium
2020-06-28,9108.06567457627,0.16042750658540283,0.1925130079024834,1.781648436565852,178.1648436565852,0.019561216401184314,Neutral,Medium
2020-06-29,9184.24736627703,0.11054109430435011,0.13264931316522013,1.4887665219537667,148.87665219537666,0.01621000026001325,Neutral,Medium
2020-06-30,9143.96758530099,0.31268307227234815,0.37521968672681777,3.0,300.0,0.03280851525351563,Neutral,Medium
2020-07-01,9241.33961239041,-0.3150411108646223,-0.3150411108646223,0.38863163699805775,38.863163699805774,0.004205360405508703,Neutral,Low
2020-07-02,9094.38728679135,0.17285989685604525,0.17285989685604525,1.679640345719863,167.9640345719863,0.01846897754353793,Neutral,Low
2020-07-03,9066.69069661017,0.19977651105396904,0.19977651105396904,1.8208975396129565,182.08975396129566,0.020083375517527566,Neutral,Low
2020-07-04,9126.21955493863,-0.1909610103826853,-0.1909610103826853,0.563897359274294,56.3897359274294,0.006178871282678515,Neutral,Low
2020-07-05,9079.61401808884,-0.3701952329902604,-0.3701952329902604,0.3293659952463356,32.93659952463356,0.0036275330051493042,Neutral,Low
2020-07-06,9338.94259117475,-0.34585401894796497,-0.34585401894796497,0.3543174356265353,35.43174356265353,0.0037939780887117068,Neutral,Low
2020-07-07,9252.15873261251,0.40220203131942966,0.6033030469791445,3.0,300.0,0.03242486523091565,Value,Low
2020-07-08,9434.56795645821,0.1548530488484408,0.1548530488484408,1.5913124986146896,159.13124986146897,0.01686682957776985,Neutral,Low
2020-07-09,9231.50234751607,0.0981212452583385,0.0981212452583385,1.3422720472473348,134.2272047247335,0.014540125720798863,Neutral,Low
2020-07-10,9285.22101542957,0.2929527206132555,0.2929527206132555,2.4081484201926533,240.81484201926534,0.025935283782593334,Neutral,Low
2020-07-11,9237.17100818235,-0.0011837482575928482,-0.0011837482575928482,0.9964550534392362,99.64550534392362,0.010787448370898076,Neutral,Low
2020-07-12,9289.09797691408,0.3437929448167224,0.3437929448167224,2.804930704664757,280.4930704664757,0.030195942723779727,Neutral,Low
2020-07-13,9236.62250116891,-0.4091057102200774,-0.4091057102200774,0.29307781334711125,29.307781334711123,0.0031729976331718846,Neutral,Low
2020-07-14,9260.3569868498,0.0655999666589114,0.0655999666589114,1.2175003944726528,121.75003944726528,0.01314744557041989,Neutral,Low
2020-07-15,9196.72555897136,0.6030942498997517,0.9046413748496276,3.0,300.0,0.03262030578996146,Value,Low
2020-07-16,9132.59231209818,-0.2576567444700999,-0.2576567444700999,0.4616398518226473,46.163985182264724,0.005054861052004928,Neutral,Low
2020-07-17,9156.46870976037,-0.04533112178737264,-0.04533112178737264,0.8728484235027245,87.28484235027246,0.009532587847674386,Neutral,Low
2020-07-18,9175.90530859147,-0.06294870896481439,-0.06294870896481439,0.8279138905754821,82.79138905754822,0.009022694358019367,Neutral,Low
2020-07-19,9218.84231081239,0.13155324250984263,0.13155324250984263,1.483879181770368,148.3879181770368,0.01609615537115749,Neutral,Low
2020-07-20,9167.19056750439,-0.435984736911779,-0.435984736911779,0.270372616377363,27.0372616377363,0.002949350887672964,Neutral,Low
2020-07-21,9388.57434979544,0.06780326898047691,0.06780326898047691,1.225574614333191,122.55746143331909,0.013053894751974712,Neutral,Low
2020-07-22,9531.2574301578,-0.101791288509831,-0.101791288509831,0.7368478408804096,73.68478408804096,0.007730856566196116,Neutral,Low
2020-07-23,9609.16671537113,0.011256591429388854,0.011256591429388854,1.0343464461669762,103.43464461669762,0.010764163811544686,Neutral,Low
2020-07-24,9548.1007270602,-0.005995248639728314,-0.005995248639728314,0.9821750322608069,98.2175032260807,0.010286601077397855,Neutral,Low
2020-07-25,9702.45279047341,-0.3650462740531134,-0.3650462740531134,0.33449316866139245,33.44931686613924,0.0034475114271086452,Neutral,Low
2020-07-26,9933.90655423729,0.0935966224213611,0.0935966224213611,1.3241753221149517,132.41753221149517,0.013329854824838543,Neutral,Low
2020-07-27,11046.5083295149,0.8419632613577496,2.5,3.0,300.0,0.027157902845955154,Deep Value,Low
2020-07-28,10944.6129789012,0.27449409995490476,0.27449409995490476,2.2784201813117364,227.84201813117363,0.020817731844004244,Neutral,Low
2020-07-29,11115.7712819988,0.1361487744697269,0.1361487744697269,1.5044784953139632,150.44784953139632,0.013534629825915535,Neutral,Low
2020-07-30,11135.3907261835,0.43653864076866716,0.6548079611530008,3.0,300.0,0.02694112917785516,Value,Low
2020-07-31,11338.1973407949,-0.2841340245299601,-0.2841340245299601,0.42638948192504883,42.638948192504884,0.0037606461513145215,Neutral,Low
2020-08-01,11797.5821265342,0.1677367184385004,0.1677367184385004,1.654022426264994,165.4022426264994,0.01402001196961279,Neutral,Low
2020-08-02,11094.0206841321,0.0047697791977752355,0.005723735037330283,1.0173194777117813,101.73194777117813,0.009169979998026006,Neutral,Medium
2020-08-03,11236.0956805377,0.019495388389124277,0.023394466066949133,1.072704895363008,107.2704895363008,0.009546954083179132,Neutral,Medium
2020-08-04,11202.651909059,0.35249935960045614,0.634498847280821,3.0,300.0,0.026779373530066184,Value,Medium
2020-08-05,11721.4384715956,0.21839262862441286,0.2620711543492954,2.195068960346291,219.5068960346291,0.018726958859747216,Neutral,Medium
2020-08-06,11769.3091081239,0.02163346244181167,0.025960154930174003,1.0809934341702003,108.09934341702004,0.009184850395543034,Neutral,Medium
2020-08-07,11598.9690585038,0.35168793481451005,0.6330382826661181,3.0,300.0,0.025864367642230632,Value,Medium
2020-08-08,11743.0086350088,-0.2302679674285049,-0.27632156091420584,0.43650096945005656,43.65009694500566,0.0037171135866215723,Neutral,Medium
2020-08-09,11680.5173661601,-0.3669072284505386,-0.44028867414064626,0.2669040569507933,26.690405695079328,0.0022850362581031494,Neutral,Medium
2020-08-10,11870.3695447107,-0.2646268307301007,-0.3175521968761208,0.3857149743756151,38.57149743756151,0.0032493931458729124,Neutral,Medium
2020-08-11,11392.6440884278,0.048148301239122844,0.05777796148694741,1.1892631152766207,118.92631152766207,0.01043886832631441,Neutral,Medium
2020-08-12,11575.5124736996,0.2206651478609249,0.26479817743310985,2.213100630120783,221.3100630120783,0.019118813401558743,Neutral,Medium
2020-08-13,11773.4481155465,-0.5823547090027308,-0.4192953904819662,0.28425425664878623,28.425425664878624,0.002414367089904925,Elevated,Medium
2020-08-14,11774.4082518995,-0.1780030337068851,-0.21360364044826213,0.5268650046866099,52.68650046866099,0.004474662279538453,Neutral,Medium
2020-08-15,11866.9103613092,-0.2593049817499665,-0.31116597809995983,0.3931759983926952,39.31759983926952,0.0033132128449760924,Neutral,Medium
2020-08-16,11899.6427535944,0.6480498341944846,1.1664897015500724,3.0,300.0,0.02521084088086444,Value,Medium
2020-08-17,12315.7624166569,-0.1700913798161568,-0.20410965577938814,0.5420868950956441,54.20868950956441,0.004401569929300349,Neutral,Medium
2020-08-18,11992.6959962595,-0.43784258865576403,-0.5254111063869168,0.2067524036724333,20.67524036724333,0.0017239860306383068,Neutral,Medium
2020-08-19,11736.8490645237,-0.34206825425492665,-0.410481905105912,0.29187031113619955,29.187031113619955,0.0024867859297809255,Neutral,Medium
2020-08-20,11867.5203439509,0.3285962096692876,0.39431545160314513,3.0,300.0,0.02527908032219348,Neutral,Medium
2020-08-21,11524.6989491525,0.13719449740108225,0.1646333968812987,1.6386949955388674,163.86949955388675,0.0142189830968155,Neutral,Medium
2020-08-22,11682.2891503799,-0.0018070325333308657,-0.0021684390399970385,0.9935157966466996,99.35157966466997,0.008504461615850273,Neutral,Medium
2020-08-23,11665.6092735243,-0.49959227450543153,-0.5995107294065178,0.2,20.0,0.0017144411004225066,Neutral,Medium
2020-08-24,11771.4080537405,0.011372481465226743,0.01364697775827209,1.0417905685708908,104.17905685708908,0.008850178023009319,Neutral,Medium
2020-08-25,11358.4543202805,0.39894906995179874,0.7181083259132377,3.0,300.0,0.026412044415616526,Value,Medium
2020-08-26,11472.0491204559,-0.21494291429293258,-0.21494291429293258,0.5247524019975102,52.47524019975101,0.004574181965990889,Neutral,Low
2020-08-27,11314.6737410286,-0.2098560211459619,-0.2098560211459619,0.5328218965681998,53.28218965681998,0.004709122938614771,Neutral,Low
2020-08-28,11527.8830322326,0.06230571316735425,0.06230571316735425,1.2055273903114798,120.55273903114798,0.010457491518093638,Neutral,Low
2020-08-29,11490.7623477499,-0.3548970358723754,-0.3548970358723754,0.34483435502343435,34.48343550234343,0.003000970210570573,Neutral,Low
2020-08-30,11698.9758329632,-0.03379828107029574,-0.03379828107029574,0.9035761915175642,90.35761915175642,0.007723549517656367,Neutral,Low
2020-08-31,11678.3482268849,0.3970634101842993,0.5955951152764489,3.0,300.0,0.025688564356161733,Value,Low
2020-09-01,11970.364856166,0.4954340957807231,0.7431511436710847,3.0,300.0,0.025061892732991208,Value,Low
2020-09-02,11414.5209336645,-0.48503527173996985,-0.48503527173996985,0.23337566789694777,23.337566789694776,0.0020445507021557077,Neutral,Low
2020-09-03,10261.4944095266,-0.604472228158037,-0.4352200042737866,0.27099361674634986,27.099361674634988,0.0026408786667053478,Elevated,Medium
2020-09-04,10471.9664133255,0.001490149613686341,0.001788179536423609,1.0053789535114217,100.53789535114217,0.00960067014951542,Neutral,Medium
2020-09-05,10128.64358609,0.019010200951560887,0.022812241141873062,1.070832864171788,107.0832864171788,0.010572322493827288,Neutral,Medium
2020-09-06,10253.2998980129,0.4656789080274764,0.8382220344494575,3.0,300.0,0.029258873044193345,Value,Medium
2020-09-07,10367.8783543542,-0.1597629130297822,-0.19171549563573864,0.562622445948131,56.262244594813104,0.00542659189005479,Neutral,Medium
2020-09-08,10108.6354501461,-0.19233162179422877,-0.23079794615307453,0.500376812967076,50.0376812967076,0.0049499936508230116,Neutral,Medium
2020-09-09,10223.1114091175,0.24052215823347672,0.28862658988017204,2.3770964636181597,237.70964636181597,0.023252181928665492,Neutral,Medium
2020-09-10,10334.6307302162,0.19948013329372632,0.23937615995247158,2.050591893181287,205.0591893181287,0.019841946429549773,Neutral,Medium
2020-09-11,10387.0207419638,0.4812298479361971,0.8662137262851547,3.0,300.0,0.028882198991669782,Value,Medium
2020-09-12,10436.9778322618,-0.04889874282118321,-0.05867849138541985,0.8385882345993498,83.85882345993498,0.008034780259925291,Neutral,Medium
2020-09-13,10322.5236148451,-0.30017639034638144,-0.3602116684156577,0.33937994915765024,33.937994915765024,0.003287761421728101,Neutral,Medium
2020-09-14,10662.719912332,0.28854057503369107,0.3462486900404293,2.8256715979202514,282.5671597920251,0.02650047662465758,Neutral,Medium
2020-09-15,10779.3810249562,0.01188763730036093,0.014265164760433116,1.043724425409752,104.3724425409752,0.009682600726269374,Neutral,Medium
2020-09-16,10968.3205465809,-0.4984324153169534,-0.598118898380344,0.2,20.0,0.001823433215236812,Neutral,Medium
2020-09-17,10936.2927505552,0.0826791120565276,0.09921493446783312,1.3466833655695816,134.66833655695817,0.012313892799744364,Neutral,Medium
2020-09-18,10920.1128439509,-0.08453157755115404,-0.10143789306138484,0.7376294511529617,73.76294511529618,0.006754778651958392,Neutral,Medium
2020-09-19,11073.7795478083,0.4500104020252343,0.8100187236454217,3.0,300.0,0.0270910215166217,Value,Medium
2020-09-20,10921.2180998247,0.14039536848721276,0.16847444218465532,1.6576871149225043,165.76871149225042,0.015178591799655684,Neutral,Medium
2020-09-21,10455.3799623027,0.08388734567910781,0.10066481481492938,1.3525537125017826,135.25537125017826,0.012936437674943142,Neutral,Medium
2020-09-22,10519.8391641146,-0.4347527941944765,-0.5217033530333718,0.20906500240100387,20.906500240100385,0.0019873402923703326,Neutral,Medium
2020-09-23,10233.2995687317,-0.0939666075783793,-0.11275992909405515,0.7129957728392176,71.29957728392175,0.00696740839110982,Neutral,Medium
2020-09-24,10739.0427094097,0.26823910548145746,0.3218869265777489,2.6265226361186147,262.6522636118615,0.024457698020115135,Neutral,Medium
2020-09-25,10683.6305806546,-0.1592083647139232,-0.19105003765670783,0.5637467726504899,56.37467726504899,0.00527673405023284,Neutral,Medium
2020-09-26,10742.0304202221,-0.6421070281845553,-0.46231706029287983,0.2498358489750325,24.98358489750325,0.0023257786396202267,Elevated,Medium
2020-09-27,10758.8242899474,-0.46651529453021184,-0.5598183534362542,0.2,20.0,0.001858939179691518,Neutral,Medium
2020-09-28,10727.3750541204,0.46476870877133925,0.8365836757884106,3.0,300.0,0.02796583493039796,Value,Medium
2020-09-29,10841.1427444769,0.23046554135065067,0.2765586496207808,2.292575708114098,229.25757081140978,0.021146993099800917,Neutral,Medium
2020-09-30,10772.351766803,0.46496819240636755,0.8369427463314616,3.0,300.0,0.027849072003432496,Value,Medium
2020-10-01,10606.6173325541,-0.3147556918961483,-0.377706830275378,0.322026805236587,32.2026805236587,0.0030360933664328035,Neutral,Medium
2020-10-02,10570.1056777908,0.3277827472382946,0.3933392966859535,3.0,300.0,0.02838193005301167,Neutral,Medium
2020-10-03,10555.7054339567,0.5233321558493904,0.7849982337740856,3.0,300.0,0.028420649086599987,Value,Low
2020-10-04,10665.618622443,-0.2317371439914431,-0.2317371439914431,0.49896893884365723,49.896893884365724,0.004678293463388123,Neutral,Low
2020-10-05,10772.6355995909,0.47799189574918627,0.7169878436237794,3.0,300.0,0.027848338248013582,Value,Low
2020-10-06,10596.3735493863,-0.3510408241607216,-0.3510408241607216,0.3488467822624625,34.88467822624625,0.0032921336779663294,Neutral,Low
2020-10-07,10667.1943941555,-0.012036019294515046,-0.012036019294515046,0.9645360621262382,96.45360621262382,0.009042078230567378,Neutral,Low
2020-10-08,10902.5293637054,0.1526315746812916,0.1526315746812916,1.5807425801148967,158.07425801148966,0.014498861020060172,Neutral,Low
2020-10-09,11074.1036797779,-0.4782887609619857,-0.4782887609619857,0.23814720624285035,23.814720624285034,0.0021504874175751493,Neutral,Low
2020-10-10,11302.8542864407,-0.7183765597374985,-0.4310259358424991,0.2744248550710529,27.442485507105292,0.0024279252666316556,Elevated,Low
2020-10-11,11378.2625284629,-0.3391761015618383,-0.3391761015618383,0.36148732339252415,36.14873233925241,0.0031769993220692352,Neutral,Low
2020-10-12,11548.401556692,-0.20625798574325224,-0.20625798574325224,0.5386043849623612,53.86043849623612,0.0046638868792214265,Neutral,Low
2020-10-13,11434.9687849211,-0.1186051338176217,-0.1186051338176217,0.700601938398861,70.0601938398861,0.0061268373493307705,Neutral,Low
2020-10-14,11417.10811391,-0.1529119253672275,-0.1529119253672275,0.6320822340692027,63.20822340692027,0.005536272651207596,Neutral,Low
2020-10-15,11502.5812390415,-0.25999885862010336,-0.25999885862010336,0.4584075809541283,45.84075809541283,0.003985258364428879,Neutral,Low
2020-10-16,11338.9871765634,0.8480724196245572,2.5,3.0,300.0,0.02645738947655495,Deep Value,Low
2020-10-17,11362.8022174167,0.3323467683887877,0.3323467683887877,2.71024843783159,271.024843783159,0.02385193710119648,Neutral,Low
2020-10-18,11489.6225650497,0.09564646366756487,0.09564646366756487,1.3323434590273595,133.23434590273595,0.011596059413476445,Neutral,Low
2020-10-19,11745.8119675628,0.42112765811591324,0.6316914871738699,3.0,300.0,0.0255410184352073,Value,Low
2020-10-20,11929.4572507306,0.7505903192671028,2.2517709578013085,3.0,300.0,0.02514783310712874,Deep Value,Low
2020-10-21,12848.4906177674,-0.10450383078381834,-0.10450383078381834,0.7308759794717129,73.08759794717129,0.0056884189841025275,Neutral,Low
2020-10-22,12997.4993417884,-0.2905340952438416,-0.2905340952438416,0.4182808066622172,41.828080666221716,0.0032181637072094173,Neutral,Low
2020-10-23,12953.4296969608,-0.2670507459912644,-0.2670507459912644,0.448811528383839,44.8811528383839,0.0034648084629597476,Neutral,Low
2020-10-24,13113.8669231444,-0.039893551165577135,-0.039893551165577135,0.887203716887159,88.7203716887159,0.0067653860000771475,Neutral,Low
2020-10-25,13041.6410374635,0.007820634500078048,0.007820634500078048,1.023739299119752,102.37392991197521,0.007849773630319622,Neutral,Low
2020-10-26,13080.6561698422,0.2955421739128357,0.2955421739128357,2.42692863509979,242.692863509979,0.018553569512018354,Neutral,Low
2020-10-27,13675.5239275278,0.22618541687443092,0.22618541687443092,1.971030003682655,197.1030003682655,0.014412829915167784,Neutral,Low
2020-10-28,13290.3288497954,-0.7867324133367777,-0.4720394480020666,0.2426540909010958,24.26540909010958,0.0018257944829170375,Elevated,Low
2020-10-29,13475.2173007013,0.8427650491165666,2.5,3.0,300.0,0.022263091815549935,Deep Value,Low
2020-10-30,13603.2960908825,-0.2910947811338807,-0.2910947811338807,0.4175778256161848,41.75778256161848,0.003069681221568521,Neutral,Low
2020-10-31,13807.2336110462,-0.25028332861056907,-0.25028332861056907,0.47196521845220496,47.196521845220495,0.0034182460567236195,Neutral,Low
2020-11-01,13736.89941128,0.07967133065983427,0.07967133065983427,1.2699963062218054,126.99963062218053,0.009245145270401798,Neutral,Low
2020-11-02,13595.5647603741,-0.022070985898391557,-0.022070985898391557,0.9359315292460967,93.59315292460967,0.0068840945245171505,Neutral,Low
2020-11-03,13996.915398597312,-0.29019106392203486,-0.29019106392203486,0.4187114784790803,41.87114784790803,0.0029914553782402734,Neutral,Low
2020-11-04,14129.148195499705,0.22814348300541373,0.22814348300541373,1.9826422980318095,198.26422980318094,0.014032284682690946,Neutral,Low
2020-11-05,15606.46683372297,-0.5949674033830988,-0.3569804420298593,0.3426857864736731,34.268578647367306,0.0021957935138348307,Elevated,Low
2020-11-06,15618.972471361778,0.08092464637920667,0.08092464637920667,1.2747804135834861,127.47804135834862,0.008161743135925647,Neutral,Low
2020-11-07,14866.356304500296,0.15365461129621555,0.18438553355545864,1.738732849768965,173.87328497689649,0.011695756607438644,Neutral,Medium
2020-11-08,15500.000707188785,-0.20515029703514567,-0.24618035644217479,0.4778104996575564,47.78104996575564,0.003082648244241379,Neutral,Medium
2020-11-09,15319.819972530682,-0.6835688605905001,-0.49216957962516006,0.22843381993865228,22.84338199386523,0.001491099897702762,Elevated,Medium
2020-11-10,15319.275676212741,-0.2030055806970977,-0.24360669683651723,0.48151394311024204,48.151394311024205,0.0031431900129450688,Neutral,Medium
2020-11-11,15731.241105786092,0.0342420864699411,0.041090503763929316,1.131191510524741,113.1191510524741,0.00719073277764892,Neutral,Medium
2020-11-12,16289.814897720635,0.27732492302115047,0.3327899076253806,2.7138538861451553,271.38538861451553,0.016659820281474735,Neutral,Medium
2020-11-13,16330.06276797195,-0.14880999213322652,-0.1785719905598718,0.5852501175951731,58.52501175951731,0.003583881617056736,Neutral,Medium
2020-11-14,16102.010016949156,-0.4939840438970332,-0.5927808526764399,0.2,20.0,0.0012420809562873067,Neutral,Medium
2020-11-15,15986.7549905903,0.008920118234091098,0.010704141880909318,1.0326335932747903,103.26335932747904,0.0064593070568892295,Neutral,Medium
2020-11-16,16743.05393980129,-0.0435892613166513,-0.05230711357998156,0.8547712918507336,85.47712918507337,0.005105229278505676,Neutral,Medium
2020-11-17,17682.16918702513,-0.7444611798316287,-0.5360120494787727,0.20028054938563203,20.0280549385632,0.0011326695682371054,Elevated,Medium
2020-11-18,17804.690023962594,-0.3058630063782068,-0.36703560765384813,0.3325028581572416,33.25028581572416,0.0018675015274612465,Neutral,Medium
2020-11-19,17818.668662185857,0.5018300231757805,0.9032940417164049,3.0,300.0,0.01683627467840228,Value,Medium
2020-11-20,18663.78185312683,-0.15248701686130642,-0.1829844202335677,0.5775540426023705,57.75540426023705,0.0030945177518007165,Neutral,Medium
2020-11-21,18706.58933541788,-0.322905449664786,-0.3874865395977432,0.3127160718562513,31.27160718562513,0.0016716894044612094,Neutral,Medium
2020-11-22,18482.692631735823,0.04403589233072751,0.05284307079687301,1.1717861544000892,117.17861544000891,0.006339910411040794,Neutral,Medium
2020-11-23,18373.257759789598,-0.01413950878045693,-0.016967410536548315,0.9503715822902761,95.03715822902761,0.005172580686100162,Neutral,Medium
2020-11-24,19150.251048509646,-0.5715487548751969,-0.6858585058502362,0.2,20.0,0.0010443727316857543,Neutral,Medium
2020-11-25,18748.393713033314,0.2778453170917314,0.5001215707651164,3.0,300.0,0.01600137081564748,Value,Medium
2020-11-26,17113.716871420223,-0.23644067560983734,-0.2837288107318048,0.42690813381292264,42.690813381292266,0.002494537785218686,Neutral,Medium
2020-11-27,17101.603018059614,-0.25925837087812625,-0.3111100450537515,0.3932419785221031,39.324197852210304,0.002299445134510678,Neutral,Medium
2020-11-28,17745.377312448858,0.5271942971828575,0.9489497349291434,3.0,300.0,0.01690581128356972,Value,Medium
2020-11-29,18190.866880420806,-0.10463033473191755,-0.12555640167830104,0.6861430090121715,68.61430090121715,0.0037719093516685614,Neutral,Medium
2020-11-30,19664.407606662764,-0.22657459551366171,-0.27188951461639405,0.44234350245861537,44.234350245861535,0.002249462639844482,Neutral,Medium
2020-12-01,18820.60778959673,0.1492497470210592,0.17909969642527104,1.7113783342820577,171.13783342820577,0.0090931087529917,Neutral,Medium
2020-12-02,19214.872229047338,-0.10125444189048227,-0.12150533026857872,0.6945327297657058,69.45327297657057,0.0036145581479109334,Neutral,Medium
2020-12-03,19470.31120806546,-0.12507744662759304,-0.15009293595311166,0.6374504006621017,63.745040066210166,0.0032739610263550468,Neutral,Medium
2020-12-04,18732.967090999413,0.12624537401764896,0.15149444882117874,1.5753592578100142,157.53592578100142,0.008409555465278768,Neutral,Medium
2020-12-05,19114.633130917588,-0.45005019927879963,-0.5400602391345596,0.2,20.0,0.0010463188000009451,Neutral,Medium
2020-12-06,19356.313676797196,0.077926110412465,0.093511332494958,1.3238365490103958,132.3836549010396,0.006839300969777657,Neutral,Medium
2020-12-07,19182.176832846293,-0.04684666741798452,-0.056216000901581416,0.8448062205601963,84.48062205601963,0.004404120699761279,Neutral,Medium
2020-12-08,18340.97813769725,-0.09021888708094992,-0.10826266449713991,0.7226805503824508,72.26805503824508,0.003940250868611443,Neutral,Medium
2020-12-09,18574.69673524255,-0.33039993200683665,-0.39647991840820396,0.30439175019298087,30.439175019298087,0.0016387441180422918,Neutral,Medium
2020-12-10,18294.84695149036,-0.1561943202145684,-0.18743318425748207,0.569897047565891,56.9897047565891,0.003115068680689156,Neutral,Medium
2020-12-11,18061.760025716,-0.11349607749171917,-0.136195292990063,0.6645893957877805,66.45893957877806,0.0036795383995886916,Neutral,Medium
2020-12-12,18813.2837685564,0.10436467292988169,0.12523760751585802,1.4560289350451132,145.60289350451131,0.007739366252895459,Neutral,Medium
2020-12-13,19156.0825055523,-0.5985804224125145,-0.4309779041370105,0.27446440120163923,27.446440120163924,0.0014327793854619652,Elevated,Medium
2020-12-14,19286.7512992402,-0.31115366893181384,-0.3733844027181766,0.32622980972698956,32.622980972698954,0.0016914710241524259,Neutral,Medium
2020-12-15,19432.5884640561,-0.3414991843839447,-0.40979902126073364,0.2924688646016812,29.24688646016812,0.0015050432686445885,Neutral,Medium
2020-12-16,21370.7203186441,0.06404706679143206,0.07685648014971846,1.2593169117815233,125.93169117815233,0.00589272094250786,Neutral,Medium
2020-12-17,22789.2674160725,0.5402946838063877,0.9725304308514977,3.0,300.0,0.01316409143491906,Value,Medium
2020-12-18,23048.7645610754,-0.5670784694986443,-0.6804941633983731,0.2,20.0,0.0008677254673239999,Neutral,Medium
2020-12-19,23856.7735192285,-0.10804701848650371,-0.12965642218380444,0.6777550994453926,67.77550994453925,0.0028409336195404783,Neutral,Medium
2020-12-20,23528.5506135593,0.3263209359287033,0.587377684671666,3.0,300.0,0.012750466653356565,Value,Medium
2020-12-21,22937.4183435418,0.27557018459142735,0.4960263322645692,3.0,300.0,0.013079065634449102,Value,Medium
2020-12-22,23756.8887685564,-0.37408813883899916,-0.448905766606799,0.2600926670278964,26.009266702789642,0.001094809465842783,Neutral,Medium
2020-12-23,23307.2709018118,-0.25699812832312496,-0.30839775398774993,0.3964547920392364,39.64547920392364,0.0017009919081020244,Neutral,Medium
2020-12-24,23707.6330440678,-0.2592146469922659,-0.311057576390719,0.3933038820365512,39.33038820365512,0.0016589757455140169,Neutral,Medium
2020-12-25,24669.1643220339,0.026880926046477613,0.03225711125577314,1.1016084441654121,110.16084441654121,0.004465528016210432,Neutral,Medium
2020-12-26,26478.0681052016,-0.34371141380168574,-0.41245369656202285,0.2901488854371805,29.014888543718047,0.0010958083659441185,Neutral,Medium
2020-12-27,26430.8565971946,-0.23114355629846484,-0.2773722675581578,0.43512723227358435,43.512723227358435,0.0016462850179428889,Neutral,Medium
2020-12-28,27039.3490199883,-0.05952588689803548,-0.07143106427764258,0.807111710959782,80.7111710959782,0.0029849524497174125,Neutral,Medium
2020-12-29,27231.2034552893,-0.31939053773348214,-0.38326864528017857,0.3166982231903565,31.66982231903565,0.0011629975285901001,Neutral,Medium
2020-12-30,28844.6136781999,-0.3282546530182073,-0.39390558362184874,0.3067516701127651,30.67516701127651,0.0010634625706379317,Neutral,Medium
2020-12-31,29022.6714126242,0.21759317439922982,0.3916677139186136,3.0,300.0,0.010336746598368158,Value,Medium
2021-01-01,29380.6937327878,-1.0894448472347495,-0.39220014500450984,0.30832513027244457,30.832513027244456,0.001049414057668641,Extreme,Medium
2021-01-02,32022.6810578609,-0.1536956022182248,-0.18443472266186978,0.5750466172541364,57.50466172541364,0.0017957478832428195,Neutral,Medium
2021-01-03,33277.8353050848,0.03316569008863142,0.0397988281063577,1.1268165948427031,112.68165948427031,0.0033860874197863683,Neutral,Medium
2021-01-04,31802.1467136178,-0.11791248414224637,-0.14149498097069563,0.6541066006236995,65.41066006236996,0.0020568001478453927,Neutral,Medium
2021-01-05,34013.1741724138,0.23995397049527778,0.4319171468915,3.0,300.0,0.008820111833117691,Value,Medium
2021-01-06,36643.2777223846,-0.6976689805665832,-0.8372027766798998,0.2,20.0,0.0005458027022452313,Neutral,Medium
2021-01-07,39215.6511490356,-0.3777911779777071,-0.45334941357324854,0.2566483957515866,25.66483957515866,0.0006544539953607226,Neutral,Medium
2021-01-08,40775.4045634132,-0.0806014541465866,-0.09672174497590393,0.7481399385162679,74.81399385162679,0.0018347823805224882,Neutral,Medium
2021-01-09,40370.6823495032,-0.32710844784459114,-0.39253013741350934,0.3080200464528969,30.80200464528969,0.0007629795399202296,Neutral,Medium
2021-01-10,38329.3401665693,-0.3400063134753248,-0.40800757617038974,0.2940449216724416,29.40449216724416,0.0007671536227720049,Neutral,Medium
2021-01-11,35269.5137177089,-0.6403190138728815,-0.448223309711017,0.260625718621266,26.0625718621266,0.0007389546697674067,Neutral,High
2021-01-12,33712.4685452952,-0.4837940358770887,-0.3386558251139621,0.3620519839689886,36.20519839689886,0.001073940887723914,Neutral,High
2021-01-13,37296.5475277615,-0.455309635839667,-0.3187167450877669,0.3843697745181469,38.43697745181469,0.0010305773590224222,Neutral,High
2021-01-14,39045.518340152,0.22620648024937304,0.23751680426184166,2.0391853967410674,203.91853967410674,0.005222585032618444,Value,High
2021-01-15,36710.3174248977,0.16207012503405688,0.1701736312857597,1.6661588608612188,166.6158860861219,0.004538666450569003,Value,High
2021-01-16,36177.2610970193,-0.3708752713717891,-0.2596126899602524,0.4589389566192473,45.89389566192473,0.0012685840295882985,Neutral,High
2021-01-17,36069.939466803,-0.32081241183910963,-0.22456868828737672,0.5098156624069307,50.98156624069306,0.0014134086997183344,Neutral,High
2021-01-18,36594.2964018118,-0.09083354262640975,-0.06358347983848682,0.8263387839282756,82.63387839282757,0.002258108134816778,Neutral,High
2021-01-19,36250.1461893629,0.07383963997041967,0.05168774797929377,1.1677318107279298,116.77318107279298,0.0032213161420865783,Neutral,High
2021-01-20,35515.480012858,0.04971945152428851,0.034803616067001955,1.1100564259273409,111.00564259273409,0.0031255565897615823,Neutral,High
2021-01-21,31022.9510280538,-0.4947726196049825,-0.34634083372348773,0.3538003524153984,35.380035241539844,0.0011404471228267732,Neutral,High
2021-01-22,32986.4357568673,0.3880155599181326,0.4074163379140392,3.0,300.0,0.009094647333564807,Value,High
2021-01-23,32036.2822723553,-0.09332404385099494,-0.06532683069569645,0.8220282705776851,82.20282705776852,0.002565929041295246,Neutral,High
2021-01-24,32216.1042904734,-0.6229153865358801,-0.43604077057511603,0.27032717029275094,27.032717029275094,0.0008391057089192786,Neutral,High
2021-01-25,32419.7059462303,-0.6297795809869429,-0.44084570669086,0.26645840667455006,26.645840667455005,0.0008219026018202774,Neutral,High
2021-01-26,32640.6391426067,-0.24687086848055964,-0.17280960793639175,0.5954553786997037,59.54553786997037,0.001824276099797445,Neutral,High
2021-01-27,30358.9347235535,-0.15846003811348713,-0.11092202667944098,0.7169378806238885,71.69378806238885,0.0023615383318034,Neutral,High
2021-01-28,33511.287595149,-0.4366120050429022,-0.3056284035300315,0.3997622791806089,39.97622791806089,0.0011929182907268457,Neutral,High
2021-01-29,34166.1494259497,0.22618861590944234,0.23749804670491442,2.0390706495611695,203.90706495611695,0.0059681020068725246,Value,High
2021-01-30,34349.9170952659,-0.02305129012288596,-0.01613590308602017,0.9527452648157864,95.27452648157863,0.0027736464754003543,Neutral,High
2021-01-31,33157.8325745178,-0.5369856302069509,-0.3758899411448656,0.3237868586183148,32.37868586183148,0.0009765018804852429,Neutral,High
2021-02-01,33570.2718468732,-0.04519082860621432,-0.03163358002435002,0.9094632032392387,90.94632032392387,0.0027091326736573564,Neutral,High
2021-02-02,35596.1489094097,0.3094208014332451,0.3248918415049073,2.6503071117633716,265.03071117633715,0.007445488326583479,Value,High
2021-02-03,37578.3732068966,-0.46240517211539245,-0.3236836204807747,0.3786848835944681,37.868488359446815,0.0010077202690747925,Neutral,High
2021-02-04,37129.2029376972,-0.31904297696532047,-0.2233300838757243,0.5117135661368516,51.17135661368516,0.001378197013804759,Neutral,High
2021-02-05,38045.4136084161,-0.11773465508348717,-0.08241425855844102,0.7809510745903466,78.09510745903466,0.002052681257794477,Neutral,High
2021-02-06,39341.727081239,-0.6966131508445126,-0.4876292055911588,0.23156663266757302,23.156663266757302,0.0005886031189972869,Neutral,High
2021-02-07,39003.0121817651,-0.2426231331459805,-0.16983619320218635,0.6007907471057847,60.079074710578475,0.0015403701239943455,Neutral,High
2021-02-08,46121.9340724722,-0.42211311702713156,-0.2954791819189921,0.4121213040108578,41.21213040108578,0.00089354731604118,Neutral,High
2021-02-09,46548.1619912332,-0.2445146635291443,-0.171160264470401,0.598409011319993,59.8409011319993,0.0012855695815286892,Neutral,High
2021-02-10,45078.128350263,-0.7498923147007069,-0.5249246202904948,0.20705437048218095,20.705437048218094,0.0004593233527207278,Neutral,High
2021-02-11,47892.8409181765,0.03178313386652089,0.02224819370656462,1.0690223947976583,106.90223947976583,0.0022321131390473396,Neutral,High
2021-02-12,47525.2091431911,0.23091013239919123,0.24245563901915076,2.069623935409625,206.9623935409625,0.004354791851991541,Value,High
2021-02-13,47208.6250270602,-0.4798830141450468,-0.33591810990153276,0.36503781438736227,36.503781438736226,0.0007732439023125984,Neutral,High
2021-02-14,48829.8275096435,0.24688076161532518,0.2592247996960914,2.176404926196961,217.64049261969612,0.004457121880611064,Value,High
2021-02-15,48110.2417334892,-0.21210638038309665,-0.14847446626816765,0.6405530092310223,64.05530092310224,0.0013314275425582364,Neutral,High
2021-02-16,49140.3826578024,0.39188967361101584,0.4114841572915666,3.0,300.0,0.006104958565119489,Value,High
2021-02-17,52224.9391139684,-0.3088601388476397,-0.21620209719334776,0.5227738636082211,52.277386360822106,0.0010010042567352591,Neutral,High
2021-02-18,51650.0699485681,-0.8289848655747953,-0.348173643541414,0.3518603445228303,35.18603445228303,0.0006812388538354438,Elevated,High
2021-02-19,55820.5044038574,-0.44883185421961974,-0.3141822979537338,0.3896342135843385,38.96342135843385,0.0006980127065233279,Neutral,High
2021-02-20,55861.8205670953,-0.3595330167363982,-0.25167311171547874,0.47000152709433124,47.000152709433124,0.0008413644996224482,Neutral,High
2021-02-21,57500.7161102864,-1.0623247935810833,-0.44617641330405494,0.2622310640815352,26.22310640815352,0.00045604834482161215,Elevated,High
2021-02-22,53952.1533386324,-0.5439426309622929,-0.380759841673605,0.3190908166502162,31.90908166502162,0.0005914329584723572,Neutral,High
2021-02-23,48560.4890350672,-0.033430988334387846,-0.02340169183407149,0.9322026283800885,93.22026283800885,0.0019196730652916467,Neutral,High
2021-02-24,49567.3456890707,0.35310898385559947,0.3707644330483794,3.0,300.0,0.006052371694095941,Value,High
2021-02-25,47568.131170076,-0.3867892297542918,-0.27075246082800425,0.4438549840124405,44.38549840124405,0.000933093172034598,Neutral,High
2021-02-26,46231.7675784921,-0.5807877866788232,-0.40655145067517623,0.29533223027119276,29.533223027119277,0.0006388080009482202,Neutral,High
2021-02-27,45834.5133611923,-0.6335951549519211,-0.4435166084663447,0.26433188495356047,26.433188495356045,0.0005767092646332491,Neutral,High
2021-02-28,45359.4641642314,-0.049822019581104875,-0.03487541370677341,0.9006610897647434,90.06610897647434,0.001985607868963689,Neutral,High
2021-03-01,49634.4471092928,-0.12719774718374188,-0.0890384230286193,0.7655848181168993,76.55848181168993,0.0015424465521518076,Neutral,High
2021-03-02,48304.7054879018,-0.23434621783132625,-0.16404235248192836,0.611324687544366,61.132468754436594,0.0012655592894515748,Neutral,High
2021-03-03,50690.4671835184,0.2807197624728394,0.29475575059648135,2.4212096043239524,242.12096043239524,0.0047764594387308965,Value,High
2021-03-04,48472.7954751607,-0.31000587248004935,-0.21700411073603454,0.5215175604174156,52.15175604174156,0.0010758974292800194,Neutral,High
2021-03-05,48800.8173594389,0.1401617137946909,0.09811319965628362,1.342239649478101,134.22396494781012,0.002750445017328156,Neutral,High
2021-03-06,48970.5244868498,0.03990796150064078,0.027935573050448543,1.0874186962874417,108.74186962874417,0.002220557585776827,Neutral,High
2021-03-07,51086.4681794272,-0.1889881952480424,-0.13229173667362967,0.6724179314168632,67.24179314168633,0.0013162349157807894,Neutral,High
2021-03-08,52088.475131502,0.29314689339580835,0.30780423806559876,2.517868509884276,251.7868509884276,0.004833830331042889,Value,High
2021-03-09,54739.1352542373,-0.431542692315891,-0.3020798846211237,0.40404070390204366,40.40407039020437,0.0007381203631103532,Neutral,High
2021-03-10,56116.040912332,-0.6104900906957238,-0.4273430634870066,0.2774736818534469,27.74736818534469,0.0004944641092676758,Neutral,High
2021-03-11,57847.2549357101,-0.19282741062792796,-0.13497918743954956,0.6670184566441791,66.70184566441792,0.0011530684686515992,Neutral,High
2021-03-12,57334.641534775,-0.26484646014448443,-0.1853925221011391,0.5733966509119475,57.339665091194746,0.001000087618170887,Neutral,High
2021-03-13,61288.7941276447,-1.0359533241003793,-0.4351003961221593,0.27109087333113235,27.109087333113237,0.00044231719222038844,Elevated,High
2021-03-14,59905.6184704851,-0.14801951026502022,-0.10361365718551414,0.7328304074821866,73.28304074821867,0.001223308307622673,Neutral,High
2021-03-15,56121.121924021,-0.38108342884329194,-0.26675840019030433,0.44920532554325215,44.92053255432521,0.0008004211429547046,Neutral,High
2021-03-16,56500.4460257159,-0.3187601172364012,-0.22313208206548082,0.5120176170691277,51.20176170691278,0.000906218716992226,Neutral,High
2021-03-17,58683.0659824664,0.18809442989678382,0.197499151391623,1.8084994244718289,180.84994244718288,0.0030818080040538112,Value,High
2021-03-18,57731.4798410871,-0.34531154561167365,-0.24171808192817154,0.4842498696934355,48.42498696934355,0.0008387969111936711,Neutral,High
2021-03-19,58168.1219222677,0.007846785462839019,0.005492749823987313,1.016614764637639,101.66147646376389,0.001747718047345899,Neutral,High
2021-03-20,58247.8847066043,-0.1756430234107374,-0.12295011638751617,0.691528890584769,69.1528890584769,0.0011872171737531982,Neutral,High
2021-03-21,57447.9330198714,-0.6479150493993396,-0.4535405345795377,0.2565012852305074,25.650128523050743,0.0004464934972365027,Neutral,High
2021-03-22,54453.1373508475,-0.4652808396786602,-0.3256965877750621,0.3764049338631077,37.640493386310766,0.0006912456328051213,Neutral,High
2021-03-23,54563.6119458211,-0.26676812316385645,-0.1867376862146995,0.5710873757839818,57.108737578398184,0.0010466451091086905,Neutral,High
2021-03-24,52595.4113237873,-0.046362043785429,-0.032453430649800295,0.9072290799086123,90.72290799086123,0.001724920591120656,Neutral,High
2021-03-25,51547.1248953828,-0.5174412341159625,-0.620929480939155,0.2,20.0,0.00038799448156596306,Neutral,Medium
2021-03-26,54817.8571122151,-0.06886694807728042,-0.0826403376927365,0.7804215839422135,78.04215839422135,0.001423663063560928,Neutral,Medium
2021-03-27,56019.8373055523,-0.37693306941824634,-0.4523196833018956,0.25744245749081657,25.744245749081657,0.00045955588211838783,Neutral,Medium
2021-03-28,55713.0381396844,-0.2143169801860248,-0.25718037622322976,0.4623000551608386,46.230005516083864,0.0008297879106893333,Neutral,Medium
2021-03-29,57571.2333477498,-0.1908122403345106,-0.22897468840141272,0.5031212595839553,50.31212595839553,0.0008739108584749817,Neutral,Medium
2021-03-30,58684.5483921683,-0.21372254467204893,-0.2564670536064587,0.46329042171442764,46.329042171442765,0.0007894589536898536,Neutral,Medium
2021-03-31,58792.1948275862,-0.09894233239881056,-0.11873079887857267,0.7003378646233854,70.03378646233854,0.001191208912470769,Neutral,Medium
2021-04-01,58818.9770985973,-0.3218249116679302,-0.3861898940015162,0.3139348866279009,31.39348866279009,0.0005337306123186348,Neutral,Medium
2021-04-02,59031.5340192285,-0.4673120452142175,-0.560774454257061,0.2,20.0,0.0003388019696978457,Neutral,Medium
2021-04-03,57282.3896247808,0.18326724173464787,0.21992069008157744,1.9343320444959173,193.43320444959173,0.0033768354587971144,Neutral,Medium
2021-04-04,58202.199391993,0.44042427862563605,0.7927637015261448,3.0,300.0,0.0051544443875650445,Value,Medium
2021-04-05,58755.8525295149,0.06020836604166242,0.0722500392499949,1.2420337011816884,124.20337011816885,0.002113889336484014,Neutral,Medium
2021-04-06,58084.0664231444,0.43568086366146064,0.7842255545906291,3.0,300.0,0.005164927638063248,Value,Medium
2021-04-07,56266.8346762127,-0.39625961972676976,-0.47551154367212367,0.24013965452600597,24.013965452600598,0.00042678721116602486,Neutral,Medium
2021-04-08,57963.3445994155,-0.768468927225849,-0.5532976276026113,0.2,20.0,0.0003450456514926794,Elevated,Medium
2021-04-09,58051.7625563998,0.013426784209896889,0.016112141051876267,1.049523680006637,104.9523680006637,0.0018079101026208795,Neutral,Medium
2021-04-10,59651.5589877265,-0.3325740999188264,-0.3990889199025917,0.3020185741448134,30.201857414481342,0.0005063045782373512,Neutral,Medium
2021-04-11,59932.9306469901,-0.5607290004145473,-0.6728748004974567,0.2,20.0,0.00033370635782524385,Neutral,Medium
2021-04-12,59905.9363744594,0.32873729764746035,0.5917271357654287,3.0,300.0,0.005007850943598697,Value,Medium
2021-04-13,63445.638314436,0.14952303670848982,0.17942764405018777,1.7130628901955292,171.3062890195529,0.002700048318066571,Neutral,Medium
2021-04-14,62869.4955873758,0.8204543450066413,2.5,3.0,300.0,0.004771789517271712,Deep Value,Medium
2021-04-15,63231.162987142,-0.2939384231055277,-0.3527261077266332,0.34708751605607063,34.70875160560706,0.0005489184441011319,Neutral,Medium
2021-04-16,61571.1100905903,-0.19701933536377095,-0.23642320243652512,0.49200342196058494,49.20034219605849,0.000799081616746384,Neutral,Medium
2021-04-17,60280.8761758036,-0.1717664183456556,-0.20611970201478672,0.5388278719836452,53.882787198364525,0.0008938620440953837,Neutral,Medium
2021-04-18,56389.5579812975,0.2206989847888938,0.2648387817466725,2.2133702308366714,221.33702308366713,0.003925142012233491,Neutral,Medium
2021-04-19,55798.1370771479,0.16444392120916343,0.1973327054509961,1.807596597734868,180.75965977348682,0.0032395285800234513,Neutral,Medium
2021-04-20,56474.3737586207,-0.6418256359174179,-0.4621144578605409,0.24998774718483976,24.998774718483975,0.0004426569619936328,Elevated,Medium
2021-04-21,54025.7995745178,-0.07370151063261571,-0.08844181275913884,0.7669563124160839,76.69563124160838,0.001419611219928769,Neutral,Medium
2021-04-22,51882.0598106371,-0.17276746268939225,-0.2073209552272707,0.5368895605490633,53.688956054906335,0.0010348269951282615,Neutral,Medium
2021-04-23,50954.9100607832,0.23208116220380232,0.27849739464456275,2.305948719942392,230.59487199423918,0.00452546912003508,Neutral,Medium
2021-04-24,50279.9484464056,-0.20341579806340593,-0.2440989576760871,0.480803376541824,48.0803376541824,0.0009562527237956934,Neutral,Medium
2021-04-25,48946.9407428404,-0.1914489221362598,-0.22973870656351175,0.5019693988118759,50.19693988118759,0.001025537839942122,Neutral,Medium
2021-04-26,53943.3499783752,-0.20556787428245693,-0.2466814491389483,0.47709275722050176,47.70927572205018,0.000884432941987768,Neutral,Medium
2021-04-27,55027.0309848042,-0.2905873476297778,-0.3487048171557333,0.3513000942338333,35.13000942338333,0.0006384136813248117,Neutral,Medium
2021-04-28,54787.3787071888,-0.5201259568863045,-0.6241511482635653,0.2,20.0,0.0003650475797882213,Neutral,Medium
2021-04-29,53567.0811938048,-0.15096308418614582,-0.18115570102337497,0.5807313026258519,58.073130262585195,0.0010841197423558993,Neutral,Medium
2021-04-30,57741.44441654,-0.7996633909174664,-0.5757576414605757,0.2,20.0,0.00034637166080783065,Elevated,Medium
2021-05-01,57863.5903927528,-0.566538064488965,-0.679845677386758,0.2,20.0,0.0003456404945536343,Neutral,Medium
2021-05-02,56572.5968410286,0.6866841652724078,2.4720629949806683,3.0,300.0,0.005302920791191762,Deep Value,Medium
2021-05-03,57243.0416054939,0.23800245844054085,0.285602950128649,2.35563151412879,235.563151412879,0.004115140370009109,Neutral,Medium
2021-05-04,53724.10892519,-0.7864574721485014,-0.5662493799469209,0.2,20.0,0.0003722723447651723,Elevated,Medium
2021-05-05,57342.0256616014,-0.3330611904889227,-0.39967342858670724,0.3014894407669235,30.148944076692352,0.0005257739629676413,Neutral,Medium
2021-05-06,56527.3529789597,-0.15775612986665094,-0.18930735583998112,0.5667017841368361,56.670178413683615,0.0010025266605846036,Neutral,Medium
2021-05-07,57341.0684549386,-0.3491075534880252,-0.4189290641856302,0.2845668177935456,28.456681779354557,0.0004962705186025126,Neutral,Medium
2021-05-08,58736.1258950906,-0.2151245775342668,-0.25814949304112017,0.46095793883236663,46.09579388323667,0.0007847945907356743,Neutral,Medium
2021-05-09,58288.4256303916,0.1309573133906986,0.15714877606883831,1.602309984242517,160.2309984242517,0.002748933372129153,Neutral,Medium
2021-05-10,55902.9277399182,0.3450802748316085,0.6211444946968954,3.0,300.0,0.005366445231557723,Value,Medium
2021-05-11,56612.1026487434,0.40306743155975816,0.7255213768075647,3.0,300.0,0.005299220236728992,Value,Medium
2021-05-12,50972.355081239,0.1400687487088102,0.09804812409616713,1.341977634064132,134.1977634064132,0.0026327557985604305,Neutral,High
2021-05-13,49368.6144739918,0.07765628252452983,0.05435939776717088,1.1771287296716435,117.71287296716434,0.002384366549909506,Neutral,High
2021-05-14,49997.3959011105,0.1883100812719956,0.1318170568903969,1.4850540526322529,148.5054052632253,0.002970262802425812,Neutral,High
2021-05-15,47047.9633331385,-0.5834077898383893,-0.24503127173212347,0.4794604761861673,47.946047618616724,0.0010190886963399254,Elevated,High
2021-05-16,46022.5037090006,0.17967515462281203,0.12577260823596842,1.4583677410236193,145.83677410236194,0.0031688144353137554,Neutral,High
2021-05-17,43492.3954833431,0.16941594438692426,0.11859116107084697,1.4272842078106627,142.72842078106626,0.003281686814324334,Neutral,High
2021-05-18,42789.8093921683,0.07762902719278347,0.05434031903494843,1.1770613572282589,117.70613572282589,0.002750798318451246,Neutral,High
2021-05-19,37642.5200017534,0.25000365258583107,0.17500255681008173,1.6904718149754998,169.04718149754999,0.004490857187289154,Neutral,High
2021-05-20,40799.4021475745,0.59319901278238,0.6228589634214989,3.0,300.0,0.007353048922503263,Value,High
2021-05-21,37174.3311014027,0.5427408932886942,0.5698779379531289,3.0,300.0,0.008070084682402803,Value,High
2021-05-22,37643.4197983635,-0.5441870033597773,-0.22855854141110646,0.5037497690245951,50.37497690245951,0.0013382146779514835,Elevated,High
2021-05-23,34774.207221917,0.051091361997202434,0.0357639533980417,1.1132591230926885,111.32591230926884,0.0032013932510042645,Neutral,High
2021-05-24,38630.4091186441,0.7830450870051477,1.6443946827108102,3.0,300.0,0.007765902739435698,Deep Value,High
2021-05-25,38269.7710747516,0.7293794094214338,0.7658483798925053,3.0,300.0,0.007839085303489687,Value,High
2021-05-26,39194.8588980129,-0.3931275775832406,-0.2751893043082684,0.43798618380614035,43.79861838061404,0.0011174582486591,Neutral,High
2021-05-27,38510.8570417884,0.00471235859306901,0.003298651015148307,1.0099450799074303,100.99450799074303,0.002622494427510486,Neutral,High
2021-05-28,35596.7179510228,0.24803525286580094,0.17362467700606066,1.683498436701262,168.3498436701262,0.004729364204356065,Neutral,High
2021-05-29,34681.8183670368,-0.0403509905638116,-0.028245693394668116,0.9187538112319655,91.87538112319655,0.0026490935437952453,Neutral,High
2021-05-30,35652.1687703098,-0.22537064167854468,-0.15775944917498128,0.6229566486016196,62.295664860161956,0.0017473176810505892,Neutral,High
2021-05-31,37312.9748970193,-0.09293561123188568,-0.06505492786231998,0.8226990795804495,82.26990795804495,0.0022048605930002373,Neutral,High
2021-06-01,36661.3781184687,-0.6757112072846304,-0.28379870705954474,0.42681862526522124,42.681862526522124,0.0011642187150902688,Elevated,High
2021-06-02,37639.4556732905,0.046124358003371974,0.03228705060236038,1.1017073929200771,110.17073929200771,0.0029270013957769974,Neutral,High
2021-06-03,39160.1504132086,0.5643914831811532,0.5926110573402108,3.0,300.0,0.007660849022142952,Value,High
2021-06-04,36884.3735551724,-0.05511433785192499,-0.03858003649634749,0.8907066794335744,89.07066794335744,0.002414861887517859,Neutral,High
2021-06-05,35409.5672366452,-0.0528214615546668,-0.03697502308826676,0.895005809859878,89.5005809859878,0.002527581892990888,Neutral,High
2021-06-06,35720.6043546464,-0.17873504952223485,-0.12511453466556438,0.6870531640152087,68.70531640152086,0.0019234085660867028,Neutral,High
2021-06-07,33724.9077517826,0.15641003711318818,0.10948702597923173,1.3888291831801034,138.88291831801035,0.004118111140294206,Neutral,High
2021-06-08,33475.0489234366,-0.7036891369074192,-0.295549437501116,0.41203445169761216,41.20344516976122,0.0012308703495550024,Elevated,High
2021-06-09,37372.9888953828,0.00472291344810416,0.003306039413672912,1.009967465785738,100.9967465785738,0.0027023995019850107,Neutral,High
2021-06-10,36826.0022185856,0.36798814536910585,0.2575917017583741,2.165768156613099,216.5768156613099,0.00588108408769949,Neutral,High
2021-06-11,37185.3931268264,-0.15312417166518189,-0.10718692016562731,0.7250165763216675,72.50165763216675,0.0019497348699498457,Neutral,High
2021-06-12,35669.1712817066,0.08598450889302012,0.06018915622511408,1.1978969392738106,119.78969392738105,0.0033583537161912353,Neutral,High
2021-06-13,38925.4194289889,0.29688395897383146,0.20781877128168202,1.8653641968529013,186.53641968529013,0.004792149254180444,Neutral,High
2021-06-14,40455.5959833431,-0.43870665654370217,-0.3070946595805915,0.3980076794665453,39.80076794665453,0.0009838136598714754,Neutral,High
2021-06-15,40254.6514679135,0.7607903814747496,1.5976598010969743,3.0,300.0,0.007452554898882342,Deep Value,High
2021-06-16,38265.5437726476,0.41380048306460904,0.2896603381452263,2.384479864602871,238.4479864602871,0.00623140201213424,Neutral,High
2021-06-17,38018.6432346581,0.3741204010991336,0.2618842807693935,2.193838704047857,219.38387040478568,0.005770428709165339,Neutral,High
2021-06-18,35714.3120787259,-0.14058438049527316,-0.0984090663466912,0.7443624498186158,74.43624498186158,0.0020842133209168358,Neutral,High
2021-06-19,35555.9763966686,-0.4331677278635854,-0.30321740950450976,0.40266423482583813,40.26642348258381,0.0011324797562402632,Neutral,High
2021-06-20,35599.9418784337,0.21392950813693812,0.14975065569585666,1.5671394750261518,156.71394750261518,0.0044020843640071175,Neutral,High
2021-06-21,31715.1598624196,0.15329525802606409,0.10730668061824486,1.3797744473407754,137.97744473407755,0.0043505202348852684,Neutral,High
2021-06-22,32394.5555949737,0.07045864748014827,0.049321053236103786,1.159470180356495,115.9470180356495,0.0035792131086879214,Neutral,High
2021-06-23,33610.4968129749,-0.12101337931771461,-0.08470936552240022,0.7755924449532153,77.55924449532154,0.00230758994509658,Neutral,High
2021-06-24,34658.972875979,-0.12793135873279468,-0.08955195111295627,0.7644062782548362,76.44062782548362,0.0022055075924786597,Neutral,High
2021-06-25,31683.5032004676,0.13733068936432813,0.09613148255502968,1.3342835053503914,133.42835053503913,0.00421128780144078,Neutral,High
2021-06-26,31890.6764465225,0.5800042573335055,0.6090044702001808,3.0,300.0,0.009407138180435596,Value,High
2021-06-27,34506.4911975453,-0.8840615243720114,-0.18565292011812234,0.5729488917755782,57.29488917755782,0.001660409018394592,Extreme,High
2021-06-28,34376.188538983,-0.5416490144130193,-0.2274925860534681,0.5053632718281149,50.53632718281149,0.0014700968702653788,Elevated,High
2021-06-29,35933.7782178843,0.42754673059112913,0.29928271141379037,2.4543160659881154,245.43160659881153,0.006830108571123195,Neutral,High
2021-06-30,35065.4661533606,0.30193093999490184,0.21135165799643127,1.8852396988122668,188.5239698812267,0.005376342896931914,Neutral,High
2021-07-01,33505.0804935126,0.5023491899201501,0.5274666494161576,3.0,300.0,0.008953865968418948,Value,High
2021-07-02,33782.9459464641,0.11974976627444794,0.08382483639211355,1.2859201204830832,128.59201204830833,0.003806417955736849,Neutral,High
2021-07-03,34588.2242916423,0.21701883593600785,0.1519131851552055,1.5773394818183888,157.73394818183888,0.004560336687187287,Neutral,High
2021-07-04,35355.6078883694,-0.8947625869255753,-0.1879001432543708,0.5690992508429136,56.90992508429136,0.0016096435186173813,Extreme,High
2021-07-05,33911.7538404442,0.3568252002525378,0.24977764017677642,2.115588280286811,211.5588280286811,0.006238510370890034,Neutral,High
2021-07-06,34123.9815680888,-0.08774372500774755,-0.06142060750542328,0.8317180128136785,83.17180128136785,0.0024373416424285713,Neutral,High
2021-07-07,33931.6186382233,0.45849002579106074,0.4814145270806138,3.0,300.0,0.008841311202939664,Value,High
2021-07-08,32819.6595312098,0.2813985402073336,0.19697897814513352,1.8056794263247868,180.5679426324787,0.005501822542088467,Neutral,High
2021-07-09,33914.8810742256,-0.2127691129962144,-0.14893837909735008,0.6396621470221681,63.9662147022168,0.001886081055753116,Neutral,High
2021-07-10,33610.9458386908,0.27786486937796545,0.1945054085645758,1.7923295990721935,179.23295990721934,0.0053325770945992735,Neutral,High
2021-07-11,34258.4413898305,-0.06007070969167934,-0.042049496784175536,0.8814839452030759,88.14839452030759,0.0025730415904581735,Neutral,High
2021-07-12,33135.2359117475,-0.5377975926722809,-0.22587498892235794,0.5078216545489131,50.78216545489131,0.0015325729259977115,Elevated,High
2021-07-13,32641.9759610169,0.1640621659633326,0.1148435161743328,1.4113272144804951,141.13272144804952,0.004323657416346336,Neutral,High
2021-07-14,32798.2845189947,-0.3920695521207351,-0.27444868648451454,0.4389604068186039,43.896040681860384,0.0013383639213337079,Neutral,High
2021-07-15,31707.6900368206,-0.04033531088273353,-0.02823471761791347,0.9187840638402053,91.87840638402052,0.0028976695015413166,Neutral,High
2021-07-16,31455.7175818819,0.6993267236844974,0.7342930598687223,3.0,300.0,0.00953721685792335,Value,High
2021-07-17,31547.9511990064,0.04201127904476734,0.029407895331337138,1.0922324117978033,109.22324117978033,0.0034621342124816117,Neutral,High
2021-07-18,31707.7038527177,0.07880458800976814,0.09456550561172176,1.3280298348921968,132.80298348921968,0.004188350695657106,Neutral,Medium
2021-07-19,30883.4697462303,0.4069573597372602,0.4883488316847122,3.0,300.0,0.00971393442722279,Neutral,Medium
2021-07-20,29766.6577182934,-0.21695644726821117,-0.2603477367218534,0.45792804684631405,45.792804684631406,0.0015383925571357973,Neutral,Medium
2021-07-21,32119.6572258328,-0.40059345605931146,-0.48071214727117373,0.2364221166414173,23.64221166414173,0.0007360667487175754,Neutral,Medium
2021-07-22,32306.9614285798,0.10067801042035203,0.12081361250442244,1.436832211904801,143.68322119048008,0.004447438410700338,Neutral,Medium
2021-07-23,33439.5957028638,0.0024545893522261025,0.0029455072226713228,1.0088756789787678,100.88756789787678,0.0030170092005399655,Neutral,Medium
2021-07-24,34166.914654588,-0.1454910659849625,-0.174589279181955,0.5922847059176923,59.22847059176923,0.001733503630355336,Neutral,Medium
2021-07-25,35119.9374360023,0.22654991561388815,0.2718598987366658,2.2604856875934307,226.04856875934308,0.0064364741301507905,Neutral,Medium
2021-07-26,37444.7825102279,-0.3247794630732716,-0.3897353556879259,0.31061344964508264,31.061344964508265,0.0008295239785682818,Neutral,Medium
2021-07-27,39126.5402881356,0.5419174136003493,0.9754513444806286,3.0,300.0,0.007667429775051424,Value,Medium
2021-07-28,39939.1940432495,-0.199580725613523,-0.23949687073622758,0.48748750862361995,48.748750862361995,0.0012205742261492,Neutral,Medium
2021-07-29,40086.1643950906,0.11602782939463138,0.13923339527355766,1.5184653487067417,151.84653487067416,0.003788003595806013,Neutral,Medium
2021-07-30,41789.6670981882,0.2977794117504321,0.3573352941005185,2.9212332771495784,292.12332771495784,0.006990324355266829,Neutral,Medium
2021-07-31,41793.3137481005,-0.021426023238640415,-0.0257112278863685,0.9257660855360051,92.57660855360051,0.0022151057250828334,Neutral,Medium
2021-08-01,39968.9689544126,0.1876944530670031,0.2252333436804037,1.9654083413620564,196.54083413620563,0.004917335605038353,Neutral,Medium
2021-08-02,39304.1862835769,-0.09023077256855076,-0.10827692708226092,0.7226496291653849,72.2649629165385,0.0018386072769743136,Neutral,Medium
2021-08-03,38288.8253975453,0.0956248027043827,0.11474976324525923,1.4109303221171274,141.09303221171274,0.003684966324946553,Neutral,Medium
2021-08-04,39773.9113489188,0.024964471446351496,0.029957365735621792,1.0940343447076335,109.40343447076334,0.002750633034579269,Neutral,Medium
2021-08-05,40941.650434249,0.2669211056481776,0.32030532677781315,2.614089831997039,261.4089831997039,0.006384915615932936,Neutral,Medium
2021-08-06,42790.3573284629,-0.12434763572155504,-0.14921716286586603,0.6391273884046018,63.91273884046018,0.0014936247984530685,Neutral,Medium
2021-08-07,44484.9005862069,0.6486421382384382,1.1675558488291886,3.0,300.0,0.00674386131129219,Value,Medium
2021-08-08,43972.3010181181,-0.2686294646974636,-0.32235535763695633,0.38019687325449747,38.019687325449745,0.0008646281055381734,Neutral,Medium
2021-08-09,46265.6424564582,0.17869146064801597,0.21442975277761916,1.902729165320267,190.2729165320267,0.004112618055852083,Neutral,Medium
2021-08-10,45488.7912624196,0.6094867306436503,1.0970761151585704,3.0,300.0,0.006595031252189897,Value,Medium
2021-08-11,45676.3263611923,0.27627322384031394,0.33152786860837674,2.7035983442646834,270.35983442646835,0.005919036314097548,Neutral,Medium
2021-08-12,44405.7483483343,0.22350582248299486,0.26820698697959383,2.23584886413232,223.58488641323203,0.005035043766391539,Neutral,Medium
2021-08-13,47717.4853559322,0.24146934975603815,0.2897632197072458,2.3852159352283944,238.52159352283942,0.0049986203536013995,Neutral,Medium
2021-08-14,47124.2050736411,0.5395486523287502,0.9711875741917503,3.0,300.0,0.006366155132615805,Value,Medium
2021-08-15,47074.370710111,0.5374076971619357,0.9673338548914843,3.0,300.0,0.0063728945384619595,Value,Medium
2021-08-16,45984.7199070719,-0.08704423977941865,-0.10445308773530237,0.7309872485665542,73.09872485665542,0.0015896307513534231,Neutral,Medium
2021-08-17,44714.0967982466,-0.2808713809186304,-0.33704565710235646,0.3638051083666871,36.38051083666871,0.0008136250856373179,Neutral,Medium
2021-08-18,44954.3637469316,0.41676600712767176,0.7501788128298091,3.0,300.0,0.00667343445652652,Value,Medium
2021-08-19,46646.8615049679,-0.0332451631722767,-0.03989419580673204,0.887202001104732,88.7202001104732,0.0019019543276459121,Neutral,Medium
2021-08-20,49240.8356049094,0.386656076912618,0.6959809384427124,3.0,300.0,0.006092504246010185,Value,Medium
2021-08-21,49070.2409701929,-0.3752916638067058,-0.450349996568047,0.25896820389470304,25.896820389470303,0.0005277500146208982,Neutral,Medium
2021-08-22,49363.3160952659,0.38912192253569877,0.7004194605642577,3.0,300.0,0.006077387496031105,Value,Medium
2021-08-23,49590.8763676213,-0.21462223591825538,-0.2575466831019064,0.4617923031308743,46.17923031308743,0.0009312041588206054,Neutral,Medium
2021-08-24,47925.8622127411,0.09479394261193143,0.1137527311343177,1.406716398871665,140.67163988716652,0.0029351926786988286,Neutral,Medium
2021-08-25,49002.3166049094,0.18891428796744414,0.22669714556093296,1.9740582253142518,197.40582253142517,0.004028499797735025,Neutral,Medium
2021-08-26,47190.3449929866,0.09090570603197659,0.1090868472383719,1.3871628438891985,138.71628438891986,0.0029395056215320275,Neutral,Medium
2021-08-27,49048.4755891292,-0.10561579135391248,-0.12673894962469498,0.6837131307133318,68.37131307133319,0.0013939538843993468,Neutral,Medium
2021-08-28,48852.4687995324,-0.34241416720663176,-0.4108970006479581,0.2915070751545702,29.150707515457018,0.000596708994075158,Neutral,Medium
2021-08-29,48948.3479579193,0.3632400261027229,0.4358880313232674,3.0,300.0,0.006128909606058795,Neutral,Medium
2021-08-30,47125.7685189947,-0.31608169657511054,-0.3792980358901326,0.3204932359031787,32.04932359031787,0.0006800806564544393,Neutral,Medium
2021-08-31,47219.2443424898,-0.16664124509254363,-0.19996949411105236,0.5488618643528494,54.88618643528495,0.0011623690128792705,Neutral,Medium
2021-09-01,48688.5375572764,0.567793143538826,1.0220276583698868,3.0,300.0,0.006161614520606311,Value,Medium
2021-09-02,49369.5862746932,0.39943217215700916,0.7189779098826165,3.0,300.0,0.006076615638032593,Value,Medium
2021-09-03,49860.5341635301,-0.3229081809687914,-0.3874898171625497,0.31271299702979355,31.271299702979356,0.0006271753848528238,Neutral,Medium
2021-09-04,49919.577563647,-0.015202760848685277,-0.018243313018422334,0.946740791144783,94.6740791144783,0.0018965320568622547,Neutral,Medium
2021-09-05,51747.6438565167,-0.29536399059600527,-0.3544367887152063,0.3453108109737658,34.53108109737658,0.0006672976492054913,Neutral,Medium
2021-09-06,52640.5883740503,0.6779976775637682,1.2203958196147826,3.0,300.0,0.005699024446084801,Value,Medium
2021-09-07,46854.4006028638,0.06833090635272782,0.08199708762327337,1.278888399678491,127.8888399678491,0.002729494739498009,Neutral,Medium
2021-09-08,46187.9757306254,-0.01866843160389034,-0.022402117924668407,0.9350022401873646,93.50022401873646,0.0020243412390281526,Neutral,Medium
2021-09-09,46448.7748290473,-0.12283074077533246,-0.14739688893039896,0.6426270961274574,64.26270961274574,0.0013835178613270608,Neutral,Medium
2021-09-10,44765.2755762712,0.8166950637159063,2.5,3.0,300.0,0.006701622990991292,Deep Value,Medium
2021-09-11,45098.5916447691,-0.13923829903584886,-0.16708595884301863,0.605768198673085,60.576819867308494,0.0013432086825339853,Neutral,Medium
2021-09-12,46180.6124563998,0.21281836206402993,0.2553820344768359,2.1514587564285987,215.14587564285986,0.00465879216837984,Neutral,Medium
2021-09-13,44991.5221277031,0.5883974781432529,1.0591154606578552,3.0,300.0,0.0066679228844155475,Value,Medium
2021-09-14,47022.6177597896,-0.3435872973728947,-0.4123047568474736,0.29027855848174383,29.027855848174383,0.0006173168834721264,Neutral,Medium
2021-09-15,48167.1893676213,0.5905487800308454,1.0629878040555218,3.0,300.0,0.006228306113324197,Value,Medium
2021-09-16,47797.3283237873,0.512659605654632,0.9227872901783375,3.0,300.0,0.0062765014389036256,Value,Medium
2021-09-17,47213.7941294565,0.2766703973167852,0.3320044767801423,2.70746678039018,270.74667803901804,0.005734482539078558,Neutral,Medium
2021-09-18,48204.0136519579,0.9879728391870488,2.5,3.0,300.0,0.006223548150285923,Deep Value,Medium
2021-09-19,47218.4739964933,-0.18982833276595573,-0.22779399931914687,0.5049065087885491,50.490650878854915,0.0010692986580338158,Neutral,Medium
2021-09-20,42855.5103448276,0.4802253592187692,0.8644056465937845,3.0,300.0,0.0070002666538355246,Value,Medium
2021-09-21,40526.4893760958,-0.27294052452207235,-0.3275286294264868,0.37434184001736237,37.434184001736234,0.0009236966877228815,Neutral,Medium
2021-09-22,43577.5724821742,-0.21952717238331804,-0.1536690206683226,0.6306482237414393,63.06482237414392,0.0014471853015663313,Neutral,High
2021-09-23,44861.2980329047,0.39024777726020177,0.2731734440821412,2.2694110131336944,226.94110131336944,0.005058727929515404,Neutral,High
2021-09-24,42803.307701052,0.32570094526546944,0.2279906616858286,1.9817335363282198,198.17335363282197,0.004629860734523359,Neutral,High
2021-09-25,42735.2658240795,0.4184586483367439,0.4393815807535811,3.0,300.0,0.007019963353801412,Value,High
2021-09-26,43131.2941773816,0.07968435197777972,0.09562122237333566,1.3322425726273717,133.22425726273715,0.0030888073220070693,Neutral,Medium
2021-09-27,42496.7852250146,0.2038706906436534,0.24464482877238408,2.0832610663304165,208.32610663304166,0.004902161552455879,Neutral,Medium
2021-09-28,41223.7862743425,0.19836894218827883,0.13885825953179518,1.516757418070961,151.6757418070961,0.0036793258338208104,Neutral,High
2021-09-29,41453.9470131502,0.10235090957493811,0.12282109148992573,1.4455115524756783,144.55115524756783,0.0034870299612655142,Neutral,Medium
2021-09-30,43781.546015488,-0.35291273134422085,-0.2470389119409546,0.47658140271339083,47.658140271339086,0.0010885440238789128,Neutral,High
2021-10-01,48078.1315543542,-0.6221298959274606,-0.26129455628953346,0.4566291667212635,45.66291667212635,0.0009497647931784255,Elevated,High
2021-10-02,47792.4391943308,-0.08528326371929805,-0.05969828460350863,0.8360265953276805,83.60265953276806,0.0017492863085064115,Neutral,High
2021-10-03,48202.6229177089,0.36631633246248885,0.2564214327237422,2.1581778941534675,215.81778941534674,0.00447730385509911,Neutral,High
2021-10-04,49288.5013106371,0.21883492568370735,0.15318444797859515,1.583366606732075,158.33666067320752,0.003212446239241533,Neutral,High
2021-10-05,51558.0493319112,-0.11777769506555064,-0.08244438654588544,0.780880492327637,78.0880492327637,0.0015145656254382783,Neutral,High
2021-10-06,55419.800411163,-0.26270686972078866,-0.18389480880455206,0.5759787989088002,57.59787989088002,0.0010393014674098015,Neutral,High
2021-10-07,53805.1569125658,0.5039943235604429,0.529194039738465,3.0,300.0,0.005575673731190944,Value,High
2021-10-08,53933.5275908825,-0.007680845150125848,-0.005376591605088093,0.9839996134008614,98.39996134008614,0.001824467371882434,Neutral,High
2021-10-09,55010.9224751607,0.11863736053060257,0.0830461523714218,1.2829196501259459,128.2919650125946,0.00233211804565762,Neutral,High
2021-10-10,54701.2797022209,-0.21080749902971588,-0.14756524932080112,0.6423025992366296,64.23025992366296,0.0011742003162140862,Neutral,High
2021-10-11,57289.1864570426,-0.7783879046140919,-0.32692291993791855,0.37502268563539537,37.50226856353954,0.000654613390114381,Elevated,High
2021-10-12,56196.1812597896,0.29045035454268525,0.20331524817987967,1.8403315480375824,184.03315480375824,0.003274833817497144,Neutral,High
2021-10-13,57348.8928769725,-0.3699741413604439,-0.2589818989523107,0.459808262586496,45.9808262586496,0.0008017735644398541,Neutral,High
2021-10-14,57384.0369146698,-0.006419509429651332,-0.004493656600755932,0.9866094915127922,98.66094915127923,0.0017193100112142389,Neutral,High
2021-10-15,61446.0840073057,-0.38826241967993247,-0.2717836937759527,0.4424839522347877,44.248395223478774,0.0007201174157529358,Neutral,High
2021-10-16,60932.0632119228,-0.5281119232484384,-0.36967834627390683,0.3298771261623712,32.98771261623712,0.00054138512430648,Neutral,High
2021-10-17,61462.2223722969,0.2771510234987967,0.1940057164491577,1.7896447730479113,178.96447730479113,0.0029117801211408275,Neutral,High
2021-10-18,61977.0575514319,0.3223971278304172,0.225677989481292,1.9680318224508675,196.80318224508676,0.0031754199056928264,Neutral,High
2021-10-19,64290.8977574518,-0.18716331280784543,-0.1310143189654918,0.6749997510689099,67.49997510689099,0.0010499149562593754,Neutral,High
2021-10-20,66061.7965639977,0.14520366057891598,0.17424439269469919,1.6866312191296056,168.66312191296055,0.002553111339464819,Neutral,Medium
2021-10-21,62373.8856206897,0.2775893869455808,0.3331072643346969,2.7164388957217094,271.64388957217096,0.0043550900648406205,Neutral,Medium
2021-10-22,60750.9673718293,-0.15989520011754327,-0.19187424014105192,0.5623545700733481,56.23545700733481,0.0009256717948727123,Neutral,Medium
2021-10-23,61250.082628872,-0.18926369684468491,-0.22711643621362188,0.5059338706548377,50.593387065483775,0.0008260133683743819,Neutral,Medium
2021-10-24,60865.4470523086,-0.3110048471161263,-0.37320581653935153,0.32640463696081307,32.640463696081305,0.0005362724711120522,Neutral,Medium
2021-10-25,63031.6729015196,-0.36240125241867327,-0.4348815029024079,0.2712689516572663,27.126895165726626,0.0004303692717803883,Neutral,Medium
2021-10-26,60393.9802738165,0.3648131897718958,0.6566637415894124,3.0,300.0,0.004967382488119655,Value,Medium
2021-10-27,58563.3359899766,0.6031569072147143,1.0856824329864856,3.0,300.0,0.005122658996942156,Value,Medium
2021-10-28,60564.5721122151,0.1343254593760228,0.16119055125122736,1.621856780577437,162.1856780577437,0.002677896869431245,Neutral,Medium
2021-10-29,62230.8055689655,-0.07997866955593748,-0.09597440346712498,0.7498191683413684,74.98191683413684,0.0012049003085945961,Neutral,Medium
2021-10-30,61742.9165321449,0.19178104434343882,0.23013725321212658,1.99453663386254,199.45366338625402,0.003230389404789673,Neutral,Medium
2021-10-31,61432.9700628287,0.45047739636238016,0.8108593134522843,3.0,300.0,0.004883371253142801,Value,Medium
2021-11-01,61092.0950592051,-0.02907054469665339,-0.034884653635984066,0.9006361239766315,90.06361239766315,0.0014742269406603488,Neutral,Medium
2021-11-02,63024.7472296902,-0.425521174110562,-0.5106254089326744,0.2161297781833633,21.61297781833633,0.00034292843316878415,Neutral,Medium
2021-11-03,62955.9817630041,-0.022424264382007286,-0.026909117258408742,0.9224451601971747,92.24451601971747,0.0014652224210714268,Neutral,Medium
2021-11-04,61393.8899780246,-0.5506100886788589,-0.39643926384877837,0.30442887719449835,30.442887719449836,0.0004958618476585634,Elevated,Medium
2021-11-05,61005.840833723,-0.0612592598638968,-0.07351111183667615,0.8020909003067098,80.20909003067098,0.0013147772235332054,Neutral,Medium
2021-11-06,61455.0536268849,-0.28330623635595226,-0.3399674836271427,0.36063011760738967,36.063011760738966,0.0005868193034162839,Neutral,Medium
2021-11-07,63043.8290590298,-0.35327942946747937,-0.42393531536097523,0.28032491269342785,28.032491269342785,0.0004446508355813086,Neutral,Medium
2021-11-08,67541.7555081824,0.39527032202291995,0.711486579641256,3.0,300.0,0.004441696810259192,Value,Medium
2021-11-09,67095.5856706605,0.45060362489315636,0.8110865248076814,3.0,300.0,0.004471233047618865,Value,Medium
2021-11-10,64756.0779689071,0.1549716649367011,0.1859659979240413,1.746996440701123,174.6996440701123,0.0026978107623194083,Neutral,Medium
2021-11-11,64962.9312939801,0.05270389085126557,0.06324466902151868,1.2089279885818534,120.89279885818533,0.0018609504905359475,Neutral,Medium
2021-11-12,64078.968037405,-0.04531876514959106,-0.054382518179509266,0.8494658366271864,84.94658366271864,0.0013256546767908704,Neutral,Medium
2021-11-13,64397.7912063121,0.07628538704369194,0.09154246445243032,1.3160402181722215,131.60402181722216,0.002043610803289829,Neutral,Medium
2021-11-14,65032.2256548217,0.312501581876846,0.3750018982522152,3.0,300.0,0.0046130975370940125,Neutral,Medium
2021-11-15,63753.5031592636,-0.05434032484902026,-0.0652083898188243,0.8223204077236238,82.23204077236238,0.0012898434861992958,Neutral,Medium
2021-11-16,60322.4978530099,-0.30567590273968254,-0.366811083287619,0.3327268985830643,33.27268985830643,0.0005515801076305434,Neutral,Medium
2021-11-17,60154.3083661601,-0.2742170109973395,-0.3290604131968074,0.3726255542404074,37.26255542404074,0.0006194494864311806,Neutral,Medium
2021-11-18,56794.1556271186,0.08039730475888718,0.09647676571066462,1.3356663382878426,133.56663382878426,0.00235176722593984,Neutral,Medium
2021-11-19,58014.0729888954,-0.1283360056232312,-0.15400320674787743,0.6300162790026622,63.00162790026622,0.0010859714661359064,Neutral,Medium
2021-11-20,59749.4738229106,-0.09724981098980515,-0.11669977318776617,0.7046181038809198,70.46181038809198,0.0011792875464800125,Neutral,Medium
2021-11-21,59032.6241017534,-0.15764091540519692,-0.1891690984862363,0.5669368849572032,56.693688495720316,0.0009603789321307909,Neutral,Medium
2021-11-22,56383.5658760958,-0.13995269216465453,-0.16794323059758542,0.6042122764033971,60.421227640339715,0.0010716106138642732,Neutral,Medium
2021-11-23,57642.2657980713,-0.286449588308578,-0.34373950597029357,0.35657220612521623,35.65722061252162,0.0006185950555350082,Neutral,Medium
2021-11-24,57141.8303784337,-0.2332526549726036,-0.2799031859671243,0.4318359285500855,43.18359285500855,0.0007557264541407966,Neutral,Medium
2021-11-25,59008.6554792519,0.07382134306515442,0.08858561167818531,1.3044178314023125,130.44178314023125,0.0022105533854452257,Neutral,Medium
2021-11-26,53800.6178389831,0.3769821370276818,0.6785678466498272,3.0,300.0,0.005576144142021816,Value,Medium
2021-11-27,54635.8824628872,-0.10396802787400194,-0.12476163344880233,0.6877809348867543,68.77809348867542,0.0012588447443014153,Neutral,Medium
2021-11-28,57248.5696963764,0.1314003141059994,0.15768037692719927,1.6048673910689228,160.4867391068923,0.0028033318554166508,Neutral,Medium
2021-11-29,57920.7107299825,-0.24194582343950413,-0.29033498812740494,0.41853072935269164,41.85307293526917,0.0007225925305091955,Neutral,Medium
2021-11-30,57097.0127942724,0.5080652193408712,0.9145173948135682,3.0,300.0,0.005254215331385849,Value,Medium
2021-12-01,57180.6098439509,-0.4854546503165517,-0.582545580379862,0.2,20.0,0.0003497689173756825,Neutral,Medium
2021-12-02,56582.8937691408,-0.1424384749738848,-0.17092616996866175,0.5988294117008647,59.88294117008647,0.0010583223511757796,Neutral,Medium
2021-12-03,53671.6160680888,-0.22473323778155976,-0.2696798853378717,0.4452854881948438,44.528548819484385,0.0008296479979845334,Neutral,Medium
2021-12-04,49159.7357983635,0.26955734964527067,0.3234688195743248,2.639016892825584,263.9016892825584,0.005368248730322581,Neutral,Medium
2021-12-05,49327.0935999416,1.086353793842334,2.5,3.0,300.0,0.0060818503200917385,Deep Value,Medium
2021-12-06,50535.4252232612,0.5183559677983407,0.9330407420370133,3.0,300.0,0.005936429715880011,Value,Medium
2021-12-07,50574.4728344828,-0.23716332807529603,-0.2845959936903552,0.4257989548546133,42.57989548546133,0.0008419246528740762,Neutral,Medium
2021-12-08,50500.6543513735,0.3234003367959282,0.38808040415511386,3.0,300.0,0.005940517085435363,Neutral,Medium
2021-12-09,47937.8228458212,0.22316540058675063,0.2677984807041007,2.2331104675771623,223.3110467577162,0.0046583476991838915,Neutral,Medium
2021-12-10,47437.2289725307,0.14040794675039067,0.1684895361004688,1.6577621795912945,165.77621795912944,0.0034946437966501976,Neutral,Medium
2021-12-11,49321.7693252484,-0.284298911280643,-0.3411586935367716,0.3593436591302004,35.93436591302004,0.0007285700899344016,Neutral,Medium
2021-12-12,50136.5722568673,-0.10605704667001498,-0.12726845600401795,0.6826279015022035,68.26279015022035,0.0013615368398239526,Neutral,Medium
2021-12-13,46785.3278410286,0.37770405152153697,0.45324486182584434,3.0,300.0,0.00641226670505264,Neutral,Medium
2021-12-14,48292.6822501461,-0.11122692756604766,-0.1334723130792572,0.6700406215621436,67.00406215621436,0.0013874578721709261,Neutral,Medium
2021-12-15,48830.6223860316,0.5278495017315756,0.9501291031168361,3.0,300.0,0.0061436857721849855,Value,Medium
2021-12-16,47663.4691077148,-0.08587301695729754,-0.10304762034875704,0.7340758916849984,73.40758916849984,0.0015401226671647806,Neutral,Medium
2021-12-17,46334.4837489772,0.5035383496351775,0.9063690293433195,3.0,300.0,0.0064746593838249525,Value,Medium
2021-12-18,46904.8736753361,-0.10288714681266084,-0.123464576175193,0.6904624223603212,69.04624223603211,0.001472048357148408,Neutral,Medium
2021-12-19,46876.426924021,0.5152161726743177,0.927389110813772,3.0,300.0,0.006399805183237426,Value,Medium
2021-12-20,46954.7634783168,-0.347413082840925,-0.41689569940911,0.28630800753668567,28.630800753668566,0.000609752847906261,Neutral,Medium
2021-12-21,49082.0624666277,-0.6229373959004223,-0.448514925048304,0.2603978109573331,26.03978109573331,0.0005305355925790304,Elevated,Medium
2021-12-22,48692.0987391584,0.6384469789115983,1.1492045620408768,3.0,300.0,0.006161163880141783,Value,Medium
2021-12-23,50712.9707682642,-0.08424092333430011,-0.10108910800116012,0.738401677491652,73.8401677491652,0.0014560410607097353,Neutral,Medium
2021-12-24,50783.8344210988,-0.3494755580356034,-0.419370669642724,0.284190068631442,28.419006863144205,0.0005596073472415301,Neutral,Medium
2021-12-25,50590.4508976622,0.18191544327009784,0.2182985319241174,1.9249415348506194,192.49415348506193,0.003804950342792006,Neutral,Medium
2021-12-26,50798.3065859147,0.4641676531388827,0.8355017756499888,3.0,300.0,0.005905708677367282,Value,Medium
2021-12-27,50796.3776735827,-0.42102918219963936,-0.5052350186395672,0.21965326240696534,21.965326240696534,0.00043241914574786465,Neutral,Medium
2021-12-28,47673.0440452367,0.32425623189668984,0.3891074782760278,3.0,300.0,0.006292864364090776,Neutral,Medium
2021-12-29,46470.3215751023,0.038191868279101246,0.045830241934921495,1.1473910647939818,114.73910647939817,0.002469083548173092,Neutral,Medium
2021-12-30,47102.4630037989,0.4004402453209977,0.7207924415777959,3.0,300.0,0.006369093692102777,Value,Medium
2021-12-31,46355.1173302747,0.20400013954180618,0.24480016745016742,2.0842321256360097,208.42321256360097,0.004496228778337683,Neutral,Medium
2022-01-01,47560.0093816482,0.002056100614627257,0.0024673207375527084,1.007429424451292,100.7429424451292,0.002118227976716979,Neutral,Medium
2022-01-02,47352.5577565751,0.6640992280262956,1.195378610447332,3.0,300.0,0.006335455025306289,Value,Medium
2022-01-03,46453.432351841,0.44604925890578406,0.8028886660304113,3.0,300.0,0.006458080378814261,Value,Medium
2022-01-04,45905.9611221508,0.3648850223732378,0.43786202684788533,3.0,300.0,0.006535098986419921,Neutral,Medium
2022-01-05,43530.9440388662,-0.20420629975168691,-0.2450475597020243,0.4794370484451432,47.943704844514315,0.0011013706663863807,Neutral,Medium
2022-01-06,43144.9652928112,-0.07273774695463492,-0.0872852963455619,0.769621926673458,76.9621926673458,0.0017838047184654759,Neutral,Medium
2022-01-07,41512.7845808299,-0.01711463361830145,-0.020537560341961737,0.9402469917744214,94.02469917744214,0.0022649576540539175,Neutral,Medium
2022-01-08,41799.8128848627,-0.5904390302623735,-0.42511610178890896,0.2793336578633899,27.93336578633899,0.0006682653308348833,Elevated,Medium
2022-01-09,41886.4985569842,-0.4201286145619592,-0.504154337474351,0.2203665434569787,22.03665434569787,0.0005261039978244601,Neutral,Medium
2022-01-10,41816.9510561075,-0.1625681401868278,-0.19508176822419335,0.5569692179015298,55.69692179015298,0.001331922112528533,Neutral,Medium
2022-01-11,42768.1786116306,-0.1608322596895786,-0.1929987116274943,0.5604607112168166,56.04607112168166,0.0013104619588929654,Neutral,Medium
2022-01-12,43961.0265441262,-0.46176541182778097,-0.46176541182778097,0.2502496559824284,25.024965598242837,0.0005692534402745087,Neutral,Low
2022-01-13,42626.8653924605,-0.35442336084739684,-0.35442336084739684,0.34532472161771816,34.532472161771814,0.0008101105217058639,Neutral,Low
2022-01-14,43102.6476180596,0.680090922678245,1.0201363840173676,3.0,300.0,0.006960129286218205,Value,Low
2022-01-15,43206.6744812975,-0.2923760035375525,-0.2923760035375525,0.4159758760725208,41.59758760725208,0.0009627583725578804,Neutral,Low
2022-01-16,43168.8596671537,-0.11918860597596709,-0.11918860597596709,0.6993766659048738,69.93766659048738,0.0016200952985492344,Neutral,Low
2022-01-17,42211.270399474,-0.5851086882139682,-0.35106521292838094,0.34882125936681785,34.88212593668179,0.000826369962490313,Elevated,Low
2022-01-18,42431.2319670368,0.1830199420080439,0.1830199420080439,1.73162422428105,173.162422428105,0.004081013310257601,Neutral,Low
2022-01-19,41787.722012858,0.195349665019955,0.195349665019955,1.7968749102573924,179.68749102573923,0.004300006852980637,Neutral,Low
2022-01-20,40756.1261630625,0.3696043785735807,0.3696043785735807,3.0,300.0,0.007360856593674294,Neutral,Low
2022-01-21,36492.2872241379,-0.15350233523054782,-0.1842028022766574,0.5754468515707022,57.54468515707022,0.001576899929665334,Neutral,Medium
2022-01-22,34996.390965225,0.07753146842606473,0.09303776211127768,1.3219570950597812,132.19570950597813,0.003777409780263844,Neutral,Medium
2022-01-23,36271.0502650497,-0.17270842060628325,-0.20725010472753988,0.537003689358754,53.700368935875396,0.0014805297487517298,Neutral,Medium
2022-01-24,36659.7252206312,0.4393100959513311,0.7907581727123959,3.0,300.0,0.008183367392813062,Value,Medium
2022-01-25,36952.586773232,0.09135907773635857,0.10963089328363028,1.3894287338869749,138.94287338869748,0.0037600310430593725,Neutral,Medium
2022-01-26,36825.8245993571,-0.13954260553982123,-0.16745112664778547,0.6051049409100687,60.51049409100687,0.0016431538125574858,Neutral,Medium
2022-01-27,37021.9371332554,0.010404380874501427,0.012485257049401713,1.03816607917273,103.816607917273,0.002804191675427445,Neutral,Medium
2022-01-28,37768.8474836353,-0.6111909282487178,-0.4400574683390768,0.2670892504693807,26.70892504693807,0.000707168124696171,Elevated,Medium
2022-01-29,38088.2912279953,-0.08402678990391807,-0.10083214788470168,0.7389711162911671,73.89711162911671,0.0019401529773748825,Neutral,Medium
2022-01-30,37983.5063845704,-0.3751686277753289,-0.45020235333039466,0.2590829340137328,25.908293401373278,0.0006820932522411281,Neutral,Medium
2022-01-31,38462.6724029807,0.2407632405848304,0.28891588870179646,2.379160432761803,237.9160432761803,0.006185634757343142,Neutral,Medium
2022-02-01,38787.9640824079,0.03141983454259184,0.03770380145111021,1.119756671768139,111.97566717681391,0.0028868663211844094,Neutral,Medium
2022-02-02,36942.3307493279,0.26417911912385134,0.3170149429486216,2.588412695213968,258.84126952139684,0.0070066307206701085,Neutral,Medium
2022-02-03,37057.6521879018,-0.09769536863694199,-0.11723444236433038,0.7034887970871645,70.34887970871645,0.0018983631060060311,Neutral,Medium
2022-02-04,41079.9060881356,0.18322192346575647,0.21986630815890776,1.9340164921501484,193.40164921501483,0.004707937958769378,Neutral,Medium
2022-02-05,41508.5816925774,-0.17759475443497932,-0.21311370532197518,0.5276399630839285,52.76399630839285,0.0012711587377081629,Neutral,Medium
2022-02-06,42358.2251732905,0.3519667477068948,0.4223600972482737,3.0,300.0,0.00708244971956872,Neutral,Medium
2022-02-07,43888.980119813,0.26391417661489974,0.3166970119378797,2.585945062213401,258.59450622134005,0.005892014476422102,Neutral,Medium
2022-02-08,44167.4447945646,-0.07287691295467968,-0.08745229554561562,0.7692364445060464,76.92364445060464,0.0017416367373842539,Neutral,Medium
2022-02-09,44405.0732042665,0.025750713474573438,0.030900856169488122,1.0971353641261918,109.71353641261918,0.002470743284397463,Neutral,Medium
2022-02-10,43614.3426960842,0.09374036211090703,0.11248843453308843,1.4013909843252599,140.139098432526,0.0032131425070200136,Neutral,Medium
2022-02-11,42357.3217416715,-0.17882885926639605,-0.21459463111967525,0.5253009758313829,52.53009758313829,0.001240165700360104,Neutral,Medium
2022-02-12,42173.4593962595,0.29792719326520006,0.35751263191824006,2.922787826036649,292.27878260366487,0.006930396196750888,Neutral,Medium
2022-02-13,42195.5947451782,-0.7027298153177147,-0.5059654670287546,0.21917245329361765,21.917245329361766,0.0005194202253036451,Elevated,Medium
2022-02-14,42646.1618590883,0.08484059811720732,0.10180871774064877,1.3572032563257346,135.72032563257346,0.0031824745701857383,Neutral,Medium
2022-02-15,44511.9084880187,-0.1634317471203916,-0.1961180965444699,0.5552402979650835,55.524029796508344,0.0012473971951001334,Neutral,Medium
2022-02-16,44065.7092673875,-0.5482955531795234,-0.39477279828925677,0.3059546487025864,30.59546487025864,0.0006943145901636939,Elevated,Medium
2022-02-17,40610.024261543,0.17394916647773395,0.20873899977328073,1.8705209955708548,187.05209955708548,0.004606057321029986,Neutral,Medium
2022-02-18,40044.2204856809,0.023590202202211877,0.02830824264265425,1.0886351197931214,108.86351197931215,0.002718582373659635,Neutral,Medium
2022-02-19,40095.887329398,0.6619879295343754,1.1915782731618756,3.0,300.0,0.007482064121325537,Value,Medium
2022-02-20,38551.6224967855,0.2256198726169494,0.2707438471403393,2.252929887665416,225.29298876654158,0.0058439301428967584,Neutral,Medium
2022-02-21,37098.0360081824,0.2259336914566531,0.2711204297479837,2.255476568583972,225.5476568583972,0.006079773517084572,Neutral,Medium
2022-02-22,38202.5940818235,-0.09137985161744333,-0.109655821940932,0.7196664301213712,71.96664301213713,0.0018838156083850414,Neutral,Medium
2022-02-23,37308.2687344243,0.06785366965652997,0.08142440358783597,1.2766930891386257,127.66930891386257,0.0034220110780981434,Neutral,Medium
2022-02-24,38283.790402104,-0.21921820066967282,-0.2630618408036074,0.4542145922723159,45.421459227231594,0.0011864410172075157,Neutral,Medium
2022-02-25,39323.7702158387,-0.06671521776055264,-0.08005826131266316,0.7864903831660783,78.64903831660783,0.002000038091081354,Neutral,Medium
2022-02-26,39056.5781523086,-0.2169885240876818,-0.2603862289052181,0.45787516994835253,45.78751699483525,0.001172338160713365,Neutral,Medium
2022-02-27,37664.7792828755,0.41481528339228635,0.4977783400707436,3.0,300.0,0.007965000876465953,Neutral,Medium
2022-02-28,43179.2545140269,0.4962258968584024,0.5210371917013226,3.0,300.0,0.006947780904891356,Value,High
2022-03-01,44334.457582408,-0.4261310908923379,-0.2982917636246365,0.40865855891492847,40.86585589149285,0.0009217628481307618,Neutral,High
2022-03-02,43984.584926768,0.01297796335167075,0.009084574346169525,1.027628502715466,102.7628502715466,0.0023363378429656955,Neutral,High
2022-03-03,42492.7744552893,0.2139833538981607,0.14978834772871247,1.567316691063159,156.7316691063159,0.0036884310595258554,Neutral,High
2022-03-04,39106.4052159556,0.13903865461917403,0.09732705823342182,1.3390778088608934,133.90778088608934,0.003424190491215345,Neutral,High
2022-03-05,39383.8848433665,-0.2803544933032268,-0.19624814531225876,0.5550237152675689,55.50237152675689,0.0014092660423799014,Neutral,High
2022-03-06,38399.3426268264,-0.19801708232041876,-0.13861195762429313,0.6597885507976271,65.97885507976271,0.0017182287655536272,Neutral,High
2022-03-07,38146.734273232,-0.1981053763313309,-0.13867376343193163,0.6596662258458081,65.96662258458082,0.0017292862375081566,Neutral,High
2022-03-08,38725.477261543,0.5131194959152536,0.5387754707110163,3.0,300.0,0.007746838030526229,Value,High
2022-03-09,41989.4028179427,0.3390946184912993,0.2373662329439095,2.0382644762549575,203.82644762549575,0.0048542354486260444,Neutral,High
2022-03-10,39482.2584672706,-0.08319966298026894,-0.05823976408618826,0.8396926959299129,83.9692695929913,0.002126759533338217,Neutral,High
2022-03-11,38825.3644214494,-0.3552747797229483,-0.24869234580606378,0.4742232685845242,47.422326858452415,0.001221426445446409,Neutral,High
2022-03-12,38951.1300157802,-0.8757828245522482,-0.18391439315597208,0.5759449593892727,57.59449593892727,0.0014786347896863098,Extreme,High
2022-03-13,37808.3174004091,-0.47680178302148446,-0.20025674886902345,0.5483890785510525,54.83890785510525,0.0014504456063022756,Elevated,High
2022-03-14,39649.0453243717,0.7281192031431455,0.7645251633003027,3.0,300.0,0.00756638646771135,Value,High
2022-03-15,39356.8139000584,0.4509724155860838,0.47352103636538795,3.0,300.0,0.00762256824858363,Value,High
2022-03-16,41101.768579135,-0.1675107047115279,-0.11725749329806952,0.7034401505482625,70.34401505482624,0.0017114595669865127,Neutral,High
2022-03-17,40966.4169324956,-0.3215481597701991,-0.22508371183913936,0.5090285694010745,50.902856940107455,0.0012425508685317806,Neutral,High
2022-03-18,41826.1160710111,0.019726746780800934,0.013808722746560653,1.042296204447011,104.2296204447011,0.0024919746377536764,Neutral,High
2022-03-19,42193.1615362361,0.13650390223872777,0.09555273156710943,1.331968861644699,133.1968861644699,0.0031568358784889463,Neutral,High
2022-03-20,41294.7235129164,0.045894572742983746,0.03212620092008862,1.1011758933153815,110.11758933153814,0.0026666261440664433,Neutral,High
2022-03-21,41064.429648159,-0.0734644078210097,-0.05142508547470679,0.8570360838535542,85.70360838535542,0.002087052203565615,Neutral,High
2022-03-22,42383.169518761,0.3241739310454014,0.22692175173178095,1.9753888305341787,197.53888305341786,0.004660785998224527,Neutral,High
2022-03-23,42734.2000355932,0.03445687748218018,0.024119814237526127,1.0750416905263214,107.50416905263214,0.002515647162298398,Neutral,High
2022-03-24,43974.5935882525,0.7930345213310798,1.6653724947952675,3.0,300.0,0.0068221210367284185,Deep Value,High
2022-03-25,44347.034279661,0.5745534067430031,0.6032810770801532,3.0,300.0,0.006764826664803374,Value,High
2022-03-26,44519.9268641145,0.1293280708442237,0.09052964959095659,1.3120475716877038,131.20475716877039,0.002947101812840771,Neutral,High
2022-03-27,46777.2056265342,-0.035330953115043244,-0.02473166718053027,0.9284906190848585,92.84906190848585,0.0019849210884845493,Neutral,High
2022-03-28,47223.6528860316,-0.36531313763827933,-0.2557191963467955,0.4643310139152149,46.43310139152149,0.0009832594167075975,Neutral,High
2022-03-29,47463.7096770894,-0.3596707465616421,-0.25176952259314944,0.469865606972345,46.986560697234495,0.0009899470778179562,Neutral,High
2022-03-30,47123.2971478667,0.04039980388523723,0.04847976466228467,1.1565475230619409,115.65475230619408,0.002454300936186292,Neutral,Medium
2022-03-31,45562.2106665693,-0.16284641452852774,-0.1954156974342333,0.5564115324165287,55.64115324165287,0.0012212127644297749,Neutral,Medium
2022-04-01,46250.3362878434,0.0070241117151990315,0.008428934058238838,1.0256092253036941,102.56092253036941,0.0022175173363512793,Neutral,Medium
2022-04-02,45939.8973489188,0.6401757854141829,1.152316413745529,3.0,300.0,0.006530271448398448,Value,Medium
2022-04-03,46440.5438538866,-0.11530744400790555,-0.13836893280948664,0.6602697611665098,66.02697611665099,0.0014217528615596779,Neutral,Medium
2022-04-04,46663.0041770894,-0.11429802369739911,-0.13715762843687893,0.6626734889366861,66.26734889366861,0.0014201260733702299,Neutral,Medium
2022-04-05,45693.0350619521,-0.05181793798923214,-0.06218152558707857,0.829821570368859,82.9821570368859,0.0018160789040250007,Neutral,Medium
2022-04-06,43304.9371990064,0.2983888217919022,0.3580665861502826,2.9276491363897748,292.7649136389775,0.006760543544806127,Neutral,Medium
2022-04-07,43569.0471697837,0.2946028656285143,0.35352343875421716,2.88801760308387,288.801760308387,0.006628599408726081,Neutral,Medium
2022-04-08,42222.0689772063,0.5065217633038511,0.911739173946932,3.0,300.0,0.007105288946450157,Value,Medium
2022-04-09,42680.9947355932,0.3298768766665533,0.3298768766665533,2.690240594636901,269.0240594636901,0.006303134712072241,Neutral,Low
2022-04-10,42264.4633909994,-0.04455156918939862,-0.04455156918939862,0.8748921060768892,87.48921060768892,0.002070041912003088,Neutral,Low
2022-04-11,39544.0251835184,0.2661303379254029,0.3193564055104835,2.60665871801982,260.665871801982,0.006591789039994472,Neutral,Medium
2022-04-12,40096.3669748685,-0.07958560074678506,-0.09550272089614206,0.7508809492988405,75.08809492988405,0.0018726907347228635,Neutral,Medium
2022-04-13,41152.7554517826,-0.07265022376353611,-0.07265022376353611,0.80416510911515,80.416510911515,0.001954097849067155,Neutral,Low
2022-04-14,39916.4963842782,0.3954730302726065,0.4745676363271278,3.0,300.0,0.0075156896815763655,Neutral,Medium
2022-04-15,40527.3319567504,-0.2028100950841602,-0.2028100950841602,0.5442044447066247,54.42044447066247,0.0013428084663638454,Neutral,Low
2022-04-16,40439.5881209819,-0.5801670698230822,-0.3481002418938493,0.3519378344413507,35.19378344413507,0.0008702804622749096,Elevated,Low
2022-04-17,39704.7839798364,0.4893999493711499,0.7340999240567249,3.0,300.0,0.0075557645686311105,Value,Low
2022-04-18,40818.8786025716,-0.09481107966985661,-0.09481107966985661,0.7524405874660643,75.24405874660644,0.0018433641815399123,Neutral,Low
2022-04-19,41489.6638011689,-0.1768891939109825,-0.1768891939109825,0.5882121588839198,58.821215888391976,0.0014177318035229485,Neutral,Low
2022-04-20,41395.64458346,0.5613685213834092,0.8420527820751138,3.0,300.0,0.007247139234543232,Value,Low
2022-04-21,40457.4959418469,-0.002376690348840256,-0.002376690348840256,0.9928952876045886,99.28952876045885,0.00245416891107587,Neutral,Low
2022-04-22,39737.9735040912,0.024953841111419475,0.024953841111419475,1.0777348994155227,107.77348994155227,0.0027121033217875723,Neutral,Low
2022-04-23,39582.4548720047,-0.36220511988398985,-0.36220511988398985,0.3373563936043953,33.73563936043953,0.0008522876984140661,Neutral,Low
2022-04-24,39511.6456928697,-0.3488104472540966,-0.3488104472540966,0.3511887882801261,35.11887882801261,0.0008888234901931758,Neutral,Low
2022-04-25,40473.7483176505,0.12972770451072507,0.12972770451072507,1.4757747609219511,147.57747609219513,0.0036462517613629814,Neutral,Low
2022-04-26,38072.800873758,-0.08978868413364022,-0.08978868413364022,0.7638635903640187,76.38635903640187,0.002006323603290553,Neutral,Low
2022-04-27,39218.5376174752,-0.025323724606376115,-0.025323724606376115,0.9268429235160593,92.68429235160593,0.00236327762283281,Neutral,Low
2022-04-28,39747.9894270018,-0.09843587315082358,-0.1181230477809883,0.701615922698848,70.16159226988479,0.0017651607862767087,Neutral,Medium
2022-04-29,38609.5059070719,0.45725388749681917,0.8230569974942744,3.0,300.0,0.007770107204222227,Value,Medium
2022-04-30,37714.0949804208,-0.09699666162561493,-0.11639599395073791,0.7052605416253074,70.52605416253074,0.0018700184691994917,Neutral,Medium
2022-05-01,38459.226979135,0.36839955989161777,0.4420794718699413,3.0,300.0,0.007800468796805428,Neutral,Medium
2022-05-02,38566.0628877849,-0.48170081669252857,-0.34682458801862054,0.35328726749570094,35.328726749570095,0.0009160573857996748,Elevated,Medium
2022-05-03,37704.4053153127,0.9132046739803955,2.5,3.0,300.0,0.00795662993465017,Deep Value,Medium
2022-05-04,39641.852176505,0.33509309074674676,0.4021117088960961,3.0,300.0,0.007567759414072092,Neutral,Medium
2022-05-05,36502.0245601403,-0.8776804284577311,-0.31596495424478316,0.387556023938096,38.7556023938096,0.0010617384339862118,Extreme,Medium
2022-05-06,36042.9995584453,0.14493147714619448,0.17391777257543337,1.6849793654848741,168.49793654848742,0.004674914369301052,Neutral,Medium
2022-05-07,35508.7110227937,0.14034555940676552,0.16841467128811863,1.6573898972356436,165.73898972356434,0.004667558606032571,Neutral,Medium
2022-05-08,34058.9066861484,0.17524745174442635,0.21029694209331162,1.8792839493421947,187.92839493421945,0.005517745964835948,Neutral,Medium
2022-05-09,30457.9218194039,0.1255146817636753,0.15061761811641036,1.571220733269604,157.1220733269604,0.00515866033994684,Neutral,Medium
2022-05-10,30990.7351659848,-0.12012319709599796,-0.14414783651519755,0.648921509970036,64.8921509970036,0.0020939209944341283,Neutral,Medium
2022-05-11,28796.5568217417,-0.33017799823516986,-0.39621359788220384,0.3046350446845788,30.46350446845788,0.0010578870472964885,Neutral,Medium
2022-05-12,29030.7070417884,0.4528002168962013,0.5433602602754416,3.0,300.0,0.010333885412028149,Neutral,Medium
2022-05-13,29285.9346718293,0.6506226575782176,1.1711207836407918,3.0,300.0,0.010243825350350717,Value,Medium
2022-05-14,30051.935755114,0.21548487396674643,0.2585818487600957,2.172211007469986,217.2211007469986,0.0072281899747517475,Neutral,Medium
2022-05-15,31182.6212460549,0.22604995474500222,0.27125994569400264,2.2564207910128844,225.64207910128843,0.007236148536737775,Neutral,Medium
2022-05-16,29889.6124757452,-0.5037611020540508,-0.3627079934789165,0.3368478344450384,33.68478344450384,0.0011269729064516424,Elevated,Medium
2022-05-17,30438.1944476914,0.17847236044799114,0.21416683253758936,1.9012289590233717,190.12289590233718,0.006246194932129331,Neutral,Medium
2022-05-18,28771.2204786675,-0.29405995627387094,-0.3528719475286451,0.34693569174766586,34.69356917476659,0.0012058428039397992,Neutral,Medium
2022-05-19,30257.8852483928,-0.2859590410418159,-0.3431508492501791,0.35720245834074965,35.720245834074966,0.001180526845840038,Neutral,Medium
2022-05-20,29224.245998422,-0.39838274937615303,-0.2788679245633071,0.4331792026388856,43.31792026388856,0.0014822596369544509,Neutral,High
2022-05-21,29420.0782857978,-0.2448638034986935,-0.17140466244908545,0.5979704222666785,59.79704222666785,0.0020325249187230806,Neutral,High
2022-05-22,30331.87514173,0.12016991887976367,0.08411894321583456,1.2870552148145105,128.70552148145106,0.004243243151966576,Neutral,High
2022-05-23,29088.2515419638,0.08782770556832542,0.06147939389782779,1.2025426398375563,120.25426398375562,0.004134117989535133,Neutral,High
2022-05-24,29643.6837556984,-0.523062383331406,-0.21968620099919048,0.5173381258847193,51.73381258847193,0.0017451883853175686,Elevated,High
2022-05-25,29577.259880187,-0.008705093459050961,-0.0060935654213356725,0.9818853821146711,98.18853821146712,0.0033197307191137385,Neutral,High
2022-05-26,29332.4860467563,-0.30006483016366275,-0.21004538111456392,0.5325192971138585,53.25192971138585,0.0018154591338252644,Neutral,High
2022-05-27,28612.0413103448,0.12142809539081624,0.1457137144689795,1.5482745903856827,154.82745903856826,0.005411269240080042,Neutral,Medium
2022-05-28,29045.5206344243,0.24378639171284094,0.2925436700554091,2.405195069304047,240.5195069304047,0.008280777953945322,Neutral,Medium
2022-05-29,29430.0689800117,0.019057217689771908,0.022868661227726288,1.0710141289582102,107.10141289582103,0.003639183209817215,Neutral,Medium
2022-05-30,31735.9549719462,-0.5649539584081865,-0.2372806625314383,0.49073942849085167,49.073942849085164,0.001546320030150828,Elevated,High
2022-05-31,31831.4095251315,0.35590716976370523,0.24913501883459366,2.111513642681892,211.1513642681892,0.006633428032820262,Neutral,High
2022-06-01,29825.9221992987,0.5951019923538793,0.6248570919715732,3.0,300.0,0.010058364599605034,Value,High
2022-06-02,30504.2679997078,0.16116170046582395,0.11281319032607676,1.4027569791605177,140.27569791605177,0.004598559713591405,Neutral,High
2022-06-03,29662.6709708942,-0.23190163910791814,-0.1623311473755427,0.6144710625548369,61.44710625548369,0.002071529779492117,Neutral,High
2022-06-04,29792.4076779077,0.359046153963788,0.25133230777465154,2.125478435864543,212.5478435864543,0.007134295619352285,Neutral,High
2022-06-05,29915.4093009936,0.5375345228456978,0.5644112489879827,3.0,300.0,0.010028276631001531,Value,High
2022-06-06,31333.6770197545,0.13754988329703838,0.09628491830792686,1.3348978271105925,133.48978271105923,0.004260265484542392,Neutral,High
2022-06-07,31175.0324289889,0.5997072793081846,0.6296926432735938,3.0,300.0,0.009623085418863505,Value,High
2022-06-08,30228.464698422,0.31355602796909215,0.3762672335629106,3.0,300.0,0.00992442067412245,Neutral,Medium
2022-06-09,30064.4855289305,-0.6729825980247095,-0.4845474705777908,0.233717440677767,23.3717440677767,0.0007773871282542487,Elevated,Medium
2022-06-10,29070.4000300994,-0.3944406398745532,-0.4733287678494638,0.241717327544044,24.1717327544044,0.000831489512678775,Neutral,Medium
2022-06-11,28360.7899231444,0.39481341072417303,0.4737760928690076,3.0,300.0,0.010577984633466746,Neutral,Medium
2022-06-12,26830.2839456458,0.22564370484340665,0.270772445812088,2.2531231883645026,225.31231883645026,0.008397686707039696,Neutral,Medium
2022-06-13,22316.2570400351,-0.11262299875352369,-0.07883609912746657,0.7893793324926157,78.93793324926158,0.0035372389333770383,Neutral,High
2022-06-14,22072.8663085915,0.18159120435441775,0.12711384304809242,1.4642476032538998,146.42476032538997,0.006633699415304144,Neutral,High
2022-06-15,22520.7910087668,0.045404966801371835,0.031783476760960286,1.1000442764174791,110.00442764174791,0.004884572109342245,Neutral,High
2022-06-16,20310.1769848042,-0.8789907284748026,-0.18458805297970854,0.5747821618405614,57.478216184056144,0.002830020448716945,Extreme,High
2022-06-17,20464.9290873174,0.24149137811292698,0.16904396467904886,1.660521806165403,166.0521806165403,0.008113987588622858,Neutral,High
2022-06-18,19013.8672536528,0.542470687009897,0.5695942213603918,3.0,300.0,0.01577795805544852,Value,High
2022-06-19,20492.2951683226,0.24473818904902112,0.17131673233431477,1.6718824330067728,167.18824330067727,0.008158590432521205,Neutral,High
2022-06-20,20571.6292247224,0.6458345126105849,0.6781262382411141,3.0,300.0,0.014583191089185514,Value,High
2022-06-21,20688.4651312098,-0.34121360562795927,-0.23884952393957148,0.4884351489350149,48.843514893501485,0.0023609056826462247,Neutral,High
2022-06-22,20003.1683375219,-0.7303136232317777,-0.3067317217573466,0.3984412715966464,39.84412715966464,0.0019918908088637694,Elevated,High
2022-06-23,21097.1028331385,0.052278632595037636,0.03659504281652634,1.1160382398264834,111.60382398264834,0.005290007109760372,Neutral,High
2022-06-24,21299.0769853887,0.33463698585072915,0.2342458900955104,2.0192732516891114,201.92732516891115,0.009480566942287431,Neutral,High
2022-06-25,21468.3431566335,0.47587099651204734,0.4996645463376497,3.0,300.0,0.013974063942018883,Value,High
2022-06-26,21066.6209430158,0.36531846588156175,0.2557229261170932,2.1536601247921205,215.36601247921206,0.010223092401091129,Neutral,High
2022-06-27,20751.0516960842,0.14297801702441187,0.10008461191708831,1.3502014934916542,135.02014934916542,0.006506665364562907,Neutral,High
2022-06-28,20263.2196393922,0.24957767478537238,0.17470437234976066,1.6889602738758889,168.8960273875889,0.008335103226105828,Neutral,High
2022-06-29,20080.9480864991,-0.08634655357725711,-0.06044258750407997,0.8341619068823963,83.41619068823964,0.004153996630483913,Neutral,High
2022-06-30,19332.9121294565,0.22342051518717337,0.15639436063102136,1.598687662726796,159.8687662726796,0.008269254274895105,Neutral,High
2022-07-01,19341.8631240795,0.2635691783838594,0.18449842486870158,1.7393218130009516,173.93218130009515,0.00899252466964052,Neutral,High
2022-07-02,19231.8317083577,-0.1238031904482916,-0.08666223331380411,0.7710618409030282,77.10618409030282,0.004009300063539673,Neutral,High
2022-07-03,19276.5146639392,-0.3434186691768668,-0.24039306842380675,0.4861786134214926,48.61786134214926,0.0025221292432650835,Neutral,High
2022-07-04,20226.2984745763,0.40081874137959655,0.28057311896571757,2.3203530640903423,232.03530640903423,0.011471960957201039,Neutral,High
2022-07-05,20193.3427938048,0.11927851307168869,0.08349495915018207,1.2846481626237516,128.46481626237517,0.0063617409744456685,Neutral,High
2022-07-06,20560.8438126826,0.6367660219560846,0.6686043230538887,3.0,300.0,0.014590840859116404,Value,High
2022-07-07,21651.4191423144,-0.3659441610308487,-0.2561609127215941,0.46371611358599324,46.371611358599324,0.0021417354240754164,Neutral,High
2022-07-08,21813.7871239042,0.0677424880190125,0.04741974161330875,1.1528754637627159,115.28754637627159,0.005285077080904308,Neutral,High
2022-07-09,21585.1321922852,0.23372515454410767,0.16360760818087536,1.6336598825259454,163.36598825259455,0.0075684497457459915,Neutral,High
2022-07-10,20831.2733915839,0.09471551260479959,0.0663008588233597,1.2200630972560043,122.00630972560043,0.005856881978942897,Neutral,High
2022-07-11,19971.3294704851,-0.5108388188685904,-0.21455230392480795,0.5253676836169274,52.536768361692744,0.00263060946640207,Elevated,High
2022-07-12,19339.1534734074,0.19693377112439875,0.13785363978707912,1.5121930064226536,151.21930064226535,0.00781933401843063,Neutral,High
2022-07-13,20155.5278386908,0.0011003709394773568,0.0013204451273728282,1.0039691918417215,100.39691918417215,0.004981110888668913,Neutral,Medium
2022-07-14,20552.8990289304,0.3056321950802686,0.3667586340963223,3.0,300.0,0.014596480991694553,Neutral,Medium
2022-07-15,20831.722700526,-0.3448264393876196,-0.4137917272651435,0.28898653553612863,28.898653553612863,0.0013872426188201504,Neutral,Medium
2022-07-16,21196.5091428989,-0.18913749384304765,-0.22696499261165717,0.5061637842224749,50.616378422247486,0.002387958228452189,Neutral,Medium
2022-07-17,20827.8886085915,0.08634937315997088,0.10361924779196505,1.3645950846878696,136.45950846878696,0.006551768690202109,Neutral,Medium
2022-07-18,22305.7066428989,-0.05783720092064785,-0.06940464110477741,0.8120333052739866,81.20333052739866,0.003640473347355262,Neutral,Medium
2022-07-19,23371.2026601403,0.29046195265483177,0.3485543431857981,2.8452844060451983,284.5284406045198,0.012174317459913367,Neutral,Medium
2022-07-20,23280.9356680304,-0.1780147954758792,-0.21361775457105503,0.5268426964467908,52.684269644679084,0.002262979048433419,Neutral,Medium
2022-07-21,23152.4093112215,-0.011417613941828816,-0.01370113673019458,0.959729878966413,95.9729878966413,0.0041452700065269295,Neutral,Medium
2022-07-22,22706.0835554646,0.11116944980433369,0.1334033397652004,1.4921380425165127,149.21380425165128,0.006571534183214105,Neutral,Medium
2022-07-23,22484.4592317358,0.46770099649114827,0.8418617936840669,3.0,300.0,0.013342549042787897,Value,Medium
2022-07-24,22653.3570260082,0.14913707728947778,0.17896449274737333,1.7106843211060652,171.06843211060652,0.007551570917908712,Neutral,Medium
2022-07-25,21510.1255874342,0.5227838843583348,0.9410109918450026,3.0,300.0,0.013946919964765535,Value,Medium
2022-07-26,21181.6591967855,0.15504854462560788,0.18605825355072944,1.747480018371554,174.74800183715539,0.008249967588170568,Neutral,Medium
2022-07-27,22898.4150683226,-0.018679574617324245,-0.022415489540789094,0.9349647334665745,93.49647334665745,0.004083098025242777,Neutral,Medium
2022-07-28,23838.5568838691,0.06586969517258418,0.079043634207101,1.2676070399995378,126.76070399995379,0.005317465508397838,Neutral,Medium
2022-07-29,23950.7403798948,-0.01759325262694606,-0.021111903152335274,0.9386283143893605,93.86283143893604,0.00391899498512907,Neutral,Medium
2022-07-30,23623.4349611338,0.7081197153145226,1.2746154875661404,3.0,300.0,0.012699253960889757,Value,Medium
2022-07-31,23356.1722215079,0.12791797837383068,0.1535015740485968,1.5848737040162524,158.48737040162524,0.006785673992234038,Neutral,Medium
2022-08-01,23331.4426969608,0.044917442500174445,0.05390093100020933,1.1755108193548949,117.55108193548949,0.005038311752183329,Neutral,Medium
2022-08-02,23031.4268834015,0.30387950106699274,0.36465540128039126,2.986094074588276,298.6094074588276,0.01296530210527391,Neutral,Medium
2022-08-03,22809.7474418469,0.18643215206209007,0.22371858247450807,1.9564972310754967,195.64972310754968,0.008577461175594147,Neutral,Medium
2022-08-04,22628.3320821157,-0.3844862172839466,-0.4613834607407359,0.2505365697159598,25.053656971595977,0.0011071808952016014,Neutral,Medium
2022-08-05,23248.9715023378,0.37854508128643877,0.4542540975437265,3.0,300.0,0.012903796624716645,Neutral,Medium
2022-08-06,22996.2750452952,0.2273788884896456,0.2728546661875747,2.26724173638122,226.72417363812198,0.009859169504258795,Neutral,Medium
2022-08-07,23153.6584713618,0.04843634636249368,0.05812361563499241,1.1904969760864548,119.04969760864547,0.005141722970298416,Neutral,Medium
2022-08-08,23803.6505154296,-0.39914310443983636,-0.47897172532780363,0.23765976760115642,23.76597676011564,0.0009984173118619123,Neutral,Medium
2022-08-09,23186.2917464641,-0.11557275672293267,-0.1386873080675192,0.6596394215744774,65.96394215744775,0.0028449543755744047,Neutral,Medium
2022-08-10,23923.0584830508,0.5668282342659454,1.0202908216787017,3.0,300.0,0.012540202592095253,Value,Medium
2022-08-11,23934.4390561075,0.7693640216281648,1.3848552389306967,3.0,300.0,0.012534239858169857,Value,Medium
2022-08-12,24396.3088462887,0.3457237779534555,0.4148685335441466,3.0,300.0,0.012296942209175125,Neutral,Medium
2022-08-13,24426.2225748101,-0.04023232299946444,-0.04827878759935733,0.8651638545204319,86.51638545204318,0.0035419469869755658,Neutral,Medium
2022-08-14,24314.2021315021,0.611336554134445,1.100405797442001,3.0,300.0,0.012338467796618024,Value,Medium
2022-08-15,24083.9539748685,0.22604560147878888,0.2712547217745466,2.2563854292085623,225.63854292085622,0.00936883300625425,Neutral,Medium
2022-08-16,23868.8193530099,0.013361227268967234,0.01603347272276068,1.0492760164098884,104.92760164098884,0.004396011385781311,Neutral,Medium
2022-08-17,23336.3489310345,0.6683820710735169,1.0025731066102752,3.0,300.0,0.012855481415991195,Value,Low
2022-08-18,23221.1706028638,0.24757796403086327,0.24757796403086327,2.1016734158517583,210.16734158517582,0.00905067815828615,Neutral,Low
2022-08-19,20906.7663141438,-0.11539128957939018,-0.1384695474952682,0.6600704927383656,66.00704927383656,0.0031572098851643843,Neutral,Medium
2022-08-20,21146.6548021625,-0.4910030327850007,-0.3535221836052005,0.34625958110030897,34.62595811003089,0.0016374201231340842,Elevated,Medium
2022-08-21,21553.9961717125,0.23125121548013883,0.2775014585761666,2.299069269792742,229.9069269792742,0.010666556918155363,Neutral,Medium
2022-08-22,21301.0840581531,0.4077896799462297,0.48934761593547565,3.0,300.0,0.014083790251284109,Neutral,Medium
2022-08-23,21534.5143521333,0.292244506861147,0.3506934082333764,2.863601861799458,286.3601861799458,0.013297731330150834,Neutral,Medium
2022-08-24,21424.9728232028,0.47533164709057446,0.855596964763034,3.0,300.0,0.014002351483737064,Value,Medium
2022-08-25,21587.8395844535,0.6134638387886292,1.1042349098195325,3.0,300.0,0.013896712490676706,Value,Medium
2022-08-26,20246.1655733489,0.580608814729036,1.0450958665122647,3.0,300.0,0.014817620596509687,Value,Medium
2022-08-27,20043.9909485681,-0.011692968941554225,-0.01403156272986507,0.9587789912273118,95.87789912273118,0.004783373698818223,Neutral,Medium
2022-08-28,19673.5412188778,-0.29266702455485594,-0.35120042946582714,0.34867978885384954,34.86797888538496,0.0017723285552642294,Neutral,Medium
2022-08-29,20270.960383986,-0.12803483435849708,-0.1536418012301965,0.6306997235150195,63.069972351501946,0.003111346041666928,Neutral,Medium
2022-08-30,19825.4632066043,0.39615820960680137,0.4753898515281616,3.0,300.0,0.015132055018016595,Neutral,Medium
2022-08-31,20024.6716059614,-0.09634780865752846,-0.11561737038903414,0.7069098646025198,70.69098646025198,0.003530194544574058,Neutral,Medium
2022-09-01,20105.4626072472,0.45334006352716333,0.816012114348894,3.0,300.0,0.014921317945296232,Value,Medium
2022-09-02,19948.8567472823,-0.015118668312845335,-0.0181424019754144,0.9470274443343801,94.70274443343801,0.004747276780477141,Neutral,Medium
2022-09-03,19803.8332697253,-0.13264124214012263,-0.15916949056814714,0.6203270303466598,62.03270303466598,0.0031323583767743184,Neutral,Medium
2022-09-04,19961.9118907072,0.2791341581327746,0.3349609897593295,2.73158757445295,273.158757445295,0.01368399775236247,Neutral,Medium
2022-09-05,19797.7967884278,0.017388582837585074,0.02086629940510209,1.0645997407260555,106.45997407260555,0.0053773647244845695,Neutral,Medium
2022-09-06,18846.150537405,-0.06824345579826019,-0.08189214695791222,0.7821752639317123,78.21752639317123,0.004150318455640507,Neutral,Medium
2022-09-07,19292.9070745178,0.3690793352211358,0.44289520226536294,3.0,300.0,0.015549756127537773,Neutral,Medium
2022-09-08,19319.1248512566,0.41478917348560873,0.49774700818273043,3.0,300.0,0.015528653720589557,Neutral,Medium
2022-09-09,21363.3136152542,0.05005478167236324,0.060065738006835886,1.1974534944548525,119.74534944548525,0.005605186143032728,Neutral,Medium
2022-09-10,21715.2107980713,0.27160036725321945,0.32592044070386333,2.6584980543757157,265.84980543757155,0.012242561580898112,Neutral,Medium
2022-09-11,21732.7705686733,-0.18425693844223137,-0.22110832613067763,0.515135668828875,51.513566882887496,0.002370317522108374,Neutral,Medium
2022-09-12,22365.2145601987,0.45971953696548945,0.827495166537881,3.0,300.0,0.013413687545563824,Value,Medium
2022-09-13,20165.0421607247,-0.3723386066440947,-0.4468063279729136,0.2617359824359688,26.173598243596878,0.0012979689323226408,Neutral,Medium
2022-09-14,20246.3660424313,-0.14100889654423823,-0.16921067585308588,0.6019192207008284,60.19192207008284,0.0029729741102149237,Neutral,Medium
2022-09-15,19696.8698661601,-0.9220515579572577,-0.33193856086461276,0.36942199052792146,36.94219905279215,0.0018755365346785438,Extreme,Medium
2022-09-16,19741.5776168907,0.3196349666668686,0.3835619600002423,3.0,300.0,0.015196353899463584,Neutral,Medium
2022-09-17,20120.7023459965,0.27343051530245915,0.328116618362951,2.6760714844687743,267.60714844687743,0.013300089820180872,Neutral,Medium
2022-09-18,19427.1002626534,0.4314357537971236,0.5177229045565483,3.0,300.0,0.015442345792424777,Neutral,Medium
2022-09-19,19557.9769582116,-0.07266306390745657,-0.08719567668894788,0.7698288742504408,76.98288742504408,0.003936137545796734,Neutral,Medium
2022-09-20,18872.9498667446,0.33917659128433836,0.40701190954120603,3.0,300.0,0.0158957662749171,Neutral,Medium
2022-09-21,18506.7607481005,-0.0837601117021724,-0.10051213404260688,0.7396808999058876,73.96808999058877,0.003996814515375454,Neutral,Medium
2022-09-22,19414.5396449445,0.3944896334294896,0.4733875601153875,3.0,300.0,0.015452336521310166,Neutral,Medium
2022-09-23,19326.8648199883,0.488456138853241,0.8792210499358337,3.0,300.0,0.015522434848808634,Value,Medium
2022-09-24,18924.7677872589,-0.537579959511995,-0.3870575708486364,0.31311876718275006,31.311876718275006,0.0016545448308938155,Elevated,Medium
2022-09-25,18793.1561531268,0.6215964986810176,1.1188736976258318,3.0,300.0,0.015963257983682855,Value,Medium
2022-09-26,19201.1317209234,-0.45210592341337386,-0.3255162648576292,0.37660861225739495,37.660861225739495,0.0019613875772072644,Elevated,Medium
2022-09-27,19106.7389135009,0.04181792161818531,0.05018150594182237,1.1624670544566842,116.24670544566843,0.006084068347400091,Neutral,Medium
2022-09-28,19454.937210111,0.1023852359859363,0.12286228318312355,1.4456901927183425,144.56901927183426,0.007430968175867448,Neutral,Medium
2022-09-29,19540.8664105786,0.2683578339240588,0.3220294007088706,2.6276455106637395,262.76455106637394,0.01344692428397772,Neutral,Medium
2022-09-30,19435.1946917008,0.28523236113364264,0.3422788333603712,2.792218664547582,279.2218664547582,0.014366816020319636,Neutral,Medium
2022-10-01,19311.861629398,-0.19124744385441844,-0.22949693262530213,0.502333620240016,50.23336202400161,0.0026011662152514866,Neutral,Medium
2022-10-02,19015.2928050847,-0.2455770633809589,-0.29469247605715065,0.41309510744110367,41.30951074411037,0.002172436215815945,Neutral,Medium
2022-10-03,19633.4325859147,0.3631100105988789,0.43573201271865464,3.0,300.0,0.015280058578000478,Neutral,Medium
2022-10-04,20339.9712811221,-0.011048649175711842,-0.013258379010854209,0.9610055094088826,96.10055094088827,0.004724714190234917,Neutral,Medium
2022-10-05,20155.0996987142,0.1721070973588221,0.2065285168305865,1.8581577696640337,185.81577696640338,0.009219293367140106,Neutral,Medium
2022-10-06,19950.5477957335,-0.06764212077549162,-0.08117054493058994,0.7838703558108527,78.38703558108527,0.00392906682982653,Neutral,Medium
2022-10-07,19539.1439216832,-0.09661014676010368,-0.11593217611212442,0.7062425619449043,70.62425619449043,0.0036145010486419763,Neutral,Medium
2022-10-08,19416.1772291058,0.17786185362606502,0.213434224351278,1.897054979842227,189.7054979842227,0.009770486525011982,Neutral,Medium
2022-10-09,19428.3671323787,0.36450780548625755,0.43740936658350904,3.0,300.0,0.015441338840052572,Neutral,Medium
2022-10-10,19154.4042346581,-0.32459222792277626,-0.3895106735073315,0.31082288814436565,31.082288814436566,0.0016227228178778892,Neutral,Medium
2022-10-11,19039.2820683811,0.046025400476456216,0.05523048057174746,1.1802088823063264,118.02088823063264,0.006198809797908934,Neutral,Medium
2022-10-12,19156.9115645821,-0.07186749723612207,-0.08624099668334648,0.7720368553161614,77.20368553161614,0.00403006952719627,Neutral,Medium
2022-10-13,19387.8336806546,0.85690900049125,2.5,3.0,300.0,0.01547362149590459,Deep Value,Low
2022-10-14,19177.6941031561,0.4183289636057114,0.4183289636057114,3.0,300.0,0.015643173698897856,Neutral,Low
2022-10-15,19069.8749272355,0.3850860817464292,0.3850860817464292,3.0,300.0,0.015731618646934148,Neutral,Low
2022-10-16,19261.7497878434,-0.7213593204977892,-0.4328155922986735,0.2729554246235405,27.29554246235405,0.0014170852992587927,Elevated,Low
2022-10-17,19557.0218106371,-0.3689097054771665,-0.3689097054771665,0.3306386749123204,33.06386749123204,0.0016906391888998427,Neutral,Low
2022-10-18,19341.4075543542,-0.7179706390378296,-0.43078238342269776,0.2746254388536463,27.46254388536463,0.001419883418938772,Elevated,Low
2022-10-19,19132.1544254822,-0.08460647822837375,-0.08460647822837375,0.7758318777269855,77.58318777269855,0.004055120298912346,Neutral,Low
2022-10-20,19033.3760239626,-0.11788717118004113,-0.11788717118004113,0.7021125827408968,70.21125827408969,0.0036888494287978793,Neutral,Low
2022-10-21,19174.8763487434,-0.17537491908591024,-0.17537491908591024,0.5908903822192468,59.08903822192468,0.0030815864022923412,Neutral,Low
2022-10-22,19207.6285078901,0.36526895103385165,0.36526895103385165,2.9915954879711055,299.1595487971106,0.015575038254942405,Neutral,Low
2022-10-23,19565.4123243717,0.07165840089161751,0.07165840089161751,1.2398311520886618,123.98311520886618,0.006336851641732402,Neutral,Low
2022-10-24,19341.460210111,0.18494968946283957,0.18494968946283957,1.7416780906541538,174.16780906541538,0.009004894520547466,Neutral,Low
2022-10-25,20094.9611215663,0.6167670061828727,0.9251505092743091,3.0,300.0,0.014929115721355352,Value,Low
2022-10-26,20797.0308258328,0.6312580897681684,0.9468871346522527,3.0,300.0,0.014425136093338783,Value,Low
2022-10-27,20280.1751280538,0.22379816213192075,0.22379816213192075,1.956964378974616,195.6964378974616,0.009649642405047698,Neutral,Low
2022-10-28,20604.6138535944,0.2838548861911582,0.2838548861911582,2.3433104658367925,234.33104658367924,0.01137274632995857,Neutral,Low
2022-10-29,20803.8999205143,0.1144955037392032,0.1144955037392032,1.4098545051339886,140.98545051339886,0.006776876020941438,Neutral,Low
2022-10-30,20616.7033766803,0.43748314134514266,0.656224712017714,3.0,300.0,0.014551307962228924,Value,Low
2022-10-31,20490.8581808884,0.33099292706208566,0.33099292706208566,2.699263022674098,269.92630226740977,0.013173011100099608,Neutral,Low
2022-11-01,20483.966530976,-0.9507980835237406,-0.2852394250571222,0.4249778304049451,42.49778304049451,0.002074685241075212,Extreme,Low
2022-11-02,20148.2845537697,-0.3765244313238348,-0.3765244313238348,0.32317112607298654,32.317112607298654,0.0016039634799207853,Neutral,Low
2022-11-03,20198.1111860316,-0.11195585491785076,-0.11195585491785076,0.7147177533703911,71.4717753370391,0.003538537573080933,Neutral,Low
2022-11-04,21157.2449275278,0.07488560412685549,0.07488560412685549,1.2518930082795672,125.18930082795671,0.0059170889809510244,Neutral,Low
2022-11-05,21283.4715999416,0.5050422184492174,0.7575633276738261,3.0,300.0,0.014095444842786981,Value,Low
2022-11-06,20946.8030359439,-0.017819499029387054,-0.017819499029387054,0.9479452826768955,94.79452826768954,0.004525489073679922,Neutral,Low
2022-11-07,20568.5651183518,-0.009222116368239042,-0.009222116368239042,0.972712859180969,97.2712859180969,0.004729123561045538,Neutral,Low
2022-11-08,18520.971163647,0.19909367967252267,0.2389124156070272,2.0477410255658883,204.77410255658884,0.011056337205390173,Neutral,Medium
2022-11-09,15758.2912819988,0.14840507110557516,0.17808608532669018,1.7061822223205834,170.61822223205834,0.010827203227735801,Neutral,Medium
2022-11-10,17541.5602866745,0.2446978924236567,0.17128852469655967,1.6717409594306922,167.17409594306923,0.009530172528042648,Neutral,High
2022-11-11,16916.8506312098,0.4011458888993341,0.2808021222295339,2.321947717073377,232.19477170733768,0.013725650049718053,Neutral,High
2022-11-12,16771.2426718293,-0.24552261881085635,-0.17186583316759943,0.5971436949443382,59.71436949443382,0.0035605214630121717,Neutral,High
2022-11-13,16320.4983375219,0.3170296167594453,0.2219207317316117,1.945973167629759,194.59731676297588,0.011923491105390075,Neutral,High
2022-11-14,16629.4784146698,0.418421754190876,0.29289522793361317,2.407733103293245,240.7733103293245,0.014478704883306789,Neutral,High
2022-11-15,16855.59378609,-0.5189099076390995,-0.21794216120842178,0.5200519941655707,52.00519941655707,0.0030853377268425936,Elevated,High
2022-11-16,16659.6063345996,0.12704832286739348,0.08893382600717543,1.3057811943317434,130.57811943317435,0.007838007502133013,Neutral,High
2022-11-17,16675.1790204559,0.7007043951804129,0.7357396149394336,3.0,300.0,0.01799081135092953,Value,High
2022-11-18,16661.5229576271,0.8906848131900149,1.870438107699031,3.0,300.0,0.018005556920753743,Deep Value,High
2022-11-19,16696.0040581531,0.09466529567935224,0.06626570697554657,1.2199344416228968,121.99344416228968,0.007306744999425001,Neutral,High
2022-11-20,16246.8446992987,0.15422699465572762,0.10795889625900933,1.3824768217006984,138.24768217006985,0.008509201923745683,Neutral,High
2022-11-21,15778.0174047341,0.7033438704642995,0.7385110639875143,3.0,300.0,0.019013795732662,Value,High
2022-11-22,16172.8893445354,-0.06427320252041793,-0.04499124176429255,0.8737388686193142,87.37388686193141,0.005402490859894114,Neutral,High
2022-11-23,16574.0617299825,0.08462694933279506,0.05923886453295654,1.1944867480696975,119.44867480696975,0.007206964517990599,Neutral,High
2022-11-24,16583.5243445354,-0.049265532720871696,-0.034485872904610186,0.9017142377412021,90.17142377412021,0.005437410160876538,Neutral,High
2022-11-25,16522.3887767388,0.1411235250617708,0.09878646754323957,1.3449534497851734,134.49534497851735,0.008140187644529215,Neutral,High
2022-11-26,16448.6413077148,-0.178465231452665,-0.12492566201686549,0.687442570979931,68.7442570979931,0.0041793273871046374,Neutral,High
2022-11-27,16436.0707688486,0.15340846495149685,0.10738592546604779,1.3801025063829593,138.01025063829593,0.00839679097146915,Neutral,High
2022-11-28,16212.5814161309,0.03374655147521875,0.023622586032653124,1.0734392628319913,107.34392628319912,0.006621026197370149,Neutral,High
2022-11-29,16443.0368199883,0.07613712295276404,0.05329598606693482,1.1733793960879288,117.33793960879288,0.007136026081639362,Neutral,High
2022-11-30,17176.8986914085,0.1368288851656356,0.09578021961594492,1.3328781928947282,133.28781928947282,0.007759713885728417,Neutral,High
2022-12-01,16961.2918042081,0.015153094149910628,0.01060716590493744,1.032333215019533,103.2333215019533,0.006086406783965658,Neutral,High
2022-12-02,17075.1091370544,-0.10897348998374012,-0.07628144298861808,0.7954523527576758,79.54523527576758,0.004658549156980076,Neutral,High
2022-12-03,16899.5073831093,-0.07843569527387063,-0.05490498669170944,0.8481354220936327,84.81354220936326,0.005018699083153904,Neutral,High
2022-12-04,17121.7149824664,-0.35472489511758326,-0.24830742658230825,0.4747711978436859,47.47711978436859,0.002772918474170831,Neutral,High
2022-12-05,16961.3517866745,-0.004608625862065258,-0.00322603810344568,0.9903685679179369,99.0368567917937,0.005838971919066081,Neutral,High
2022-12-06,17070.5158281707,0.15728410430571785,0.11009887301400248,1.391380777294233,139.13807772942332,0.008150783440287728,Neutral,High
2022-12-07,16848.2518243717,-0.1419672487735719,-0.09937707414150032,0.7422039395569467,74.22039395569468,0.004405228193962046,Neutral,High
2022-12-08,17231.4563223261,-0.5585109378844856,-0.23457459391148391,0.4947395672004887,49.47395672004887,0.002871141927565778,Elevated,High
2022-12-09,17136.1490008767,-0.24512130328282666,-0.294145563939392,0.41377344393474075,41.377344393474075,0.0024146232850424665,Neutral,Medium
2022-12-10,17124.2146797195,0.9699849923853525,2.5,3.0,300.0,0.017519051565926418,Deep Value,Low
2022-12-11,17094.3606592636,-0.41913685178244686,-0.41913685178244686,0.28438948470510306,28.438948470510304,0.0016636450486435107,Neutral,Low
2022-12-12,17195.5249962011,-0.21752454310284672,-0.21752454310284672,0.5207039518701163,52.070395187011634,0.0030281364016809735,Neutral,Low
2022-12-13,17774.9166320865,-0.11505095943939854,-0.11505095943939854,0.7081120902070134,70.81120902070134,0.003983771653413893,Neutral,Low
2022-12-14,17809.7240835769,0.3184384799871698,0.3184384799871698,2.5994904367687086,259.9490436768709,0.01459590516152807,Neutral,Low
2022-12-15,17344.0544569258,0.2888075309722613,0.2888075309722613,2.378387157186109,237.8387157186109,0.013712982527198967,Neutral,Low
2022-12-16,16606.1101750438,0.24323019950338023,0.24323019950338023,2.074438673955276,207.44386739552758,0.012492020419524914,Neutral,Low
2022-12-17,16774.3853702513,0.09177864232159208,0.09177864232159208,1.316973007312803,131.6973007312803,0.007851095454432577,Neutral,Low
2022-12-18,16776.1159254822,-0.04291800153749602,-0.04291800153749602,0.8791902156840283,87.91902156840283,0.00524072568161368,Neutral,Low
2022-12-19,16424.1313857393,-0.07866344731813366,-0.07866344731813366,0.7897883017073994,78.97883017073994,0.004808706671654823,Neutral,Low
2022-12-20,16901.8169362946,0.3104713831434112,0.3104713831434112,2.5380958878016555,253.80958878016554,0.015016704401474157,Neutral,Low
2022-12-21,16800.5329707773,-0.233538578354688,-0.233538578354688,0.4962796329233594,49.62796329233594,0.00295395172157088,Neutral,Low
2022-12-22,16814.2225791935,0.2524648947766989,0.2524648947766989,2.132712586611257,213.2712586611257,0.012683979747302435,Neutral,Low
2022-12-23,16780.5169798363,0.09246937370857972,0.09246937370857972,1.3197048605763475,131.97048605763476,0.007864506571294097,Neutral,Low
2022-12-24,16837.612170076,-0.15771247589974324,-0.15771247589974324,0.6230444417297188,62.304444172971884,0.0037003135328001,Neutral,Low
2022-12-25,16824.8389736996,0.25405246319664043,0.25405246319664043,2.1428942950571157,214.28942950571158,0.01273649214953477,Neutral,Low
2022-12-26,16879.9382273524,0.22973761032049725,0.22973761032049725,1.9921467596297344,199.21467596297344,0.01180186048549421,Neutral,Low
2022-12-27,16698.9112708942,-0.6365160516050993,-0.3819096309630596,0.31799205115281237,31.799205115281236,0.0019042681645183948,Elevated,Low
2022-12-28,16536.2942001753,0.3870664679326433,0.3870664679326433,3.0,300.0,0.018141912351608967,Neutral,Low
2022-12-29,16630.5931551724,-0.6203204871256232,-0.37219229227537387,0.32739860436846896,32.7398604368469,0.001968652598940179,Elevated,Low
2022-12-30,16593.6888287551,-0.0970465290771221,-0.0970465290771221,0.7474113416563749,74.74113416563749,0.0045041904146183,Neutral,Low
2022-12-31,16524.2178024547,-0.08028576708706055,-0.08028576708706055,0.7859537729987417,78.59537729987417,0.00475637505142293,Neutral,Low
2023-01-01,16606.7520432496,0.3016184990632767,0.3016184990632767,2.4715747477550805,247.15747477550804,0.014882950870334331,Neutral,Low
2023-01-02,16688.7192729398,-0.18992975397764655,-0.18992975397764655,0.5656446289958873,56.56446289958873,0.0033893830901275995,Neutral,Low
2023-01-03,16670.0773836937,-0.397297811327898,-0.397297811327898,0.3036457861733863,30.364578617338626,0.0018215019593754605,Neutral,Low
2023-01-04,16848.3660391584,0.046335720559877974,0.046335720559877974,1.1491323296917382,114.91323296917382,0.0068204378218099234,Neutral,Low
2023-01-05,16824.8001826417,0.1368469339410038,0.1368469339410038,1.5076328953046614,150.76328953046612,0.008960777417494088,Neutral,Low
2023-01-06,16957.8622738165,-0.1254027628732023,-0.1254027628732023,0.6864593364829278,68.64593364829278,0.004048029907300543,Neutral,Low
2023-01-07,16942.6285891292,0.2282732058083256,0.2282732058083256,1.9834140299371252,198.34140299371253,0.011706648820772308,Neutral,Low
2023-01-08,17059.2399444769,-0.01996288905074019,-0.01996288905074019,0.941869388748514,94.1869388748514,0.005521168538657279,Neutral,Low
2023-01-09,17182.3198521333,-0.629986961525565,-0.377992176915339,0.3217512553936918,32.17512553936918,0.00187257167927615,Elevated,Low
2023-01-10,17433.9146320865,0.44103975958593217,0.6615596393788983,3.0,300.0,0.01720783922205634,Value,Low
2023-01-11,17833.7107656341,-0.15666854532375837,-0.15666854532375837,0.6249987457977962,62.49987457977962,0.0035045916916079,Neutral,Low
2023-01-12,18869.7044842198,0.47335354683814124,0.7100303202572118,3.0,300.0,0.015898500172638184,Value,Low
2023-01-13,19868.7247454705,0.29552569420401237,0.29552569420401237,2.426808652833999,242.68086528339992,0.012214214469840307,Neutral,Low
2023-01-14,21010.9227200468,-0.014886276160410068,-0.014886276160410068,0.9563236965903449,95.6323696590345,0.00455155496658842,Neutral,Low
2023-01-15,20876.0085561075,-0.27993531484471257,-0.27993531484471257,0.43179430734492186,43.179430734492186,0.00206837579216548,Neutral,Low
2023-01-16,21180.4119485681,0.13528221617358216,0.13528221617358216,1.5005724198125747,150.05724198125748,0.00708471782067497,Neutral,Low
2023-01-17,21178.2993962595,-0.4565702593305031,-0.4565702593305031,0.25418046350698187,25.418046350698187,0.0012001929841065288,Neutral,Low
2023-01-18,20709.6686040327,-0.08584163773143999,-0.08584163773143999,0.7729623691119013,77.29623691119014,0.003732374399083266,Neutral,Low
2023-01-19,21071.8334152542,-0.03619096868991832,-0.03619096868991832,0.89711348741421,89.711348741421,0.004257405939650115,Neutral,Low
2023-01-20,22660.7169421391,-0.10246101729417542,-0.10246101729417542,0.7353688625233483,73.53688625233484,0.0032451261996741215,Neutral,Low
2023-01-21,22803.172761543,0.34774747701388753,0.5216212155208313,3.0,300.0,0.013156063988864864,Value,Low
2023-01-22,22716.2771966686,0.19588083330696535,0.19588083330696535,1.7997405217380873,179.97405217380873,0.00792269132022224,Neutral,Low
2023-01-23,22929.0248936295,-0.29986124666603675,-0.29986124666603675,0.4067389336564671,40.67389336564671,0.0017739041914925642,Neutral,Low
2023-01-24,22611.1268787259,-0.09977814208096042,-0.09977814208096042,0.7413114539715578,74.13114539715579,0.0032785250286178113,Neutral,Low
2023-01-25,23109.0845189947,0.08488014008958165,0.08488014008958165,1.2899976804468472,128.9997680446847,0.005582210231593221,Neutral,Low
2023-01-26,23008.6894766219,0.20373711732788236,0.20373711732788236,1.8426621598529624,184.26621598529624,0.008008548951582874,Neutral,Low
2023-01-27,23070.4964582116,0.25131886718516805,0.25131886718516805,2.1253927345430315,212.53927345430316,0.009212600770827927,Neutral,Low
2023-01-28,23008.8094649328,0.8596930583824035,2.5,3.0,300.0,0.013038484257832772,Deep Value,Low
2023-01-29,23774.9963679135,0.2945384714495915,0.2945384714495915,2.419631883516755,241.9631883516755,0.010177212421290908,Neutral,Low
2023-01-30,22799.427261543,0.4686540705049826,0.7029811057574739,3.0,300.0,0.01315822527287893,Value,Low
2023-01-31,23130.0519132087,0.2588072709447404,0.2588072709447404,2.1736804979500524,217.36804979500525,0.009397646430308035,Neutral,Low
2023-02-01,23727.2026075395,-0.0590551132004378,-0.0590551132004378,0.8376412777980713,83.76412777980713,0.0035302993431341302,Neutral,Low
2023-02-02,23505.6048430742,0.17176531476724344,0.17176531476724344,1.6741338788736888,167.41338788736888,0.007122275261795543,Neutral,Low
2023-02-03,23445.8131773816,0.3171149122468035,0.3171149122468035,2.589189097034303,258.9189097034303,0.011043289808058859,Neutral,Low
2023-02-04,23355.5243863238,-0.2287165243334211,-0.2287165243334211,0.5035110740117892,50.35110740117892,0.002155854288189856,Neutral,Low
2023-02-05,22957.2251905319,-0.05450958524844226,-0.05450958524844226,0.8491420809370801,84.91420809370801,0.0036988010262115054,Neutral,Low
2023-02-06,22745.1650371128,0.10730200951570949,0.10730200951570949,1.3797551122724923,137.97551122724923,0.006066146849324572,Neutral,Low
2023-02-07,23266.2692036821,-0.26653476162240275,-0.26653476162240275,0.44950680557288136,44.95068055728814,0.0019320106787973673,Neutral,Low
2023-02-08,22937.5799453536,0.013165969629934746,0.015799163555921696,1.048538710608942,104.8538710608942,0.004571269999306712,Neutral,Medium
2023-02-09,21818.1989456458,0.09908193388390266,0.11889832066068318,1.4286000260623992,142.86000260623993,0.006547744979415459,Neutral,Medium
2023-02-10,21620.5667837522,0.047645978199260766,0.057175173839112914,1.1871144393074249,118.71144393074249,0.0054906721511090925,Neutral,Medium
2023-02-11,21864.8626414378,-0.36864176972463675,-0.4423701236695641,0.26524260771265845,26.524260771265844,0.0012130998125274134,Neutral,Medium
2023-02-12,21772.1373252484,0.5529663123612097,0.8294494685418146,3.0,300.0,0.013779078990655653,Value,Low
2023-02-13,21798.7157168323,0.24275337456716212,0.24275337456716212,2.071473363096975,207.1473363096975,0.009502731215937858,Neutral,Low
2023-02-14,22222.415043834,-0.47596143238524824,-0.47596143238524824,0.23981576478624506,23.981576478624504,0.0010791615776827377,Neutral,Low
2023-02-15,24304.6129827586,-0.3059966711614399,-0.3671960053937279,0.3323428985252174,33.23428985252174,0.0013674066678657974,Neutral,Medium
2023-02-16,23742.4488354763,-0.054492134028029826,-0.06539056083363579,0.8218711216756238,82.18711216756238,0.003461610583519811,Neutral,Medium
2023-02-17,24607.3356054939,0.3262160699042602,0.39145928388511225,3.0,300.0,0.012191486506691168,Neutral,Medium
2023-02-18,24636.5266127995,0.02987799593069544,0.03585359511683452,1.1135585467359266,111.35585467359266,0.0045199494402648295,Neutral,Medium
2023-02-19,24366.9907606663,0.6327435379903273,0.949115306985491,3.0,300.0,0.012311737749918065,Value,Low
2023-02-20,24797.8430359439,0.564457031314392,0.8466855469715879,3.0,300.0,0.012097826394221342,Value,Low
2023-02-21,24400.3893898305,0.0032011805458453148,0.0038414166550143776,1.011590909956367,101.15909099563669,0.004145798223933155,Neutral,Medium
2023-02-22,24163.7389812975,-0.28865151458992855,-0.34638181750791425,0.3537568548573748,35.37568548573748,0.001463998825393616,Neutral,Medium
2023-02-23,23910.0342104033,-0.45561054095637216,-0.5467326491476465,0.2,20.0,0.000836468899375224,Neutral,Medium
2023-02-24,23175.8242036821,-0.04761021493394504,-0.05713225792073404,0.8424872303187301,84.24872303187301,0.0036351985712114545,Neutral,Medium
2023-02-25,23159.8154403857,-0.4414725788315247,-0.5297670945978296,0.2040681476543347,20.40681476543347,0.0008811302843911445,Neutral,Medium
2023-02-26,23542.0964281122,0.04073560855674643,0.04888273026809572,1.1579465151299324,115.79465151299324,0.004918621069562861,Neutral,Medium
2023-02-27,23504.1894178843,-0.7089695897191417,-0.510458104597782,0.21623828375763304,21.623828375763303,0.0009199988985499652,Elevated,Medium
2023-02-28,23145.9491277031,0.24924675736377816,0.29909610883653376,2.4529425053789637,245.29425053789637,0.010597718381930889,Neutral,Medium
2023-03-01,23610.6590902981,0.6211821109091606,0.931773166363741,3.0,300.0,0.01270612560423074,Value,Low
2023-03-02,23470.0254815897,-0.2761324070738732,-0.2761324070738732,0.43674873724679447,43.67487372467945,0.001860878837091114,Neutral,Low
2023-03-03,22350.0962340736,0.2368461372739489,0.28421536472873865,2.3458459759746306,234.58459759746307,0.010495909956746836,Neutral,Medium
2023-03-04,22334.2852638808,0.7415405986778187,2.5,3.0,300.0,0.013432263287384557,Deep Value,Medium
2023-03-05,22419.8171390999,-0.10730852803616257,-0.12877023364339507,0.6795593531531288,67.95593531531287,0.0030310655476666892,Neutral,Medium
2023-03-06,22414.7033056692,-0.4648731096034342,-0.557847731524121,0.2,20.0,0.0008922714580362763,Neutral,Medium
2023-03-07,22174.6484725307,0.05269737875230414,0.06323685450276496,1.2088996473427485,120.88996473427484,0.0054517195564128,Neutral,Medium
2023-03-08,21701.3846227352,0.9398266671348126,2.5,3.0,300.0,0.013824002717582754,Deep Value,Medium
2023-03-09,20349.8141732905,0.7619742966942673,2.5,3.0,300.0,0.0147421493604475,Deep Value,Medium
2023-03-10,20240.406694623,0.2052344345623583,0.24628132147482995,2.0935139384593433,209.35139384593433,0.010343240479528008,Neutral,Medium
2023-03-11,20585.2343290473,0.048298153631037635,0.05795778435724516,1.1899048584819996,118.99048584819995,0.005780380439016694,Neutral,Medium
2023-03-12,22065.9800359439,0.4681610575637999,0.8426899036148399,3.0,300.0,0.013595589206159052,Value,Medium
2023-03-13,24154.4290946815,0.1002341495642656,0.12028097947711872,1.4345381323744448,143.45381323744448,0.005939027276328016,Neutral,Medium
2023-03-14,24769.0175691409,0.5045406148060865,0.9081731066509556,3.0,300.0,0.0121119054949423,Value,Medium
2023-03-15,24409.8017518995,0.12353885896593655,0.14824663075912387,1.5600843530653519,156.00843530653518,0.0063912209075764025,Neutral,Medium
2023-03-16,25043.2388468732,0.10039998745423753,0.12047998494508504,1.4353948308775746,143.53948308775745,0.005731666098200363,Neutral,Medium
2023-03-17,27450.6282933957,0.835173380132148,2.5,3.0,300.0,0.01092871160519763,Deep Value,Medium
2023-03-18,26985.7359915254,0.60047632680056,1.080857388241008,3.0,300.0,0.0111169841761667,Value,Medium
2023-03-19,28185.2043319696,-0.19771846523608538,-0.23726215828330244,0.49076667153947745,49.076667153947746,0.001741220910656362,Neutral,Medium
2023-03-20,27834.3361090006,-0.46363597322359573,-0.5563631678683149,0.2,20.0,0.0007185369868955752,Neutral,Medium
2023-03-21,28172.7950558153,-0.07320207072492378,-0.08784248486990853,0.7683365277701489,76.83365277701489,0.002727228612737707,Neutral,Medium
2023-03-22,27341.5571297487,-0.1550425345252869,-0.1860510414303443,0.5722649907763327,57.22649907763328,0.0020930226762896605,Neutral,Medium
2023-03-23,28387.8897495617,0.09682409538138825,0.1161889144576659,1.4170351174706821,141.7035117470682,0.004991688815096095,Neutral,Medium
2023-03-24,27464.1249453536,0.22151372590827567,0.2658164710899308,2.219871726302072,221.98717263020723,0.008082805225795594,Neutral,Medium
2023-03-25,27488.954880187,0.048567629063071896,0.058281154875686275,1.1910597590355598,119.10597590355599,0.004332866652176837,Neutral,Medium
2023-03-26,28049.3916911163,-0.6437368481031761,-0.46349053063428675,0.24895787042748777,24.895787042748776,0.0008875695885637932,Elevated,Medium
2023-03-27,27154.9963702513,-0.3541934278965291,-0.42503211347583486,0.2794040490191954,27.940404901919543,0.0010289231683539707,Neutral,Medium
2023-03-28,27283.9634029807,-0.049799617994750314,-0.05975954159370037,0.8358729720250145,83.58729720250146,0.003063605384889564,Neutral,Medium
2023-03-29,28389.2917784921,0.2825657563999507,0.3390789076799408,2.7655422366625064,276.55422366625066,0.009741497809246859,Neutral,Medium
2023-03-30,28021.5583009936,-0.3004399061614962,-0.36052788739379543,0.339058146679691,33.905814667969096,0.0012099903332915946,Neutral,Medium
2023-03-31,28514.6813062537,0.7434864156190242,2.5,3.0,300.0,0.010520896122875673,Deep Value,Medium
2023-04-01,28494.5638863238,-0.15501559184764868,-0.18601871021717842,0.5723204995324999,57.232049953249984,0.002008525211390197,Neutral,Medium
2023-04-02,28161.9980362361,0.1434694501994656,0.17216334023935873,1.676134116636963,167.6134116636963,0.005951758516850537,Neutral,Medium
2023-04-03,27850.9799436002,0.24262754760818542,0.2911530571298225,2.395181884467294,239.5181884467294,0.008599991416164429,Neutral,Medium
2023-04-04,28113.9585187025,0.10781742563058902,0.12938091075670682,1.4742401909210292,147.42401909210292,0.0052438015441344105,Neutral,Medium
2023-04-05,28190.3116063705,0.10251148368183191,0.12301378041819828,1.4463473962547222,144.6347396254722,0.0051306541639216,Neutral,Medium
2023-04-06,28049.0744763296,0.2562228518682532,0.3074674222419039,2.5153256209601396,251.53256209601395,0.00896758865638438,Neutral,Medium
2023-04-07,27936.8042609585,-0.7270476480304027,-0.5234743065818899,0.2079572145443839,20.79572145443839,0.0007443844063259688,Elevated,Medium
2023-04-08,27964.0512498539,0.008747189144871388,0.010496626973845666,1.0319909327455885,103.19909327455885,0.0036904199735758253,Neutral,Medium
2023-04-09,28357.8072703098,-0.2495050422673367,-0.299406050720804,0.40729475081877575,40.729475081877574,0.0014362702550884717,Neutral,Medium
2023-04-10,29687.5651846873,0.08763863354258906,0.10516636025110687,1.3709433516877367,137.09433516877368,0.004617904308282118,Neutral,Medium
2023-04-11,30247.0959193454,0.42245770548786377,0.7604238698781548,3.0,300.0,0.009918307555871054,Value,Medium
2023-04-12,29913.0035463472,-0.815876344125875,-0.58743096777063,0.2,20.0,0.0006686055437065022,Elevated,Medium
2023-04-13,30370.82207218,0.21385124917255965,0.2566214990070716,2.1594736188509476,215.94736188509475,0.007110356162631003,Neutral,Medium
2023-04-14,30458.9700414962,-0.027251501063312873,-0.032701801275975446,0.9065533445251227,90.65533445251226,0.0029763099122855014,Neutral,Medium
2023-04-15,30342.0591084161,-0.24682666825457994,-0.29619200190549594,0.41124094075005296,41.124094075005296,0.0013553494813276711,Neutral,Medium
2023-04-16,30312.9308533022,-0.4194879832518527,-0.4194879832518527,0.2840900681417127,28.409006814171274,0.0009371910275405283,Neutral,Low
2023-04-17,29469.5050727645,0.27948450476134495,0.27948450476134495,2.31278751684379,231.27875168437902,0.007848070441404363,Neutral,Low
2023-04-18,30366.8723813559,0.1400989606197906,0.1400989606197906,1.522413465473758,152.2413465473758,0.005013402257416743,Neutral,Low
2023-04-19,28796.7440952659,-0.7319382232175423,-0.43916293393052536,0.26780697465621167,26.780697465621166,0.0009299904661799538,Elevated,Low
2023-04-20,28251.2763790181,0.20656863826236874,0.20656863826236874,1.8583814389752518,185.83814389752519,0.006578044170618254,Neutral,Low
2023-04-21,27292.0211052016,-0.5974989858521456,-0.35849939151128735,0.34112777179508086,34.112777179508086,0.0012499175875621215,Elevated,Low
2023-04-22,27827.5475920514,-0.8542870148061928,-0.5125722088837157,0.2148711728155203,21.487117281552027,0.0007721527457809312,Elevated,Low
2023-04-23,27604.6855742256,0.0470943243639734,0.0470943243639734,1.1517505162813029,115.17505162813029,0.0041723007972120805,Neutral,Low
2023-04-24,27520.1996729982,-0.05292214531614109,-0.05292214531614109,0.8531956115229236,85.31956115229235,0.003100252257108612,Neutral,Low
2023-04-25,28302.6942180012,-0.694221365359233,-0.41653281921553975,0.28661986377114923,28.66198637711492,0.001012694627456534,Elevated,Low
2023-04-26,28384.2340333139,-0.27503119655719654,-0.27503119655719654,0.43819398011512145,43.81939801151214,0.0015437935707577086,Neutral,Low
2023-04-27,29465.5514272355,0.39818890122639555,0.5972833518395934,3.0,300.0,0.010181380814842142,Value,Low
2023-04-28,29350.811886616,-0.6853204412881525,-0.4111922647728915,0.2912489747387641,29.12489747387641,0.0009923029586502645,Elevated,Low
2023-04-29,29221.5145075979,-0.6685868185980974,-0.40115209115885847,0.3001549992823174,30.015499928231744,0.0010271712617916295,Elevated,Low
2023-04-30,29362.0867974868,-0.5351648907544457,-0.5351648907544457,0.20079020499427364,20.079020499427365,0.0006838417391077938,Neutral,Low
2023-05-01,28114.9531873174,-0.2615746759157248,-0.2615746759157248,0.45624559553809135,45.624559553809135,0.001622786253629271,Neutral,Low
2023-05-02,28690.5809959088,0.058934786662854836,0.058934786662854836,1.1933975939680634,119.33975939680634,0.0041595448838705595,Neutral,Low
2023-05-03,29045.0427735243,0.08167354489982911,0.08167354489982911,1.2776476768087448,127.76476768087448,0.004398849355365285,Neutral,Low
2023-05-04,28855.8574465225,-0.07618259399726268,-0.07618259399726268,0.7956882767254404,79.56882767254405,0.002757458440457229,Neutral,Low
2023-05-05,29552.9695236704,0.06223427714704915,0.06223427714704915,1.2052690637558021,120.52690637558021,0.00407833487863358,Neutral,Low
2023-05-06,28899.4629602572,-0.18053102816632052,-0.18053102816632052,0.5818206242575094,58.182062425750935,0.0020132575648815145,Neutral,Low
2023-05-07,28761.738434249,-0.11642801924393528,-0.11642801924393528,0.7051927863533048,70.51927863533048,0.0024518434028785023,Neutral,Low
2023-05-08,27727.2854091175,-0.04942684071612967,-0.04942684071612967,0.8621892178431776,86.21892178431776,0.0031095334617923538,Neutral,Low
2023-05-09,27642.4281092928,0.15207309201334554,0.15207309201334554,1.578096345547699,157.8096345547699,0.005708964275165019,Neutral,Low
2023-05-10,27646.004902104,0.17224627716129345,0.17224627716129345,1.6765512087364645,167.65512087364644,0.00606435256983142,Neutral,Low
2023-05-11,26986.271065751,-0.23740155148944536,-0.23740155148944536,0.4905614858252675,49.056148582526745,0.0018178187146717436,Neutral,Low
2023-05-12,26773.3443591467,-0.5007248932341258,-0.5007248932341258,0.22264545075303388,22.26454507530339,0.0008315937216000828,Neutral,Low
2023-05-13,26841.3982913501,-0.5450193182921204,-0.3270115909752722,0.37492293795138015,37.49229379513802,0.0013968085189965782,Elevated,Low
2023-05-14,26918.261597896,0.09614835419742432,0.09614835419742432,1.3343510417220175,133.43510417220173,0.004957047604538896,Neutral,Low
2023-05-15,27231.6216052016,-0.25724820541478677,-0.25724820541478677,0.46220599241446825,46.22059924144683,0.0016973135096963188,Neutral,Low
2023-05-16,27025.7181864407,-0.264499438035643,-0.264499438035643,0.4522598775191262,45.22598775191262,0.001673442586795097,Neutral,Low
2023-05-17,27401.0440610754,0.21252308352803118,0.21252308352803118,1.8918766076976075,189.18766076976075,0.006904396064181788,Neutral,Low
2023-05-18,26843.2350938048,0.0467004053928271,0.0467004053928271,1.150390231067667,115.0390231067667,0.004285587139730292,Neutral,Low
2023-05-19,26889.503631502,0.6193471088961053,0.929020663344158,3.0,300.0,0.01115676972365304,Value,Low
2023-05-20,27100.8582878434,0.2444945800936033,0.2444945800936033,2.082322256260456,208.2322256260456,0.007683602615620926,Neutral,Low
2023-05-21,26777.0977831677,-0.6268850134276999,-0.3761310080566199,0.3235527803770739,32.35527803770739,0.0012083190754916756,Elevated,Low
2023-05-22,26858.7370637054,0.3352181518832091,0.3352181518832091,2.7336957701571407,273.36957701571407,0.010178050306956626,Neutral,Low
2023-05-23,27226.8558763881,-0.12492410592647345,-0.12492410592647345,0.687445780155761,68.7445780155761,0.0025248812542910375,Neutral,Low
2023-05-24,26341.4306446522,-0.10148466716497072,-0.10148466716497072,0.7375259525456448,73.75259525456448,0.0027998705252380678,Neutral,Low
2023-05-25,26484.8359234366,0.831123010041656,2.493369030124968,3.0,300.0,0.011327236493639294,Deep Value,Low
2023-05-26,26720.3838071303,0.26251368107210155,0.26251368107210155,2.1979850255932636,219.79850255932635,0.008225873705476993,Neutral,Low
2023-05-27,26854.5403702513,-0.2213022179230948,-0.2213022179230948,0.514836114224588,51.4836114224588,0.001917128750395255,Neutral,Low
2023-05-28,28097.5211259497,0.11635587132522893,0.11635587132522893,1.417745046480445,141.7745046480445,0.005045801158491077,Neutral,Low
2023-05-29,27765.0728693746,-0.347816117830679,-0.347816117830679,0.3522379443483643,35.22379443483643,0.0012686368445907787,Neutral,Low
2023-05-30,27712.4915844535,-0.16442257651278644,-0.16442257651278644,0.6106277640899159,61.062776408991596,0.0022034386992199344,Neutral,Low
2023-05-31,27217.6832580362,0.26268846139296165,0.26268846139296165,2.199137821379935,219.9137821379935,0.008079812673735283,Neutral,Low
2023-06-01,26825.3713451198,-0.2486787423561172,-0.2486787423561172,0.4742426221969284,47.42426221969284,0.0017678883773707943,Neutral,Low
2023-06-02,27255.2279941555,-0.12529640342529555,-0.12529640342529555,0.6866784057393132,68.66784057393131,0.0025194373933931564,Neutral,Low
2023-06-03,27079.4084643483,-0.012530557305673741,-0.012530557305673741,0.9631061238891794,96.31061238891793,0.0035565995658921705,Neutral,Low
2023-06-04,27158.25456955,0.3028351313353712,0.3028351313353712,2.4806122234520935,248.06122234520936,0.009133916235667703,Neutral,Low
2023-06-05,25785.8514842198,0.04504986766957139,0.04504986766957139,1.1447080233064495,114.47080233064494,0.004439287273515005,Neutral,Low
2023-06-06,27213.7705187025,0.27028911020593166,0.27028911020593166,2.249858511852129,224.98585118521288,0.008267353141329413,Neutral,Low
2023-06-07,26339.5790292227,-0.1027985913056482,-0.1027985913056482,0.734624515244908,73.4624515244908,0.002789051846386276,Neutral,Low
2023-06-08,26521.693600526,0.25317378527455187,0.25317378527455187,2.1372529919371925,213.72529919371925,0.008058508721685877,Neutral,Low
2023-06-09,26470.6775780245,-0.3173222671322018,-0.3173222671322018,0.3859811281959333,38.598112819593325,0.0014581460072498036,Neutral,Low
2023-06-10,25863.2138506721,0.37786828322624516,0.5668024248393677,3.0,300.0,0.011599486503577125,Value,Low
2023-06-11,25906.8281516657,-0.6631079559915519,-0.39786477359493116,0.303129758040601,30.3129758040601,0.0011700766927776568,Elevated,Low
2023-06-12,25906.7519354179,0.023527547084783166,0.023527547084783166,1.0731332508442248,107.31332508442249,0.0041422917605395074,Neutral,Low
2023-06-13,25880.8599734074,0.5037859237111736,0.7556788855667604,3.0,300.0,0.011591577726097594,Value,Low
2023-06-14,25097.5853796026,0.3181873881483669,0.3181873881483669,2.5975330415890405,259.75330415890403,0.010349732861951401,Neutral,Low
2023-06-15,25559.1433293396,0.05756660279438015,0.05756660279438015,1.1885092710076963,118.85092710076964,0.004650035627928869,Neutral,Low
2023-06-16,26331.8200943892,0.01181925238888083,0.01181925238888083,1.0360938796625179,103.60938796625179,0.003934759830306183,Neutral,Low
2023-06-17,26514.1713495032,0.19158011202934577,0.19158011202934577,1.7766691301559876,177.66691301559877,0.006700828423926125,Neutral,Low
2023-06-18,26353.962682934,-0.27815620568496774,-0.27815620568496774,0.43410509619968757,43.41050961996876,0.0016472099525313528,Neutral,Low
2023-06-19,26778.0634415547,-0.3860310851720371,-0.3860310851720371,0.31408448915800924,31.408448915800925,0.0011729171149494218,Neutral,Low
2023-06-20,28305.4204573349,0.09798936723210025,0.09798936723210025,1.3417411037191398,134.17411037191397,0.004740226719972459,Neutral,Low
2023-06-21,30099.5153509643,0.1846915719303607,0.22162988631643285,1.9442759760464217,194.42759760464216,0.006459492630947404,Neutral,Medium
2023-06-22,29952.5112866745,-0.27563670175411753,-0.33076404210494104,0.37072596566802923,37.07259656680292,0.0012377124646405211,Neutral,Medium
2023-06-23,30638.3537644652,-0.17793672453004208,-0.21352406943605048,0.5269907892443849,52.69907892443849,0.0017200362437736335,Neutral,Medium
2023-06-24,30549.0162872589,0.3256797567284152,0.3908157080740982,3.0,300.0,0.009820283480784984,Neutral,Medium
2023-06-25,30467.4403705435,-0.014843058321800946,-0.017811669986161134,0.947967547452144,94.7967547452144,0.0031114118413723296,Neutral,Medium
2023-06-26,30255.8861241964,-0.3251649806488142,-0.39019797677857704,0.31018265965449604,31.018265965449604,0.0010251977363387652,Neutral,Medium
2023-06-27,30667.0762948568,-0.18409951922620793,-0.18409951922620793,0.5756251809154788,57.56251809154788,0.0018770135613221707,Neutral,Low
2023-06-28,30104.0432717709,0.12784095513166643,0.12784095513166643,1.467445105777123,146.7445105777123,0.0048745781173958535,Neutral,Low
2023-06-29,30460.792978083,-0.041197694217717656,-0.041197694217717656,0.883739376609562,88.3739376609562,0.0029012356219531967,Neutral,Low
2023-06-30,30484.503257744,0.6081465124728608,0.9122197687092912,3.0,300.0,0.009841065719966777,Value,Low
2023-07-01,30581.6889655172,0.6029793533435509,0.9044690300153264,3.0,300.0,0.009809791746239688,Value,Low
2023-07-02,30594.2164736996,0.256811738475442,0.256811738475442,2.1607064219488246,216.07064219488245,0.007062466933272443,Neutral,Low
2023-07-03,31135.3575993571,-0.0328759034706883,-0.0328759034706883,0.9060799693786439,90.60799693786439,0.0029101318861915145,Neutral,Low
2023-07-04,30799.9474558738,-0.15475682687149575,-0.15475682687149575,0.6285935091125416,62.85935091125416,0.0020408914983154093,Neutral,Low
2023-07-05,30497.8221282876,0.4826315005087887,0.7239472507631831,3.0,300.0,0.009836767974384028,Value,Low
2023-07-06,29979.7298094681,-0.05049330567757805,-0.05049330567757805,0.8594351421074381,85.94351421074381,0.0028667207729004087,Neutral,Low
2023-07-07,30329.8829786674,-0.045970307260337705,-0.045970307260337705,0.8711762911219767,87.11762911219768,0.002872336473354417,Neutral,Low
2023-07-08,30263.6196341321,0.4294612987114137,0.6441919480671205,3.0,300.0,0.009912892232548818,Value,Low
2023-07-09,30163.2210563998,0.4975226641916021,0.7462839962874032,3.0,300.0,0.009945887391769397,Value,Low
2023-07-10,30394.6555806546,-0.4598367219101255,-0.4598367219101255,0.2517018150430547,25.17018150430547,0.0008281120816623312,Neutral,Low
2023-07-11,30616.247094097,0.30056993451807346,0.30056993451807346,2.4638121465848437,246.38121465848437,0.008047400907800623,Neutral,Low
2023-07-12,30385.6087852133,0.0921653869717148,0.0921653869717148,1.3185018908674009,131.8501890867401,0.0043392314440283,Neutral,Low
2023-07-13,31434.7354704851,0.010626813117582599,0.010626813117582599,1.0323940642233798,103.23940642233798,0.003284246069742568,Neutral,Low
2023-07-14,30310.6720204559,0.06353603254061527,0.06353603254061527,1.2099851630869325,120.99851630869325,0.00399194436293047,Neutral,Low
2023-07-15,30290.8905958504,-0.31540255864705363,-0.31540255864705363,0.3882104552620065,38.82104552620065,0.0012816079277483776,Neutral,Low
2023-07-16,30249.7729658095,0.1229590441053382,0.1229590441053382,1.4461099125829693,144.61099125829693,0.004780564516029486,Neutral,Low
2023-07-17,30143.7462744009,-0.5044373384486247,-0.5044373384486247,0.22017953101577967,22.017953101577966,0.000730431874696224,Neutral,Low
2023-07-18,29835.7474076563,-0.07339840421469532,-0.07339840421469532,0.8023621514361883,80.23621514361882,0.0026892644600895435,Neutral,Low
2023-07-19,29913.0294646406,0.42378881449516154,0.6356832217427423,3.0,300.0,0.010029074465848472,Value,Low
2023-07-20,29805.6065707189,-0.23660017432550998,-0.23660017432550998,0.49174227896425887,49.17422789642589,0.0016498314764959278,Neutral,Low
2023-07-21,29919.6934921099,0.22875648814738314,0.22875648814738314,1.9862917624841263,198.62917624841262,0.006638743685686252,Neutral,Low
2023-07-22,29726.0096271186,-0.337182183688738,-0.337182183688738,0.3636561316690294,36.36561316690294,0.0012233600682725718,Neutral,Low
2023-07-23,30066.5724482759,0.19106905087043002,0.19106905087043002,1.7739472575002575,177.39472575002574,0.005900064799710752,Neutral,Low
2023-07-24,29178.3597042665,-0.5119822641742702,-0.5119822641742702,0.21525179587084903,21.525179587084903,0.0007377104061109187,Neutral,Low
2023-07-25,29221.2548533022,0.18790474609972424,0.18790474609972424,1.7571870058697876,175.71870058697877,0.0060133865389809344,Neutral,Low
2023-07-26,29361.5917580362,-0.22074747643077292,-0.22074747643077292,0.5156936304393256,51.56936304393256,0.0017563544738618657,Neutral,Low
2023-07-27,29201.6865175336,-0.0877515547622503,-0.0877515547622503,0.7685461511300247,76.85461511300247,0.0026318553576299974,Neutral,Low
2023-07-28,29316.3130751023,0.14913664588106124,0.14913664588106124,1.5642554150468795,156.42554150468794,0.0053357849298429245,Neutral,Low
2023-07-29,29360.376179135,0.38987741184083957,0.5848161177612594,3.0,300.0,0.010217852733548949,Value,Low
2023-07-30,29262.8367337814,-0.3014224150766176,-0.3014224150766176,0.40483842373083107,40.48384237308311,0.0013834558399578544,Neutral,Low
2023-07-31,29219.8201887785,0.10790885974387654,0.10790885974387654,1.382269314308279,138.2269314308279,0.004730588023396263,Neutral,Low
2023-08-01,29499.5875385739,0.1605531422149702,0.1605531422149702,1.6187583854367986,161.87583854367986,0.00548739328412676,Neutral,Low
2023-08-02,29143.1519620105,-0.12649897320524756,-0.12649897320524756,0.6842055330265937,68.42055330265937,0.002347740333367127,Neutral,Low
2023-08-03,29192.3448617767,0.13761806196264234,0.13761806196264234,1.5111246665671443,151.11246665671442,0.005176441542199479,Neutral,Low
2023-08-04,29057.2532437171,0.13299272821814456,0.13299272821814456,1.4903011068191327,149.03011068191327,0.005128843715265389,Neutral,Low
2023-08-05,29053.0956975453,0.08112593190776247,0.08112593190776247,1.2755504305980325,127.55504305980325,0.004390411417347873,Neutral,Low
2023-08-06,29048.0433275862,-0.03875084133252358,-0.03875084133252358,0.8902503853240346,89.02503853240346,0.0030647516436282164,Neutral,Low
2023-08-07,29164.3585873758,0.5815601012009762,0.8723401518014644,3.0,300.0,0.010286528301358193,Value,Low
2023-08-08,29779.511383986,-0.42048586563192436,-0.42048586563192436,0.2832408744489923,28.32408744489923,0.0009511266682545562,Neutral,Low
2023-08-09,29582.9442375804,0.1641948949268272,0.1641948949268272,1.6365406999687924,163.65406999687923,0.0055320413236280555,Neutral,Low
2023-08-10,29430.1599117475,-0.10625266634443795,-0.10625266634443795,0.7270514751781879,72.70514751781879,0.002470429917331078,Neutral,Low
2023-08-11,29399.784739626,0.15226777381559356,0.15226777381559356,1.5790182946735847,157.90182946735848,0.005370849850289318,Neutral,Low
2023-08-12,29415.733902104,0.19944118990192405,0.19944118990192405,1.8190667042618633,181.90667042618634,0.006183992248215681,Neutral,Low
2023-08-13,29286.1176110462,0.4920081350507638,0.7380122025761457,3.0,300.0,0.010243761361077283,Value,Low
2023-08-14,29408.9717127411,0.27532302252245483,0.27532302252245483,2.284093133765692,228.40931337656917,0.00776665419000738,Neutral,Low
2023-08-15,29167.59721654,0.19494535404283564,0.19494535404283564,1.7946967427577998,179.46967427577997,0.006153049664783787,Neutral,Low
2023-08-16,28754.2924079486,0.12371845219653807,0.12371845219653807,1.4494082310160603,144.94082310160604,0.005040667356555774,Neutral,Low
2023-08-17,26660.5627264757,0.7824634306945953,2.347390292083786,3.0,300.0,0.011252575689337577,Deep Value,Low
2023-08-18,26037.3658474576,0.21949459101020155,0.21949459101020155,1.931860972950663,193.1860972950663,0.00741957148917696,Neutral,Low
2023-08-19,26093.981808007,0.06575547714475256,0.06575547714475256,1.2180685292222833,121.80685292222833,0.004668005589122148,Neutral,Low
2023-08-20,26176.4721642315,0.667860473476419,1.0017907102146284,3.0,300.0,0.011460673467295226,Value,Low
2023-08-21,26128.9050160725,0.2942558598215134,0.2942558598215134,2.417581304597908,241.7581304597908,0.0092525167170641,Neutral,Low
2023-08-22,25978.2096914085,0.4913175388523755,0.7369763082785632,3.0,300.0,0.011548139905084215,Value,Low
2023-08-23,26452.1935882525,0.29702600003472646,0.29702600003472646,2.437756136729094,243.7756136729094,0.009215705036317703,Neutral,Low
2023-08-24,26126.7943331385,-0.33491908926184966,-0.33491908926184966,0.3661334964131605,36.61334964131605,0.0014013716789922708,Neutral,Low
2023-08-25,26040.881255114,0.09988352662222709,0.09988352662222709,1.3493872221270218,134.93872221270217,0.005181803215135142,Neutral,Low
2023-08-26,26006.1740800701,0.2593333182430861,0.2593333182430861,2.1771135824450107,217.71135824450107,0.008371525837448913,Neutral,Low
2023-08-27,26086.3612594974,0.03183649094081869,0.03183649094081869,1.1002192441661345,110.02192441661344,0.004217603341537608,Neutral,Low
2023-08-28,26103.2765730567,-0.026948027586497218,-0.026948027586497218,0.922337488550125,92.2337488550125,0.003533416527111941,Neutral,Low
2023-08-29,27672.2221306254,-0.07859943671544124,-0.07859943671544124,0.7899399807461085,78.99399807461084,0.00285463153995091,Neutral,Low
2023-08-30,27298.997779661,0.03086808790964029,0.03086808790964029,1.097027515777183,109.70275157771829,0.004018563335663987,Neutral,Low
2023-08-31,25954.8665935126,0.10034725779998319,0.10034725779998319,1.3512657873252132,135.12657873252132,0.005206213572536571,Neutral,Low
2023-09-01,25802.7885298071,-0.0696235759346634,-0.0696235759346634,0.811500133267382,81.1500133267382,0.0031450094331081538,Neutral,Low
2023-09-02,25868.2960976037,0.013863272030062898,0.013863272030062898,1.0424667879378902,104.24667879378902,0.004029901250567712,Neutral,Low
2023-09-03,25962.5475689655,0.27528490737456807,0.27528490737456807,2.2838319730545034,228.38319730545032,0.008796640495266714,Neutral,Low
2023-09-04,25799.5256870251,-0.17128371483663016,-0.17128371483663016,0.5981874309189914,59.81874309189914,0.002318598559429436,Neutral,Low
2023-09-05,25782.3622200468,0.12836133961568566,0.12836133961568566,1.4697378019293217,146.97378019293217,0.005700555245424885,Neutral,Low
2023-09-06,25754.7902676797,0.07846580412923145,0.07846580412923145,1.2654115590478219,126.54115590478219,0.004913305625461905,Neutral,Low
2023-09-07,26210.6045637054,0.39447736135946027,0.5917160420391904,3.0,300.0,0.011445748962823195,Value,Low
2023-09-08,25904.6982127411,-0.1066880055473641,-0.1066880055473641,0.726102552938574,72.61025529385739,0.0028029763055932608,Neutral,Low
2023-09-09,25894.6205976037,0.22764557696938048,0.22764557696938048,1.9796830000580707,197.96830000580707,0.007645151596626487,Neutral,Low
2023-09-10,25831.4647802455,0.012533910928717275,0.012533910928717275,1.0383176226536053,103.83176226536052,0.004019584764111612,Neutral,Low
2023-09-11,25135.0393781414,-0.27809050799949153,-0.27809050799949153,0.43419066373201504,43.4190663732015,0.0017274318022736318,Neutral,Low
2023-09-12,25859.7018068381,0.4226926441395449,0.6340389662093173,3.0,300.0,0.011601061846763863,Value,Low
2023-09-13,26226.8667524839,-0.22294278473754417,-0.22294278473754417,0.5123084703482369,51.23084703482369,0.001953372757726453,Neutral,Low
2023-09-14,26556.056943308,-0.23739373585702775,-0.23739373585702775,0.49057298810486766,49.05729881048676,0.001847311101765391,Neutral,Low
2023-09-15,26672.6160818235,-0.07907860154133407,-0.07907860154133407,0.7888052621573387,78.88052621573387,0.0029573599370137644,Neutral,Low
2023-09-16,26555.6361031561,-0.3762161584391623,-0.3762161584391623,0.32347013900387495,32.347013900387495,0.0012180846948924376,Neutral,Low
2023-09-17,26502.4321189363,-0.00046193738749766844,-0.00046193738749766844,0.9986151476317658,99.86151476317659,0.0037680132266738023,Neutral,Low
2023-09-18,26764.6319064874,0.5256299129482896,0.7884448694224344,3.0,300.0,0.011208822189229656,Value,Low
2023-09-19,27215.0504848042,0.18196564627892892,0.18196564627892892,1.7261559445433907,172.61559445433906,0.006342652002454331,Neutral,Low
2023-09-20,27133.4037235535,0.3759230648264233,0.3759230648264233,3.0,300.0,0.01105648237340681,Neutral,Low
2023-09-21,26571.5952919345,0.5755823531296785,0.8633735296945177,3.0,300.0,0.011290251740777548,Value,Low
2023-09-22,26581.1476116306,0.34602906396906147,0.34602906396906147,2.823810437670472,282.3810437670472,0.01062335787351375,Neutral,Low
2023-09-23,26575.776386616,-0.20626998553428672,-0.20626998553428672,0.5385849958911509,53.85849958911509,0.002026601172646799,Neutral,Low
2023-09-24,26286.6410488019,0.2174369717182577,0.2174369717182577,1.91997260009647,191.99726000964702,0.0073039860685584984,Neutral,Low
2023-09-25,26288.8095005845,0.8440611875491373,2.5,3.0,300.0,0.011411699719355108,Deep Value,Low
2023-09-26,26194.5378880772,0.17484264816393164,0.17484264816393164,1.689661046286571,168.96610462865712,0.006450432733366308,Neutral,Low
2023-09-27,26336.0825973115,-0.1278005997640332,-0.1278005997640332,0.6815390023751904,68.15390023751904,0.002587852615729436,Neutral,Low
2023-09-28,27033.4254415546,0.48210872478384087,0.7231630871757613,3.0,300.0,0.011097372793121996,Value,Low
2023-09-29,26911.2514739918,-0.4098109153771302,-0.4098109153771302,0.29245842881171524,29.245842881171523,0.0010867514990685577,Neutral,Low
2023-09-30,26977.6933126826,-0.5391369485416894,-0.3234821691250136,0.3789138125141811,37.89138125141811,0.0014045448887064346,Elevated,Low
2023-10-01,27950.1453594389,0.524066115426822,0.786099173140233,3.0,300.0,0.01073339677278954,Value,Low
2023-10-02,27565.8892954413,0.36243163787803995,0.36243163787803995,2.966239276628997,296.6239276628997,0.010760542657767758,Neutral,Low
2023-10-03,27439.1422393337,0.26772502502385787,0.26772502502385787,2.2326184178495643,223.26184178495643,0.008136618843168979,Neutral,Low
2023-10-04,27797.251176505,-0.08056820170970211,-0.08056820170970211,0.7852881133746814,78.52881133746814,0.0028250567237325555,Neutral,Low
2023-10-05,27426.3450926359,-0.3318313721739672,-0.3318313721739672,0.3695408032083422,36.95408032083422,0.001347393544273479,Neutral,Low
2023-10-06,27941.9633760959,0.6918346750134932,1.0377520125202397,3.0,300.0,0.01073653973280372,Value,Low
2023-10-07,27972.7515704266,0.9044402268101261,2.5,3.0,300.0,0.010724722565983337,Deep Value,Low
2023-10-08,27936.3261157218,-0.06525764375136048,-0.06525764375136048,0.8221989091586127,82.21989091586127,0.0029431175228724926,Neutral,Low
2023-10-09,27591.3467618352,-0.5407121261889928,-0.32442727571339564,0.37784099230514784,37.784099230514784,0.0013694184469015614,Elevated,Low
2023-10-10,27419.7971803039,-0.0027989082266904573,-0.0027989082266904573,0.991638429350889,99.1638429350889,0.0036165053403939816,Neutral,Low
2023-10-11,26828.1725710111,0.2819796837674085,0.2819796837674085,2.330164931915535,233.01649319155348,0.008685514921852598,Neutral,Low
2023-10-12,26741.3405990649,0.022424285192574188,0.022424285192574188,1.0695872812182874,106.95872812182874,0.003999751909430035,Neutral,Low
2023-10-13,26842.4467703098,-0.12561248239084727,-0.12561248239084727,0.6860275805558469,68.60275805558469,0.0025557565091817785,Neutral,Low
2023-10-14,26861.9892375804,-0.005807480550806342,-0.005807480550806342,0.9827284515042671,98.27284515042672,0.003658435132307374,Neutral,Low
2023-10-15,27130.3067092344,0.7201554534020178,1.0802331801030267,3.0,300.0,0.011057744507469514,Value,Low
2023-10-16,28506.7936741671,0.08774658473012642,0.08774658473012642,1.3011386349986458,130.11386349986458,0.004564310703864741,Neutral,Low
2023-10-17,28433.2051522501,-0.33502393691091165,-0.33502393691091165,0.3660183498143598,36.601834981435985,0.0012872919104774036,Neutral,Low
2023-10-18,28328.0750195792,-0.05854589388990161,-0.05854589388990161,0.8389218850558093,83.89218850558093,0.0029614503790885227,Neutral,Low
2023-10-19,28690.358041204,0.15595300776035312,0.15595300776035312,1.5965723072953866,159.65723072953867,0.005564839257155489,Neutral,Low
2023-10-20,29704.9853673291,-0.6825779817217392,-0.40954678903304353,0.2926902585749052,29.269025857490522,0.0009853236921531002,Elevated,Low
2023-10-21,29922.5464044418,0.0800245190471336,0.0800245190471336,1.271342663214139,127.13426632141389,0.004248778315957149,Neutral,Low
2023-10-22,29984.1593196961,-0.26432911936536924,-0.26432911936536924,0.45249102146916437,45.249102146916435,0.001509100244047631,Neutral,Low
2023-10-23,32954.1690482174,0.26301222146900033,0.26301222146900033,2.2012748381177936,220.12748381177937,0.006679806839908372,Neutral,Low
2023-10-24,33880.9566537113,-0.015315348656944498,-0.015315348656944498,0.9550934919427043,95.50934919427043,0.0028189684893035155,Neutral,Low
2023-10-25,34488.6589210988,-0.21785264407986166,-0.21785264407986166,0.5201916736039435,52.01916736039435,0.0015082977705628059,Neutral,Low
2023-10-26,34181.4922521917,-0.5777556355083866,-0.3466533813050319,0.3534687695593305,35.34687695593305,0.0010340940265317592,Elevated,Low
2023-10-27,33896.938528346,0.016321812721351803,0.016321812721351803,1.0501840538238079,105.01840538238079,0.0030981678565030328,Neutral,Low
2023-10-28,34091.5890327294,-0.326504979572845,-0.326504979572845,0.37549319189352826,37.54931918935283,0.0011014247283487979,Neutral,Low
2023-10-29,34574.3377206312,-0.311721124492273,-0.311721124492273,0.3925217326526648,39.252173265266485,0.0011352979074373975,Neutral,Low
2023-10-30,34495.1050207481,-0.191552008867642,-0.191552008867642,0.5628984576050188,56.289845760501876,0.0016318212606294337,Neutral,Low
2023-10-31,34636.4264736996,0.4307976808324542,0.6461965212486813,3.0,300.0,0.00866140160930858,Value,Low
2023-11-01,35431.9794532437,-0.19833888846983277,-0.19833888846983277,0.5515533739283995,55.155337392839954,0.001556654136854627,Neutral,Low
2023-11-02,34882.9173366452,0.4448351287938096,0.6672526931907143,3.0,300.0,0.008600198117169633,Value,Low
2023-11-03,34708.2218804792,0.10472248231535239,0.10472248231535239,1.3691189721451142,136.9118972145114,0.003944653162757214,Neutral,Low
2023-11-04,35091.0763062537,-0.21115410767067613,-0.21115410767067613,0.5307509847474274,53.075098474742745,0.0015124955989247913,Neutral,Low
2023-11-05,35105.0420265926,0.2049691070987437,0.2049691070987437,1.8494851837256836,184.94851837256837,0.005268431760670364,Neutral,Low
2023-11-06,35017.7151484512,0.31360524308821913,0.31360524308821913,2.5620705220448574,256.20705220448576,0.007316498267186846,Neutral,Low
2023-11-07,35418.4768901227,-0.15882898621621483,-0.15882898621621483,0.6209610262694482,62.09610262694481,0.0017532121107178896,Neutral,Low
2023-11-08,35797.8946090006,0.6079233770409327,0.911885065561399,3.0,300.0,0.008380381116731138,Value,Low
2023-11-09,36675.3264333723,0.03465321669263626,0.03465321669263626,1.1095556835269413,110.95556835269413,0.0030253464424990465,Neutral,Low
2023-11-10,37367.4943722969,-0.11486655473503915,-0.11486655473503915,0.7085039361863266,70.85039361863265,0.0018960434679601889,Neutral,Low
2023-11-11,36979.9312405026,0.566726517176368,0.850089775764552,3.0,300.0,0.008112508323742428,Value,Low
2023-11-12,37053.3410514319,-0.23369236710869928,-0.23369236710869928,0.4960507190548225,49.60507190548225,0.0013387476135182498,Neutral,Low
2023-11-13,36543.2680870836,0.2889409151840966,0.2889409151840966,2.379339065516922,237.9339065516922,0.006511018828001077,Neutral,Low
2023-11-14,35590.6835645821,0.0885984048435075,0.0885984048435075,1.3044678952619184,130.44678952619185,0.0036651948336279038,Neutral,Low
2023-11-15,37840.5534894798,0.3604598589184546,0.5406897883776819,3.0,300.0,0.007928002429547025,Value,Low
2023-11-16,36160.4044509059,-0.1067800838149747,-0.1067800838149747,0.7259020058433462,72.59020058433462,0.002007449907892722,Neutral,Low
2023-11-17,36569.7120534775,-0.18219332258849705,-0.18219332258849705,0.5789263753610615,57.89263753610615,0.0015830761109479668,Neutral,Low
2023-11-18,36577.4249617183,-0.24435220173669153,-0.24435220173669153,0.4804382334665764,48.04382334665764,0.0013134829309865306,Neutral,Low
2023-11-19,37442.7285119813,-0.06987701696843973,-0.06987701696843973,0.8108833654704416,81.08833654704416,0.0021656631279180602,Neutral,Low
2023-11-20,37516.0503708358,-0.037572320543106386,-0.037572320543106386,0.8934034918024737,89.34034918024737,0.002381390052981129,Neutral,Low
2023-11-21,36035.0330862069,0.010476552792162846,0.012571863350595415,1.0384358493893393,103.84358493893393,0.0028817396862244604,Neutral,Medium
2023-11-22,37403.0347168323,0.20192331011825945,0.20192331011825945,1.8326626884644936,183.26626884644938,0.004899770038284487,Neutral,Low
2023-11-23,37311.7192156634,0.33085263489130123,0.49627895233695185,3.0,300.0,0.008040369254120579,Value,Low
2023-11-24,37718.7841630625,0.321138777804485,0.321138777804485,2.6206341577129253,262.0634157712925,0.006947822459980768,Neutral,Low
2023-11-25,37800.1260932203,-0.06246994364980157,-0.06246994364980157,0.829103874319197,82.9103874319197,0.002193389176201458,Neutral,Low
2023-11-26,37482.7055260082,-0.046508835403870775,-0.046508835403870775,0.8697699685920132,86.97699685920132,0.002320456745014055,Neutral,Low
2023-11-27,37229.2452197545,-0.008151179412802877,-0.008151179412802877,0.9758430272512325,97.58430272512325,0.0026211732778655228,Neutral,Low
2023-11-28,37828.4655911748,0.3206445373684115,0.3206445373684115,2.616751366865943,261.67513668659427,0.006917413450352632,Neutral,Low
2023-11-29,37846.8531227352,0.4691526195475067,0.7037289293212601,3.0,300.0,0.00792668280839934,Value,Low
2023-11-30,37712.7114789597,-0.1458719527758873,-0.1458719527758873,0.6455737270025146,64.55737270025146,0.0017118199717956813,Neutral,Low
2023-12-01,38703.5536820573,-0.19804725250002178,-0.19804725250002178,0.5520361434963854,55.20361434963854,0.001426319009441,Neutral,Low
2023-12-02,39462.2799272355,-0.012030430521242946,-0.012030430521242946,0.964552233981901,96.4552233981901,0.0024442384873870414,Neutral,Low
2023-12-03,39978.2226104617,-0.2319633555013318,-0.2319633555013318,0.4986304361653214,49.86304361653214,0.0012472551394389336,Neutral,Low
2023-12-04,41910.2994815897,0.17899007590900884,0.17899007590900884,1.7108156202850555,171.08156202850554,0.00408208875013308,Neutral,Low
2023-12-05,44067.0054763296,0.07422178916599448,0.07422178916599448,1.2494024131192916,124.94024131192916,0.0028352332989597007,Neutral,Low
2023-12-06,43745.8343907072,-0.05749368434794846,-0.05749368434794846,0.8415742339308282,84.15742339308282,0.0019237814197678247,Neutral,Low
2023-12-07,43282.6182261835,-0.1265859846580231,-0.1265859846580231,0.684026955182807,68.4026955182807,0.001580373330486301,Neutral,Low
2023-12-08,44205.0522089421,-0.3578279085190184,-0.3578279085190184,0.34181564889998156,34.18156488999816,0.000773250187069877,Neutral,Low
2023-12-09,43740.0063927528,-0.21693168538485777,-0.21693168538485777,0.5216308860058122,52.16308860058122,0.0011925715815447164,Neutral,Low
2023-12-10,43732.7120900059,0.07628231777978632,0.07628231777978632,1.2571496217342715,125.71496217342715,0.0028746207624785382,Neutral,Low
2023-12-11,41209.8947904734,0.2751055412385076,0.3301266494862091,2.6922571970178635,269.2257197017864,0.006533035841771282,Neutral,Medium
2023-12-12,41467.2735698422,-0.010545986817156301,-0.01265518418058756,0.9627461044762228,96.27461044762228,0.0023217009983902024,Neutral,Medium
2023-12-13,42939.0607583285,-0.5500659658296626,-0.6600791589955951,0.2,20.0,0.0004657763734648243,Neutral,Medium
2023-12-14,43033.1371560491,-0.013175526084918864,-0.015810631301902637,0.9536754220291102,95.36754220291101,0.0022161419897667243,Neutral,Medium
2023-12-15,41978.0970195792,-0.5795723060595209,-0.34774338363571256,0.35231481196437203,35.2314811964372,0.0008392824758112479,Elevated,Low
2023-12-16,42203.2140450029,-0.14734808806417113,-0.14734808806417113,0.6427211852915958,64.27211852915958,0.0015229199951601736,Neutral,Low
2023-12-17,41428.6657855056,-0.13067787462851677,-0.13067787462851677,0.675681394544792,67.56813945447921,0.001630951375656391,Neutral,Low
2023-12-18,42635.7331911163,0.6396482341063985,0.9594723511595977,3.0,300.0,0.007036351378202846,Value,Low
2023-12-19,42271.863025716,-0.38287491703419896,-0.38287491703419896,0.31707252331339913,31.707252331339912,0.0007500793686819735,Neutral,Low
2023-12-20,43605.1555549386,-0.0010193316668616198,-0.0010193316668616198,0.9969466759037132,99.69466759037132,0.0022863045968214684,Neutral,Low
2023-12-21,43870.2382340736,-0.14169838026767054,-0.14169838026767054,0.6537075879062991,65.3707587906299,0.0014900935445537895,Neutral,Low
2023-12-22,44009.5016551724,-0.16392508750654666,-0.16392508750654666,0.6115397863007785,61.15397863007785,0.0013895630791104512,Neutral,Low
2023-12-23,43768.8067518995,-0.44932070389873074,-0.44932070389873074,0.25976910201773834,25.976910201773833,0.0005935028192343049,Neutral,Low
2023-12-24,43097.8093258329,-0.08542141032087888,-0.08542141032087888,0.7739374435367595,77.39374435367596,0.0017957697981480932,Neutral,Low
2023-12-25,43623.7504029807,-0.7877980036766394,-0.47267880220598363,0.24218911123436054,24.218911123436055,0.0005551771890245649,Elevated,Low
2023-12-26,42491.1229079486,0.39418224421558556,0.5912733663233783,3.0,300.0,0.007060298233348888,Value,Low
2023-12-27,43436.9594269433,-0.0414265719881798,-0.0414265719881798,0.883132779993552,88.3132779993552,0.002033136738032722,Neutral,Low
2023-12-28,42670.6797180012,0.410351676790746,0.615527515186119,3.0,300.0,0.007030588731715023,Value,Low
2023-12-29,41998.6033442431,0.15025646090692255,0.15025646090692255,1.569519282086541,156.9519282086541,0.0037370749432354172,Neutral,Low
2023-12-30,42204.4917744009,0.5994466685702822,0.8991700028554233,3.0,300.0,0.007108248136326683,Value,Low
2023-12-31,42217.1587913501,0.3038725257673249,0.3038725257673249,2.4883443690637104,248.83443690637102,0.005894154036660442,Neutral,Low
2024-01-01,44049.4735534775,-0.25364586422237145,-0.25364586422237145,0.4672281518911645,46.72281518911645,0.0010606895252083643,Neutral,Low
2024-01-02,44941.160493571,-0.27682485996214184,-0.27682485996214184,0.4358423951978233,43.58423951978233,0.0009698067215246303,Neutral,Low
2024-01-03,42773.6515423729,-0.19950965237708118,-0.19950965237708118,0.5496195556340394,54.96195556340394,0.0012849488781418845,Neutral,Low
2024-01-04,44250.7452670953,-0.18211208640506824,-0.18211208640506824,0.5790674818624554,57.90674818624554,0.0013086050378750297,Neutral,Low
2024-01-05,44146.3222022209,0.3927871666829327,0.5891807500243991,3.0,300.0,0.006795583075432447,Value,Low
2024-01-06,43917.9798147282,0.2665862492170547,0.2665862492170547,2.225004076277071,222.50040762770712,0.005066271457984733,Neutral,Low
2024-01-07,43844.195949737,-0.04635602632319076,-0.04635602632319076,0.8701687862473785,87.01687862473784,0.0019846841010494076,Neutral,Low
2024-01-08,46981.3242995324,0.39341483834033963,0.7081467090126112,3.0,300.0,0.006385516042232676,Value,Medium
2024-01-09,46084.005795149,0.09761405735103475,0.11713686882124169,1.4210707069516708,142.10707069516707,0.0030836527390187478,Neutral,Medium
2024-01-10,46818.1592764465,-0.4044400858356128,-0.4044400858356128,0.2972088295364957,29.720882953649568,0.0006348152813560462,Neutral,Low
2024-01-11,46380.8708082992,-0.4323199418951296,-0.4323199418951296,0.27336159792773795,27.336159792773795,0.0005893843586024774,Neutral,Low
2024-01-12,42817.4305356517,0.008283421839854872,0.009940106207825846,1.030269397097733,103.0269397097733,0.002406191553787621,Neutral,Medium
2024-01-13,42846.9544699006,-0.8807891659531254,-0.6341681994862501,0.2,20.0,0.00046677763326328657,Elevated,Medium
2024-01-14,41888.1513068381,-0.6242578426499071,-0.4494656467079331,0.25965617158202825,25.965617158202825,0.0006198797595052619,Elevated,Medium
2024-01-15,42528.9192489772,0.6858837170489224,2.4691813813761203,3.0,300.0,0.007054023598476814,Deep Value,Medium
2024-01-16,43171.4472241379,0.12804204380498868,0.15365045256598642,1.5855817230596319,158.55817230596318,0.0036727555479611207,Neutral,Medium
2024-01-17,42689.304327294,-0.08986972302099355,-0.10784366762519226,0.7235895242186413,72.35895242186413,0.001695013623719336,Neutral,Medium
2024-01-18,41261.9076177674,0.28695822556057493,0.3443498706726899,2.8096210371256745,280.96210371256745,0.006809236895086863,Neutral,Medium
2024-01-19,41606.8535330216,-0.3260760725357794,-0.3912912870429353,0.3091669486391157,30.91669486391157,0.0007430673612311082,Neutral,Medium
2024-01-20,41668.6904102864,-0.4414146277131053,-0.5296975532557263,0.20411072561417815,20.411072561417814,0.0004898419499255274,Neutral,Medium
2024-01-21,41537.1123562244,0.22323623640747597,0.26788348368897114,2.2336800033583057,223.36800033583057,0.0053775524504499775,Neutral,Medium
2024-01-22,39577.0998603156,-0.2010863161005188,-0.24130357932062255,0.48485241275037416,48.48524127503742,0.001225083228588311,Neutral,Medium
2024-01-23,39737.3143617767,-0.1437164205281548,-0.17245970463378577,0.5960807622886376,59.60807622886376,0.00150005296498348,Neutral,Medium
2024-01-24,40101.8568980129,-0.02344612139392451,-0.02813534567270941,0.9190580087507733,91.90580087507733,0.0022918091077131987,Neutral,Medium
2024-01-25,39917.6611461134,0.14978903843633912,0.17974684612360695,1.7147041155732696,171.47041155732697,0.004295602663935691,Neutral,Medium
2024-01-26,41860.7310458796,-0.4241741598899051,-0.5090089918678861,0.21718039105242845,21.718039105242845,0.000518816527151419,Neutral,Medium
2024-01-27,42125.3014155465,-0.12560562979186662,-0.15072675575023994,0.6362394662473775,63.62394662473775,0.0015103499437812236,Neutral,Medium
2024-01-28,41983.0202744009,0.3030704164199832,0.36368449970397987,2.977409118751408,297.7409118751408,0.007091936452620775,Neutral,Medium
2024-01-29,43218.3470821157,-0.5018060283018628,-0.6021672339622354,0.2,20.0,0.0004627664256108548,Neutral,Medium
2024-01-30,42950.0541277031,0.20875154608237872,0.25050185529885444,2.1201897001775962,212.0189700177596,0.004936407516213252,Neutral,Medium
2024-01-31,42589.4708059614,0.24055629367584896,0.28866755241101877,2.3773885972292406,237.73885972292405,0.005582104102820806,Neutral,Medium
2024-02-01,43020.3596548802,0.3973914611228437,0.7153046300211185,3.0,300.0,0.006973442398126678,Value,Medium
2024-02-02,43155.3852030976,-0.5967532219364151,-0.42966231979421887,0.27554978486999754,27.554978486999754,0.0006385061414078612,Elevated,Medium
2024-02-03,42982.3789979544,0.090432374402829,0.1085188492833948,1.3848011396497708,138.48011396497708,0.0032217880255433875,Neutral,Medium
2024-02-04,42576.2913050847,-0.23192332487629067,-0.2783079898515488,0.4339074703571072,43.39074703571072,0.0010191293253982588,Neutral,Medium
2024-02-05,42619.2742738165,-0.29922362455840035,-0.35906834947008043,0.34054600635425675,34.05460063542567,0.000799042245924572,Neutral,Medium
2024-02-06,43102.7062632963,0.45137309945350984,0.8124715790163176,3.0,300.0,0.006960119816315621,Value,Medium
2024-02-07,44253.0314731151,-0.5178142131437542,-0.5178142131437542,0.21151853689743544,21.151853689743543,0.0004779752479238368,Neutral,Low
2024-02-08,45332.09157218,-0.08451364761062441,-0.08451364761062441,0.7760479706730885,77.60479706730885,0.0017119174160261867,Neutral,Low
2024-02-09,47176.9665137347,-1.029854564779455,-0.3089563694338365,0.395790951130754,39.579095113075404,0.0008389495560625478,Extreme,Low
2024-02-10,47792.8972156634,-0.042792992139212636,-0.042792992139212636,0.8795199986386341,87.9519998638634,0.0018402734504038075,Neutral,Low
2024-02-11,48200.7986057861,0.2776170066505035,0.2776170066505035,2.2998663670200097,229.98663670200096,0.004771427929710546,Neutral,Low
2024-02-12,49989.80371654,-0.20004047308385997,-0.20004047308385997,0.5487450038412145,54.87450038412145,0.0010977138597158616,Neutral,Low
2024-02-13,49628.0941528346,0.6217749100258356,0.9326623650387534,3.0,300.0,0.006044963142773939,Value,Low
2024-02-14,51844.2929193454,-0.2627130455587682,-0.2627130455587682,0.4546901246938613,45.46901246938613,0.0008770302362908614,Neutral,Low
2024-02-15,51939.1472919345,0.9501106515884518,2.5,3.0,300.0,0.005775990089205531,Deep Value,Low
2024-02-16,52157.3123977206,-0.218193074753707,-0.218193074753707,0.5196606771953742,51.96606771953742,0.0009963333103376788,Neutral,Low
2024-02-17,51674.8158521333,0.029614037136109342,0.029614037136109342,1.0929080849848005,109.29080849848005,0.0021149723844437886,Neutral,Low
2024-02-18,52148.0645365283,0.15554679486822315,0.15554679486822315,1.5946278475696165,159.46278475696164,0.003057885008277964,Neutral,Low
2024-02-19,51804.8051537113,0.23057434694444962,0.23057434694444962,1.9971537477583094,199.71537477583095,0.003855151547877665,Neutral,Low
2024-02-20,52308.0531712449,0.42253530627044295,0.6338029594056644,3.0,300.0,0.005735254550917177,Value,Low
2024-02-21,51744.321808007,-0.27092135454263944,-0.27092135454263944,0.4436301480263003,44.36301480263003,0.0008573503961890796,Neutral,Low
2024-02-22,51292.3252574518,0.2389479876979214,0.2389479876979214,2.04795956451618,204.795956451618,0.0039927212389706404,Neutral,Low
2024-02-23,50789.1431759205,-0.1263840342488782,-0.1263840342488782,0.684441499316559,68.4441499316559,0.0013476137940461607,Neutral,Low
2024-02-24,51578.2349164231,0.961776243114892,2.5,3.0,300.0,0.0058164068717379966,Deep Value,Low
2024-02-25,51746.4789669784,-0.41150127898997335,-0.41150127898997335,0.290979099629246,29.0979099629246,0.0005623167130171929,Neutral,Low
2024-02-26,54551.8259184687,-0.5006633038412763,-0.5006633038412763,0.22268659234814342,22.268659234814344,0.0004082110701133327,Neutral,Low
2024-02-27,57049.888220339,-0.4870691954554468,-0.4870691954554468,0.23195599863348157,23.195599863348157,0.0004065844927471503,Neutral,Low
2024-02-28,62460.740619813,-0.020595975795721894,-0.020595975795721894,0.9400822313476623,94.00822313476624,0.0015050769843889132,Neutral,Low
2024-02-29,61394.7818515488,-0.33263293475266864,-0.33263293475266864,0.3686532405540877,36.86532405540877,0.0006004634749667861,Neutral,Low
2024-03-01,62524.401817066,0.1035935039122219,0.1035935039122219,1.364489698842208,136.4489698842208,0.002182331472493626,Neutral,Low
2024-03-02,62049.6145637054,-0.016640310534939216,-0.016640310534939216,0.9513046396582913,95.13046396582912,0.0015331354535354949,Neutral,Low
2024-03-03,62991.4422913501,-0.6172498016789654,-0.3703498810073792,0.3292132232936815,32.92132232936815,0.0005226316644267227,Elevated,Low
2024-03-04,68091.8388243717,-0.017001159016286557,-0.02040139081954387,0.940631169190436,94.0631169190436,0.0013814154316152223,Neutral,Medium
2024-03-05,63950.524329924,-0.13086544887058338,-0.15703853864470005,0.6243053945873326,62.43053945873326,0.0009762318622541848,Neutral,Medium
2024-03-06,66103.7215400351,-0.13061078611414112,-0.15673294333696933,0.6248780114282858,62.48780114282858,0.0009452992915835068,Neutral,Medium
2024-03-07,67070.3791484512,-0.22722684056284007,-0.2726722086754081,0.44130606203870154,44.13060620387015,0.0006579746046491407,Neutral,Medium
2024-03-08,68343.7149552893,0.17748749558738341,0.2129849947048601,1.8945000618328092,189.45000618328092,0.0027720179727897406,Neutral,Medium
2024-03-09,68502.5053392753,-0.42985289047053615,-0.5158234685646433,0.21278555473695668,21.27855547369567,0.00031062448545945075,Neutral,Medium
2024-03-10,68882.2513395675,-0.1864735360805861,-0.2237682432967033,0.5110413716666123,51.10413716666123,0.0007419057329403209,Neutral,Medium
2024-03-11,72198.0875341905,-0.13537855478902122,-0.16245426574682545,0.6142441464344649,61.42441464344649,0.0008507762011612568,Neutral,Medium
2024-03-12,71432.7283018702,-0.298312160355461,-0.35797459242655316,0.34166526542555026,34.166526542555026,0.0004783035361349974,Neutral,Medium
2024-03-13,73081.5759053185,0.18202267603048605,0.21842721123658326,1.925684778761287,192.5684778761287,0.0026349798220773528,Neutral,Medium
2024-03-14,71505.2729076563,0.2071986054138323,0.24863832649659875,2.108369667702363,210.8369667702363,0.002948551319320415,Neutral,Medium
2024-03-15,69424.9141753361,0.16308149399766544,0.19569779279719854,1.7987525167626746,179.87525167626745,0.002590932287247536,Neutral,Medium
2024-03-16,65433.6819006429,-0.18998799087829357,-0.22798558905395228,0.5046163874605777,50.461638746057766,0.0007711875181146114,Neutral,Medium
2024-03-17,68285.0891691993,-0.5032604791514946,-0.6039125749817935,0.2,20.0,0.0002928897105258699,Neutral,Medium
2024-03-18,67770.8865245471,-0.6730986081395863,-0.4846309978605021,0.23365888266663457,23.365888266663458,0.0003447776687737465,Elevated,Medium
2024-03-19,61969.3075394506,-0.19204215416999565,-0.23045058500399476,0.5008985191447257,50.089851914472575,0.0008083009783929668,Neutral,Medium
2024-03-20,67848.1076396844,-0.06387714053401103,-0.04471399837380772,0.8744658858975091,87.4465885897509,0.001288858180896461,Neutral,High
2024-03-21,65454.7357232612,-0.30825198405405396,-0.21577638883783776,0.5234419377298603,52.344193772986024,0.0007997006357843109,Neutral,High
2024-03-22,63486.4849997078,0.18550941271644758,0.1298565889015133,1.4763454842438386,147.63454842438387,0.0023254484545027713,Neutral,High
2024-03-23,64361.2429047341,0.26880894245725306,0.18816625972007714,1.7585661317959964,175.85661317959963,0.0027323371215794913,Neutral,High
2024-03-24,67289.5658310929,0.39980242411800193,0.41979254532390203,3.0,300.0,0.004458343523170381,Value,High
2024-03-25,70042.0204237288,-0.25679240858132135,-0.17975468600692493,0.5831772791262666,58.31772791262666,0.0008326105894693724,Neutral,High
2024-03-26,70071.0472144945,-0.15244597071620966,-0.10671217950134676,0.7260498965388628,72.60498965388628,0.0010361624742332611,Neutral,High
2024-03-27,69267.8879815897,-0.21175939908485764,-0.14823157935940035,0.6410199251429483,64.10199251429482,0.0009254214959077736,Neutral,High
2024-03-28,70826.8968714202,0.3373172656746207,0.3541831289583518,2.8937388533620063,289.37388533620066,0.004085649634792452,Value,High
2024-03-29,69917.0430070134,-0.11431741837212832,-0.13718090204655398,0.6626272221395274,66.26272221395274,0.0009477334761898599,Neutral,Medium
2024-03-30,69663.0119073641,-0.12302540186499328,-0.14763048223799194,0.6421769137184778,64.21769137184779,0.0009218334036036607,Neutral,Medium
2024-03-31,71227.4517939801,0.5073900938247795,0.913302168884603,3.0,300.0,0.00421185922623944,Value,Medium
2024-04-01,69791.6277305669,0.21178599238250492,0.14825019466775344,1.5601010331487872,156.01010331487873,0.002235369891603064,Neutral,High
2024-04-02,65533.7548351841,0.15883512596521573,0.11118458817565101,1.395920095507615,139.5920095507615,0.002130078001814976,Neutral,High
2024-04-03,66130.2162393337,0.29291098445668357,0.35149318134802027,2.870480806231993,287.04808062319927,0.00434064935738809,Neutral,Medium
2024-04-04,68438.135024547,-0.02494568718213535,-0.02993482461856242,0.9141099001832009,91.41099001832009,0.0013356733053221472,Neutral,Medium
2024-04-05,67904.9094766219,0.2318060019861089,0.27816720238333065,2.3036656316498405,230.36656316498406,0.0033924875968547453,Neutral,Medium
2024-04-06,69136.0710783168,0.10645296363370513,0.12774355636044615,1.4670163863648815,146.70163863648816,0.0021219261717997494,Neutral,Medium
2024-04-07,69392.6830108124,0.44601936078923315,0.8028348494206197,3.0,300.0,0.0043232223771093505,Value,Medium
2024-04-08,71712.7972840444,0.8383264408723182,2.5,3.0,300.0,0.004183353757792236,Deep Value,Medium
2024-04-09,69074.5418638223,-0.46174716732888277,-0.5540966007946593,0.2,20.0,0.00028954227506031383,Neutral,Medium
2024-04-10,70579.4456767972,-0.0365898057808558,-0.04390776693702696,0.8765835114724256,87.65835114724257,0.0012419812922398739,Neutral,Medium
2024-04-11,70046.5536057861,0.4996485284332207,0.8993673511797972,3.0,300.0,0.004282865959235701,Value,Medium
2024-04-12,67098.113691993,0.024447636959529145,0.029337164351434974,1.0920006723791051,109.20006723791052,0.0016274685118449412,Neutral,Medium
2024-04-13,64551.6482875512,-0.16950568102064212,-0.20340681722477053,0.5432310996678418,54.32310996678418,0.0008415448932426471,Neutral,Medium
2024-04-14,65648.8099602572,-0.5362269878603074,-0.6434723854323688,0.2,20.0,0.00030465137162589387,Neutral,Medium
2024-04-15,63393.325166277,0.432323751505272,0.7781827527094897,3.0,300.0,0.004732359427638754,Value,Medium
2024-04-16,63784.8203340152,-0.9301771124907194,-0.33486376049665895,0.3661942745999485,36.61942745999485,0.0005741088125393123,Extreme,Medium
2024-04-17,61324.2184286967,0.4883315241011602,0.8789967433820883,3.0,300.0,0.004892031365207173,Value,Medium
2024-04-18,63510.14500263,-0.28837294721513856,-0.3460475366581663,0.35411179522841896,35.4111795228419,0.0005575672913575539,Neutral,Medium
2024-04-19,63762.6310300994,0.04770017449727155,0.057240209396725854,1.18734607585214,118.734607585214,0.001862134696561766,Neutral,Medium
2024-04-20,64907.9928366452,0.6456334178413895,1.162140152114501,3.0,300.0,0.004621926929014951,Value,Medium
2024-04-21,64968.192619813,-0.21745898474677883,-0.26095078169613456,0.4571003421650915,45.71003421650915,0.0007035755863488376,Neutral,Medium
2024-04-22,66944.5960911748,-0.13543142613606882,-0.16251771136328258,0.614127244264636,61.412724426463605,0.0009173664195810952,Neutral,Medium
2024-04-23,66385.3002919345,0.31723369117265604,0.3806804294071872,3.0,300.0,0.004519072726653743,Neutral,Medium
2024-04-24,64189.9679064874,-0.311359303886158,-0.3736311646633896,0.32598839578837013,32.598839578837016,0.0005078494450461065,Neutral,Medium
2024-04-25,64515.3874725307,0.044037407351040975,0.052844888821249165,1.1717925454248947,117.17925454248947,0.0018162993222722555,Neutral,Medium
2024-04-26,63777.4715002922,0.4851137390351667,0.8732047302633,3.0,300.0,0.004703855341750661,Value,Medium
2024-04-27,63429.3099649328,-1.0585420801263188,-0.3810751488454748,0.3187891244923604,31.87891244923604,0.0005025896145939543,Extreme,Medium
2024-04-28,62978.5770049678,0.22522634411775222,0.27027161294130264,2.2497404158424126,224.97404158424126,0.003572231261536683,Neutral,Medium
2024-04-29,63908.3888766803,0.4496539448118538,0.8093771006613368,3.0,300.0,0.004694219417405276,Value,Medium
2024-04-30,60636.3261633548,0.5452126544513558,0.9813827780124404,3.0,300.0,0.0049475292944331315,Value,Medium
2024-05-01,58141.7772799532,-0.2525648263798698,-0.30307779165584375,0.4028329274947366,40.28329274947366,0.0006928459127678404,Neutral,Medium
2024-05-02,59170.1088936295,0.4251450136798476,0.7652610246237256,3.0,300.0,0.005070127562876587,Value,Medium
2024-05-03,62983.6554783752,-0.3814151048171902,-0.45769812578062824,0.2533218720396964,25.332187203969642,0.00040220255575142334,Neutral,Medium
2024-05-04,63881.1305429573,-0.7723792013510528,-0.5561130249727579,0.2,20.0,0.0003130814973061703,Elevated,Medium
2024-05-05,64067.5959918177,0.31847520316029065,0.38217024379234876,3.0,300.0,0.004682554345231153,Neutral,Medium
2024-05-06,63228.1031341321,-0.6961531401687017,-0.5012302609214652,0.22230815305704618,22.230815305704617,0.00035159706212511494,Elevated,Medium
2024-05-07,62396.999720339,-0.15164251082358166,-0.181971012988298,0.5793126068143389,57.93126068143389,0.0009284302280731383,Neutral,Medium
2024-05-08,61079.27442782,-0.31630857144814,-0.379570285737768,0.3202315800674378,32.02315800674378,0.000524288448196727,Neutral,Medium
2024-05-09,62998.4903381064,0.3199053074020996,0.38388636888251954,3.0,300.0,0.004762018873625875,Neutral,Medium
2024-05-10,60896.6418880772,-0.08882108409762433,-0.1065853009171492,0.7263263096906784,72.63263096906783,0.0011927198071539045,Neutral,Medium
2024-05-11,60843.5729240211,0.33785557932602095,0.40542669519122515,3.0,300.0,0.004930676907725774,Neutral,Medium
2024-05-12,61431.2746879018,0.20919703321639047,0.25103643985966856,2.1235926902662943,212.35926902662942,0.0034568592318083738,Neutral,Medium
2024-05-13,62886.9394491526,-0.16595072574206277,-0.1991408708904753,0.5502279606751387,55.022796067513866,0.0008749479072996181,Neutral,Medium
2024-05-14,61555.5670046756,-0.08374278313900547,-0.10049133976680656,0.7397270447311056,73.97270447311057,0.0012017224123285518,Neutral,Medium
2024-05-15,66281.5322542373,-0.02778237286932647,-0.033338847443191766,0.9048224500409815,90.48224500409815,0.001365119995371165,Neutral,Medium
2024-05-16,65269.2603246639,-0.10337492024168013,-0.12404990429001615,0.6892510450472821,68.92510450472821,0.0010560117298997924,Neutral,Medium
2024-05-17,66956.4409476914,-0.30453420150973887,-0.36544104181168663,0.3340972617892178,33.40972617892178,0.0004989770320232907,Neutral,Medium
2024-05-18,66977.6006914085,-0.09295416948773341,-0.11154500338528009,0.7155992251428234,71.55992251428233,0.0010684157356425225,Neutral,Medium
2024-05-19,66259.4704260666,-0.29915847025482933,-0.35899016430579517,0.3406258926591368,34.06258926591368,0.0005140788033300277,Neutral,Medium
2024-05-20,71202.2025902981,-0.37408830340333465,-0.4489059640840016,0.2600925129408252,26.00925129408252,0.00036528717297892274,Neutral,Medium
2024-05-21,70217.2546914085,0.608651677579252,1.0955730196426536,3.0,300.0,0.004272454132797459,Value,Medium
2024-05-22,69074.9141350088,-0.5646153934605869,-0.4065230832916225,0.2953573647486323,29.535736474863228,0.00042758991226735115,Elevated,Medium
2024-05-23,67758.7306586791,0.44820784481894815,0.8067741206741067,3.0,300.0,0.004427473730450904,Value,Medium
2024-05-24,68608.998279661,0.1958737784635205,0.2350485341562246,2.0241413834497854,202.41413834497854,0.0029502564302120674,Neutral,Medium
2024-05-25,69282.7925976037,-1.034554477330446,-0.37243961183896057,0.32715577822323916,32.715577822323915,0.000472203509641086,Extreme,Medium
2024-05-26,68445.0069532437,0.5289989805624032,0.9521981650123257,3.0,300.0,0.0043830808608864135,Value,Medium
2024-05-27,69347.815260374,0.08421039409611873,0.10105247291534247,1.3541276127358377,135.41276127358378,0.0019526608122427747,Neutral,Medium
2024-05-28,68342.8204488603,0.15135040426532734,0.1816204851183928,1.7243694636714784,172.43694636714784,0.0025231172087224482,Neutral,Medium
2024-05-29,67584.2632402104,-0.012853126099769081,-0.015423751319722897,0.9547829384094995,95.47829384094995,0.0014127296690591652,Neutral,Medium
2024-05-30,68375.4760260082,0.3820906838287466,0.687763230891744,3.0,300.0,0.00438753800976666,Value,Medium
2024-05-31,67377.7626122151,0.10352149858661236,0.12422579830393482,1.4516159655902752,145.16159655902752,0.0021544437056256714,Neutral,Medium
2024-06-01,67714.3526399766,0.46779848112992073,0.8420372660338573,3.0,300.0,0.004430375368055851,Value,Medium
2024-06-02,67805.4855742256,-0.2645355076351581,-0.2645355076351581,0.4522109416688422,45.22109416688422,0.0006669238304824378,Neutral,Low
2024-06-03,68833.3028351841,0.30160797652761584,0.30160797652761584,2.471496727286281,247.1496727286281,0.0035905537370538275,Neutral,Low
2024-06-04,70554.0894330801,0.1612088028045855,0.1612088028045855,1.6219455872254136,162.19455872254136,0.0022988682870945616,Neutral,Low
2024-06-05,71087.4433158971,0.44841870136035356,0.6726280520405303,3.0,300.0,0.004220154587173229,Value,Low
2024-06-06,70788.5013755114,-0.10042684482487718,-0.10042684482487718,0.7398701845367298,73.98701845367299,0.0010451841332421268,Neutral,Low
2024-06-07,69338.1573240795,0.14513152675380597,0.14513152675380597,1.5455727911652577,154.55727911652576,0.002229036436519949,Neutral,Low
2024-06-08,69310.1092618352,0.13901782483779246,0.13901782483779246,1.5174836574656243,151.74836574656243,0.0021894117230907453,Neutral,Low
2024-06-09,69644.0190894214,-0.3507185775779625,-0.3507185775779625,0.34918418937909174,34.91841893790917,0.0005013843169084583,Neutral,Low
2024-06-10,69465.9362478083,0.30115799156751555,0.30115799156751555,2.4681625692054614,246.81625692054615,0.0035530544933572872,Neutral,Low
2024-06-11,67368.263506429,-0.35150518352131593,-0.35150518352131593,0.3483611497967015,34.83611497967015,0.0005170997910068695,Neutral,Low
2024-06-12,68213.8346838106,-0.11821463424936042,-0.11821463424936042,0.7014231736063327,70.14231736063327,0.0010282711371639157,Neutral,Low
2024-06-13,66783.4902767388,-0.2866698771238066,-0.2866698771238066,0.42315800670619014,42.31580067061901,0.0006336266717308414,Neutral,Low
2024-06-14,65982.1865195792,0.8629695207618197,2.5,3.0,300.0,0.004546681700385597,Deep Value,Low
2024-06-15,66204.904308007,0.5577689202751832,0.8366533804127748,3.0,300.0,0.004531386354767636,Value,Low
2024-06-16,66622.5999336645,0.44100742126543846,0.6615111318981577,3.0,300.0,0.004502976471928552,Value,Low
2024-06-17,66483.8785260082,0.049447894593664776,0.049447894593664776,1.1599114706271394,115.99114706271394,0.0017446507278804247,Neutral,Low
2024-06-18,65112.1230020456,-0.9196242121292073,-0.2758872636387622,0.4370700536424069,43.70700536424069,0.0006712575684695086,Extreme,Low
2024-06-19,64878.7141525424,-0.11435616534029255,-0.11435616534029255,0.7095896058311226,70.95896058311226,0.0010937171229422646,Neutral,Low
2024-06-20,64897.7011542957,0.48085682611285496,0.7212852391692824,3.0,300.0,0.004622659888780089,Value,Low
2024-06-21,64086.0489228521,0.5380585572340527,0.8070878358510791,3.0,300.0,0.00468120605096353,Value,Low
2024-06-22,64258.135506429,-0.03140325676327231,-0.03140325676327231,0.9100918319883636,91.00918319883637,0.0014163060051708308,Neutral,Low
2024-06-23,63345.0218760959,-0.42958264296026144,-0.42958264296026144,0.27561565754584155,27.561565754584155,0.000435102316461349,Neutral,Low
2024-06-24,60258.9554374635,0.029456169556503896,0.029456169556503896,1.092390603272528,109.23906032725279,0.0018128269820511683,Neutral,Low
2024-06-25,61739.6658477498,0.05502298371287915,0.05502298371287915,1.1794744420134617,117.94744420134617,0.00191039978240577,Neutral,Low
2024-06-26,60794.4760584454,0.18464194510788015,0.18464194510788015,1.740070857891864,174.0070857891864,0.0028622186927296303,Neutral,Low
2024-06-27,61569.9234275278,0.17640566053442142,0.17640566053442142,1.69760253405301,169.760253405301,0.002757194486446308,Neutral,Low
2024-06-28,60303.3147364115,-0.2201447165699838,-0.2201447165699838,0.5166269923373061,51.66269923373061,0.000856714087103679,Neutral,Low
2024-06-29,60889.3298430742,0.1399396254939132,0.1399396254939132,1.521685917550045,152.1685917550045,0.0024991011092941563,Neutral,Low
2024-06-30,62763.2796861485,-0.3120480121638646,-0.3120480121638646,0.39213698978933914,39.21369897893391,0.0006247872828670576,Neutral,Low
2024-07-01,62835.3997647575,-0.45400255840663706,-0.45400255840663706,0.2561460023947169,25.61460023947169,0.00040764601379743515,Neutral,Low
2024-07-02,62028.6170385739,-0.3958442266913265,-0.3958442266913265,0.3049728020144724,30.49728020144724,0.0004916646808759546,Neutral,Low
2024-07-03,60216.3920859147,-0.20551578909612275,-0.20551578909612275,0.5398049721800044,53.980497218000444,0.0008964419047388776,Neutral,Low
2024-07-04,57418.2420213326,-0.2111217094314234,-0.2111217094314234,0.5308025734466238,53.080257344662385,0.0009244493644535735,Neutral,Low
2024-07-05,56720.9881256575,-0.17059707679109207,-0.17059707679109207,0.5994209156644537,59.94209156644536,0.001056788563585175,Neutral,Low
2024-07-06,58259.221773232,0.4026131590409421,0.6039197385614131,3.0,300.0,0.005149399371789053,Value,Low
2024-07-07,56112.5725587376,-0.49401930845990416,-0.2964115850759425,0.410970125190893,41.0970125190893,0.000732402929416036,Elevated,Low
2024-07-08,56691.9149061952,0.4357792293567074,0.6536688440350611,3.0,300.0,0.00529175986551861,Value,Low
2024-07-09,57981.4320967271,0.41551561320550906,0.6232734198082636,3.0,300.0,0.0051740702006036554,Value,Low
2024-07-10,57722.0113527177,-0.01880559223534934,-0.01880559223534934,0.9451451393139012,94.51451393139013,0.001637408533009135,Neutral,Low
2024-07-11,57307.712738457,-0.05906991278430568,-0.05906991278430568,0.837604088396633,83.7604088396633,0.0014615905056607663,Neutral,Low
2024-07-12,57859.1202819988,-0.2572053884225668,-0.2572053884225668,0.4622653670388946,46.22653670388946,0.000798949871318239,Neutral,Low
2024-07-13,59329.0372016365,0.27705744919127673,0.27705744919127673,2.296008883508693,229.6008883508693,0.003869958104503609,Neutral,Low
2024-07-14,61015.0339412624,-0.06855257246992376,-0.06855257246992376,0.8141116848549964,81.41116848549964,0.0013342804752656875,Neutral,Low
2024-07-15,64734.7611697837,0.07853553522800047,0.07853553522800047,1.265676302353341,126.56763023533411,0.001955172583449836,Neutral,Low
2024-07-16,65118.8266583869,-0.02675176825923331,-0.02675176825923331,0.9228807004550764,92.28807004550764,0.0014172256286135265,Neutral,Low
2024-07-17,64201.3707805377,-0.492852537083206,-0.492852537083206,0.22796626733702643,22.796626733702645,0.0003550800622564483,Neutral,Low
2024-07-18,63984.3022022209,-0.13519833846410395,-0.13519833846410395,0.6665800674356256,66.65800674356255,0.001041786882865292,Neutral,Low
2024-07-19,66755.7833828171,-0.5038547467683772,-0.30231284806102626,0.40375842241870663,40.375842241870664,0.0006048291278424782,Elevated,Low
2024-07-20,67185.4978112215,0.34002795401298314,0.34002795401298314,2.7734273394836,277.34273394836003,0.004128014869036774,Neutral,Low
2024-07-21,68056.6201215663,0.25548682598457134,0.25548682598457134,2.152135226576268,215.21352265762678,0.0031622716830956503,Neutral,Low
2024-07-22,67535.1976738749,-0.37615723865789896,-0.37615723865789896,0.3235273204269074,32.35273204269074,0.00047904993480467686,Neutral,Low
2024-07-23,65916.4081616014,0.19087594980968936,0.22905113977162722,1.98804833101552,198.804833101552,0.003016014352817281,Neutral,Medium
2024-07-24,65353.3857784921,0.07392077351560593,0.07392077351560593,1.2482746533659888,124.82746533659888,0.0019100382306080888,Neutral,Low
2024-07-25,65722.0611917007,-0.06260813700824802,-0.06260813700824802,0.8287602156144656,82.87602156144655,0.001261007644293299,Neutral,Low
2024-07-26,67912.2433091759,0.2605925958055062,0.2605925958055062,2.1853539087872487,218.53539087872485,0.0032179085865832037,Neutral,Low
2024-07-27,68077.3730812391,0.2846023246289464,0.2846023246289464,2.348570802240671,234.8570802240671,0.003449855210244437,Neutral,Low
2024-07-28,68170.6691309176,0.027924184524414784,0.027924184524414784,1.0873815446337025,108.73815446337025,0.0015950870931682553,Neutral,Low
2024-07-29,66867.167277031,0.139808692724402,0.139808692724402,1.521088319270992,152.1088319270992,0.0022747910240748137,Neutral,Low
2024-07-30,66186.9146861484,-0.44618551288659725,-0.44618551288659725,0.2622239055996061,26.222390559960612,0.0003961869303668937,Neutral,Low
2024-07-31,64690.6340385739,0.27004188606047946,0.27004188606047946,2.248190472454071,224.81904724540712,0.0034752951580494856,Neutral,Low
2024-08-01,65178.0554891876,-0.04851517573447697,-0.04851517573447697,0.8645505286101592,86.45505286101593,0.0013264441875741133,Neutral,Low
2024-08-02,61506.7698877849,1.1891788724556984,2.5,3.0,300.0,0.004877511866536488,Deep Value,Low
2024-08-03,60688.2444272355,0.03333460243022328,0.03333460243022328,1.1051751257905826,110.51751257905826,0.0018210695270904974,Neutral,Low
2024-08-04,58306.2644786675,0.4621548614106174,0.6932322921159261,3.0,300.0,0.005145244729402291,Value,Low
2024-08-05,54343.6276773816,0.7516330064556729,1.3529394116202111,3.0,300.0,0.005520426457007823,Value,Medium
2024-08-06,56047.4712866744,0.44796278391757954,0.8063330110516432,3.0,300.0,0.005352605445222408,Value,Medium
2024-08-07,55129.7410376973,0.3122983307983036,0.3747579969579643,3.0,300.0,0.005441708855386465,Neutral,Medium
2024-08-08,61908.7896724138,-0.33696235650282047,-0.40435482780338455,0.2972848575789846,29.72848575789846,0.0004801981417373001,Neutral,Medium
2024-08-09,60720.9407594974,0.4373000202748188,0.7871400364946738,3.0,300.0,0.004940634915197304,Value,Medium
2024-08-10,60871.5550727645,-0.14343198013072062,-0.17211837615686473,0.5966914529205728,59.66914529205728,0.0009802467707738058,Neutral,Medium
2024-08-11,58836.1043722969,0.1282377229726572,0.15388526756718865,1.5866990716913754,158.66990716913753,0.00269681191271813,Neutral,Medium
2024-08-12,59394.1629538282,-0.8682595264334565,-0.3125734295160443,0.3915193699428919,39.15193699428919,0.0006591882947272966,Extreme,Medium
2024-08-13,60536.2457846289,0.19896868385800007,0.23876242062960007,2.0468197802479704,204.68197802479705,0.003381147531893512,Neutral,Medium
2024-08-14,58840.6466797195,-0.315423441527429,-0.3785081298329148,0.3212536151346016,32.12536151346016,0.0005459722713165345,Neutral,Medium
2024-08-15,57644.1876879018,0.3358562920329771,0.40302755043957256,3.0,300.0,0.005204340837002776,Neutral,Medium
2024-08-16,58927.2765087668,-0.32286295642034024,-0.3874355477044083,0.31276391346920024,31.276391346920025,0.0005307625466496307,Neutral,Medium
2024-08-17,59414.6743351841,0.003950764233646001,0.004740917080375201,1.0143243757895397,101.43243757895397,0.0017071950442197046,Neutral,Medium
2024-08-18,58793.2061458212,0.15338875984527228,0.18406651181432673,1.7370695650885977,173.70695650885978,0.002954541313464434,Neutral,Medium
2024-08-19,59411.5190169492,-0.7194635979298543,-0.518013790509495,0.21139193186526772,21.13919318652677,0.00035580967354994044,Elevated,Medium
2024-08-20,59123.3002662186,-0.2451262895696215,-0.2941515474835458,0.4137660165063901,41.37660165063901,0.000699835791715444,Neutral,Medium
2024-08-21,61133.0256493279,-0.2447700110459478,-0.29372401325513736,0.4142970543927261,41.42970543927261,0.0006776976110576018,Neutral,Medium
2024-08-22,60394.4737749854,-0.15423578216972972,-0.18508293860367567,0.5739294407099127,57.39294407099127,0.0009503012524758957,Neutral,Medium
2024-08-23,64106.8029152543,0.16977414199162474,0.2037289703899497,1.8426171242405767,184.26171242405766,0.0028742926498400113,Neutral,Medium
2024-08-24,64023.226703682,-0.5821953502590657,-0.4191806521865272,0.2843521180371308,28.435211803713077,0.0004441389987311864,Elevated,Medium
2024-08-25,64498.0183413209,0.1621399979640089,0.19456799755681067,1.7926661709798253,179.26661709798253,0.0027794127898520984,Neutral,Medium
2024-08-26,62983.4427729398,0.420761103057585,0.757369985503653,3.0,300.0,0.00476315658198494,Value,Medium
2024-08-27,59548.0076215663,-0.20085179315993507,-0.24102215179192207,0.4852619380525029,48.52619380525029,0.0008149087726601909,Neutral,Medium
2024-08-28,59100.7747548217,0.11394499796695208,0.1367339975603425,1.507122182019027,150.71221820190272,0.0025500887057255867,Neutral,Medium
2024-08-29,59339.7909947399,-0.3406237610107497,-0.4087485132128996,0.2933920412323257,29.33920412323257,0.0004944271564056116,Neutral,Medium
2024-08-30,59142.9399640561,-0.5625330500109201,-0.4050237960078625,0.29668883350858244,29.668883350858245,0.0005016470836398968,Elevated,Medium
2024-08-31,58959.926273232,-0.13294641519620196,-0.15953569823544234,0.6196458990242075,61.964589902420755,0.0010509611157799715,Neutral,Medium
2024-09-01,57349.0807180012,0.4440129451896358,0.7992233013413444,3.0,300.0,0.0052311213404652454,Value,Medium
2024-09-02,59159.0238877849,0.40107738701887646,0.48129286442265173,3.0,300.0,0.005071077585205792,Neutral,Medium
2024-09-03,57637.7754444769,1.7942113035761265e-05,2.1530535642913517e-05,1.0000645936930115,100.00645936930115,0.001735085342869252,Neutral,Medium
2024-09-04,58033.3989704851,0.03898756138799882,0.04678507366559858,1.1506824728431384,115.06824728431384,0.0019827935176231154,Neutral,Medium
2024-09-05,56112.9529400935,-0.11051811183146112,-0.13262173419775333,0.6717525720639825,67.17525720639826,0.0011971435058517582,Neutral,Medium
2024-09-06,53838.9534623028,-0.21156667674379315,-0.2538800120925518,0.4669000657057165,46.690006570571654,0.0008672160873866776,Neutral,Medium
2024-09-07,54066.4399248977,-0.4308215228733705,-0.4308215228733705,0.2745931946802597,27.45931946802597,0.0005078810350037658,Neutral,Low
2024-09-08,54859.2584082408,0.6315567092873969,0.9473350639310953,3.0,300.0,0.005468539107246387,Value,Low
2024-09-09,57135.7814371712,0.009922673292324248,0.011907207950789098,1.0363673063931604,103.63673063931604,0.0018138673880443755,Neutral,Medium
2024-09-10,57664.4998214494,0.05997851667886463,0.05997851667886463,1.1971402049930138,119.71402049930137,0.0020760436814674576,Neutral,Low
2024-09-11,57409.1950663355,-0.010887371021684078,-0.010887371021684078,0.9678655334643648,96.78655334643648,0.001685906817446247,Neutral,Low
2024-09-12,58124.6418065459,0.25360179955387835,0.25360179955387835,2.1399990790038506,213.99990790038507,0.003681741534212513,Neutral,Low
2024-09-13,60536.8814503215,-0.103431910819131,-0.12411829298295719,0.6891096486184164,68.91096486184163,0.0011383302742212146,Neutral,Medium
2024-09-14,60007.1702507306,0.04350973749351076,0.04350973749351076,1.1394312250198664,113.94312250198664,0.001898825124162547,Neutral,Low
2024-09-15,59129.9197536528,-0.4100835911354077,-0.4100835911354077,0.29221928766551813,29.221928766551812,0.00049419868804653,Neutral,Low
2024-09-16,58227.46421654,-0.548405766518343,-0.3290434599110058,0.3726445064049096,37.264450640490956,0.0006399806541790923,Elevated,Low
2024-09-17,60238.2177255991,0.25975967883160717,0.31171161459792857,2.5475569568240704,254.75569568240704,0.0042291373367466835,Neutral,Medium
2024-09-18,61306.2337317358,-0.18511480681775844,-0.22213776818131012,0.5135472159638407,51.35472159638407,0.0008376753630161392,Neutral,Medium
2024-09-19,62994.6096528346,0.3904899305159112,0.4685879166190934,3.0,300.0,0.004762312230416381,Neutral,Medium
2024-09-20,63153.9518270018,-0.18100150393535586,-0.21720180472242703,0.5212083494637204,52.12083494637204,0.0008252980761860655,Neutral,Medium
2024-09-21,63367.7296078317,0.11514867433194043,0.1381784091983285,1.513667066497654,151.3667066497654,0.0023887033287532805,Neutral,Medium
2024-09-22,63571.9521729983,0.12155793107989799,0.12155793107989799,1.4400441793762704,144.00441793762704,0.002265219377654912,Neutral,Low
2024-09-23,63336.0126347165,-0.5005596428599751,-0.30033578571598507,0.4061603051054932,40.61603051054932,0.0006412786157663227,Elevated,Low
2024-09-24,64342.7891113384,0.22834370935128767,0.22834370935128767,1.983833587454812,198.38335874548122,0.0030832259758307922,Neutral,Low
2024-09-25,63059.6269167154,-0.4078164116964901,-0.4078164116964901,0.29421360286485876,29.421360286485875,0.0004665641350105588,Neutral,Low
2024-09-26,65057.7861461134,0.4559228809495504,0.6838843214243256,3.0,300.0,0.004611285101620726,Value,Low
2024-09-27,65767.7132542373,-0.0672644165844202,-0.0672644165844202,0.8172638799850347,81.72638799850347,0.0012426521153711845,Neutral,Low
2024-09-28,65770.5276478667,-0.5864563072615928,-0.35187378435695565,0.3479761440733222,34.79761440733222,0.0005290761021963749,Elevated,Low
2024-09-29,65617.7610689655,-0.4716483643821445,-0.4716483643821445,0.24293895209601585,24.293895209601583,0.0003702335284507535,Neutral,Low
2024-09-30,63260.0425482174,0.27770230780799277,0.27770230780799277,2.300454986121166,230.04549861211657,0.003636505594139835,Neutral,Low
2024-10-01,60858.2487086499,0.015356147596956995,0.015356147596956995,1.0471460781043944,104.71460781043945,0.0017206313036010213,Neutral,Low
2024-10-02,60686.0993135593,0.15024641729650573,0.15024641729650573,1.5694719918783584,156.94719918783585,0.0025862133332528853,Neutral,Low
2024-10-03,60765.2367498539,-0.22195861304019998,-0.22195861304019998,0.5138233040229155,51.38233040229155,0.000845587594989747,Neutral,Low
2024-10-04,62052.5100496785,0.22690434418064645,0.22690434418064645,1.9752856731815434,197.52856731815433,0.003183248625398317,Neutral,Low
2024-10-05,62030.4538977206,-0.0257208530225942,-0.0257208530225942,0.9257393540478891,92.57393540478891,0.0014923949380965384,Neutral,Low
2024-10-06,62789.8814555815,-0.4460758867649022,-0.4460758867649022,0.26231015955171794,26.231015955171795,0.0004177586475255254,Neutral,Low
2024-10-07,62416.508829924,-0.44323050245479234,-0.44323050245479234,0.264558863173366,26.455886317336603,0.0004238603986875505,Neutral,Low
2024-10-08,62126.3273769725,0.1299682361292246,0.1299682361292246,1.4768400567070612,147.6840056707061,0.002377156543868809,Neutral,Low
2024-10-09,60615.2581917008,-0.052348363621282784,-0.052348363621282784,0.8546655203422114,85.46655203422114,0.0014099841291432935,Neutral,Low
2024-10-10,60221.1172869667,0.18212992287413315,0.18212992287413315,1.7270068552673266,172.70068552673266,0.002867776177312958,Neutral,Low
2024-10-11,62462.539962595,-0.24008862115712706,-0.24008862115712706,0.4866228635166237,48.662286351662374,0.0007790635216051612,Neutral,Low
2024-10-12,63202.8806992987,0.045845809769972025,0.045845809769972025,1.1474446532298614,114.74446532298614,0.0018154942314877642,Neutral,Low
2024-10-13,62759.431113384,-0.23622192952015394,-0.23622192952015394,0.4923005925609539,49.23005925609539,0.0007844248805753856,Neutral,Low
2024-10-14,66089.7587410871,0.13170732064513968,0.13170732064513968,1.484565240330088,148.4565240330088,0.0022462863666154586,Neutral,Low
2024-10-15,66933.974833723,-0.5547048729353496,-0.33282292376120975,0.3684431802324977,36.84431802324977,0.0005504576429948799,Elevated,Low
2024-10-16,67662.9534038574,1.096182300278139,2.5,3.0,300.0,0.004433740842043961,Deep Value,Low
2024-10-17,67337.9075482174,0.2458918805975412,0.2458918805975412,2.0910694669886385,209.10694669886385,0.0031053377556932928,Neutral,Low
2024-10-18,68390.5375625365,0.26722197711731493,0.26722197711731493,2.2292516169181744,222.92516169181744,0.0032595907217131325,Neutral,Low
2024-10-19,68357.8982963179,-0.1216155904514385,-0.1216155904514385,0.6943030298405757,69.43030298405756,0.0010156880874700243,Neutral,Low
2024-10-20,69012.3532089421,0.43159374428176095,0.6473906164226414,3.0,300.0,0.004347047826230742,Value,Low
2024-10-21,67440.4625058445,0.049589294681260394,0.049589294681260394,1.1604036097531825,116.04036097531825,0.0017206341217672109,Neutral,Low
2024-10-22,67425.7553211572,0.47297063450544086,0.7094559517581613,3.0,300.0,0.004449338365896874,Value,Low
2024-10-23,66647.2866642315,-0.08132536686888713,-0.08132536686888713,0.7835063593657682,78.35063593657682,0.0011756012863855462,Neutral,Low
2024-10-24,68130.9948369374,-0.5167677293686209,-0.31006063762117253,0.394481942504283,39.4481942504283,0.000579005111327706,Elevated,Low
2024-10-25,66261.5376861485,0.652281692593188,0.978422538889782,3.0,300.0,0.004527513403340666,Value,Low
2024-10-26,67023.3399611338,0.09037433832978867,0.09037433832978867,1.311436386795392,131.1436386795392,0.0019566861149502273,Neutral,Low
2024-10-27,68000.1475008767,-0.35719193413117895,-0.35719193413117895,0.34246842942369243,34.24684294236924,0.000503628950833198,Neutral,Low
2024-10-28,69862.5205470485,-0.17692666194698897,-0.17692666194698897,0.5881460451366722,58.81460451366722,0.0008418620463895069,Neutral,Low
2024-10-29,72678.7866201052,0.18211169434073998,0.18211169434073998,1.726912415443205,172.6912415443205,0.002376088671471419,Neutral,Low
2024-10-30,72450.2843819404,-0.11146436028410042,-0.11146436028410042,0.7157723705085997,71.57723705085996,0.0009879497045659899,Neutral,Low
2024-10-31,70367.0819576271,-0.5165927778927386,-0.3099556667356432,0.39460618942320985,39.460618942320984,0.0005607823693198328,Elevated,Low
2024-11-01,69483.5830303916,-0.3641895923867268,-0.3641895923867268,0.33535393678938463,33.53539367893846,0.0004826376564989507,Neutral,Low
2024-11-02,69241.6794865576,0.35297557745075914,0.35297557745075914,2.883274802481616,288.3274802481616,0.004164074043064434,Neutral,Low
2024-11-03,68742.7546227352,-0.20628095962033738,-0.20628095962033738,0.5385672647487557,53.85672647487557,0.0007834531329220783,Neutral,Low
2024-11-04,67779.0969795441,0.25383878781571295,0.25383878781571295,2.14152108397189,214.15210839718898,0.003159559774923242,Neutral,Low
2024-11-05,69538.0241729982,-0.16427433969654093,-0.16427433969654093,0.6108993770269745,61.08993770269745,0.0008785112667382752,Neutral,Low
2024-11-06,75696.0366192285,-0.34979545034220116,-0.34979545034220116,0.35015255395229455,35.01525539522945,0.0004625771303108727,Neutral,Low
2024-11-07,75972.2955546464,-0.20005535816255737,-0.20005535816255737,0.5487205000506289,54.87205000506289,0.0007222639464091717,Neutral,Low
2024-11-08,76507.4474012273,0.4004872942815483,0.6007309414223224,3.0,300.0,0.003921186893436828,Value,Low
2024-11-09,76799.2527469316,0.4692493506225339,0.7038740259338009,3.0,300.0,0.003906288007626299,Value,Low
2024-11-10,80409.2865666277,0.017678183667158634,0.017678183667158634,1.054466077348962,105.4466077348962,0.0013113735022076385,Neutral,Low
2024-11-11,88859.998448568,0.4113094045930122,0.7403569282674219,3.0,300.0,0.0033760972905445123,Value,Medium
2024-11-12,88048.7488877849,0.16641795002401483,0.1997015400288178,1.820488041999646,182.04880419996462,0.002067591039050192,Neutral,Medium
2024-11-13,90369.3819693162,-0.4398622474976721,-0.5278346969972065,0.20525460579147636,20.525460579147637,0.00022712848236714514,Neutral,Medium
2024-11-14,87204.2569827586,0.07215586754944828,0.08658704105933793,1.2966203171281852,129.6620317128185,0.0014868773176801948,Neutral,Medium
2024-11-15,91139.0844427236,0.740313069129575,2.5,3.0,300.0,0.0032916723032096634,Deep Value,Medium
2024-11-16,90567.6957568673,0.3243778395852513,0.5838801112534523,3.0,300.0,0.0033124393581278953,Value,Medium
2024-11-17,89732.9704292811,0.03683403380726081,0.04420084056871297,1.1417960689699052,114.17960689699052,0.0012724376151904602,Neutral,Medium
2024-11-18,90587.6965534775,-0.12589839284976703,-0.15107807141972043,0.6355692568099288,63.55692568099288,0.0007016065988991421,Neutral,Medium
2024-11-19,92254.1385800701,0.03626093299290699,0.04351311959148838,1.1394427860826426,113.94427860826426,0.0012351129213500666,Neutral,Medium
2024-11-20,94160.0406858562,-0.3464673196697807,-0.41576078360373686,0.28728447535540935,28.728447535540937,0.00030510232712607825,Neutral,Medium
2024-11-21,98545.5688798948,-0.013240093740379225,-0.015888112488455067,0.9534537720808055,95.34537720808055,0.000967525767944832,Neutral,Medium
2024-11-22,98938.3495450029,0.5194155954019342,0.9349480717234815,3.0,300.0,0.003032191272440244,Value,Medium
2024-11-23,97707.0484590883,-0.15758942102190582,-0.18910730522628696,0.5670419933343072,56.704199333430715,0.0005803491173635624,Neutral,Medium
2024-11-24,97980.2082819988,-0.10724357134688908,-0.1286922856162669,0.679718282667452,67.9718282667452,0.0006937301875406728,Neutral,Medium
2024-11-25,93343.0290745178,-0.4438945523114868,-0.5326734627737841,0.20229659056306784,20.229659056306783,0.000216723833122632,Neutral,Medium
2024-11-26,91875.5699593805,0.060517186242530524,0.07262062349103662,1.2434153033888942,124.34153033888941,0.0013533688051553048,Neutral,Medium
2024-11-27,95989.0802273524,-0.32724073821304633,-0.3926888858556556,0.3078733882707332,30.78733882707332,0.00032073792929521546,Neutral,Medium
2024-11-28,95737.9402822911,0.13118621989263118,0.1574234638711574,1.6036309334653396,160.36309334653396,0.0016750213434056586,Neutral,Medium
2024-11-29,97398.9417399182,-0.42195944780645134,-0.5063513373677416,0.2189188836428978,21.89188836428978,0.00022476515630680163,Neutral,Medium
2024-11-30,96463.6248980129,-0.15625944085460747,-0.18751132902552894,0.5697634598075014,56.97634598075014,0.0005906510981832678,Neutral,Medium
2024-12-01,97469.6044529515,-0.22756886319526723,-0.2730826358343207,0.44076302444361337,44.07630244436134,0.00045220561519398523,Neutral,Medium
2024-12-02,95726.4417258913,0.7781445391825554,2.5,3.0,300.0,0.003133930339320849,Deep Value,Medium
2024-12-03,96010.8774228521,0.40469252535595623,0.7284465456407211,3.0,300.0,0.003124645957340197,Value,Medium
2024-12-04,98920.2528255406,0.491968691506982,0.8855436447125676,3.0,300.0,0.00303274598912612,Value,Medium
2024-12-05,96949.6644117475,0.4825718074112455,0.8686292533402419,3.0,300.0,0.0030943892567373205,Value,Medium
2024-12-06,99953.1056580947,-0.003227476681091246,-0.0038729720173094947,0.9884483228867056,98.84483228867056,0.0009889120666924031,Neutral,Medium
2024-12-07,99977.7002282291,-0.36033323834479264,-0.4323998860137512,0.2732960448328948,27.329604483289483,0.00027335700282064357,Neutral,Medium
2024-12-08,100798.98356429,-0.38652403226684906,-0.46382883872021885,0.24870532522442634,24.870532522442634,0.000246733961425118,Neutral,Medium
2024-12-09,97390.1988597311,-0.14676236266689446,-0.17611483520027335,0.5895802089378198,58.958020893781985,0.0006053794076208623,Neutral,Medium
2024-12-10,96835.5017387493,-0.2387630306278828,-0.2865156367534593,0.4233538561575429,42.33538561575429,0.00043718868447617634,Neutral,Medium
2024-12-11,101310.201899766,-0.2980249562816229,-0.2980249562816229,0.4089857891715223,40.89857891715223,0.0004036965493131318,Neutral,Low
2024-12-12,100090.890479544,0.063627601329597,0.063627601329597,1.2103175993742334,121.03175993742335,0.001209218534849174,Neutral,Low
2024-12-13,101289.823976914,-0.3208392502950838,-0.3208392502950838,0.38193006964693627,38.19300696469362,0.0003770665745593415,Neutral,Low
2024-12-14,101366.87166803,-0.06967206968784884,-0.06967206968784884,0.8113820837930654,81.13820837930655,0.0008004410814317026,Neutral,Low
2024-12-15,104551.367141146,-0.44925801501438795,-0.44925801501438795,0.2598179605174982,25.98179605174982,0.00024850747304599075,Neutral,Low
2024-12-16,105855.672229982,0.23195281368027115,0.23195281368027115,2.005429878543069,200.5429878543069,0.0018944944907496998,Neutral,Low
2024-12-17,106115.910582992,0.10575516612228376,0.10575516612228376,1.3733671502613225,137.33671502613225,0.0012942141689367386,Neutral,Low
2024-12-18,100469.770656926,0.3927800032407595,0.5891700048611392,3.0,300.0,0.0029859727760742044,Value,Low
2024-12-19,97697.045779661,-0.15391237450311757,-0.15391237450311757,0.6301879797741207,63.01879797741206,0.0006450430253494071,Neutral,Low
2024-12-20,97617.4422051432,0.1314873000511366,0.1314873000511366,1.483585658879751,148.3585658879751,0.0015197956690588075,Neutral,Low
2024-12-21,97093.0190832846,-0.39383499037016334,-0.39383499037016334,0.3068166407858184,30.68166407858184,0.0003160027813355322,Neutral,Low
2024-12-22,95149.1058252484,-0.05950192893160647,-0.05950192893160647,0.8365192160983201,83.65192160983202,0.0008791666604147367,Neutral,Low
2024-12-23,94800.7562060199,-0.9169035149597398,-0.2750710544879219,0.43814158673171055,43.81415867317106,0.0004621709828764935,Extreme,Low
2024-12-24,98637.7330543542,-0.3532560269510643,-0.3532560269510643,0.346536169384037,34.6536169384037,0.00035132211442154564,Neutral,Low
2024-12-25,99235.3678869082,-0.16539499476181485,-0.16539499476181485,0.6088490031573032,60.88490031573032,0.000613540329543764,Neutral,Low
2024-12-26,95628.3030902981,-0.4133680930803011,-0.4133680930803011,0.289354042745825,28.9354042745825,0.0003025820111777987,Neutral,Low
2024-12-27,94219.9821461134,-0.1908867802346638,-0.1908867802346638,0.564022947810802,56.4022947810802,0.0005986234925582271,Neutral,Low
2024-12-28,95123.5811098773,0.33703492595766593,0.5055523889364989,3.0,300.0,0.0031537921144229194,Value,Low
2024-12-29,93457.5783202806,-0.19749881148918255,-0.19749881148918255,0.552945168893206,55.2945168893206,0.0005916536452488145,Neutral,Low
2024-12-30,92523.163085038,-0.5517950627903969,-0.33107703767423813,0.3703780222966622,37.03780222966622,0.0004003084308263952,Elevated,Low
2024-12-31,93389.7326016949,-0.011302619345085183,-0.011302619345085183,0.9666605705383005,96.66605705383004,0.0010350822768291736,Neutral,Low
2025-01-01,94455.7965718878,0.44158760130871116,0.6623814019630667,3.0,300.0,0.003176088825545799,Value,Low
2025-01-02,96851.393682934,-0.23345515177195625,-0.23345515177195625,0.49640385720968505,49.6403857209685,0.0005125417800747202,Neutral,Low
2025-01-03,98120.6846759205,0.47971083319549185,0.7195662497932378,3.0,300.0,0.003057459301174466,Value,Low
2025-01-04,98230.0478571011,0.5008341652772074,0.7512512479158111,3.0,300.0,0.003054055317538083,Value,Low
2025-01-05,98414.8120964348,-0.5948847212825656,-0.35693083276953935,0.3427367914342238,34.27367914342238,0.00034825732441411616,Elevated,Low
2025-01-06,102179.560366745,0.4047104766237618,0.6070657149356427,3.0,300.0,0.0029360079346909865,Value,Low
2025-01-07,96974.9957857978,-0.08551512628753757,-0.08551512628753757,0.7737198832345403,77.37198832345403,0.0007978550315625312,Neutral,Low
2025-01-08,95039.2809210988,-0.5324726398825466,-0.5324726398825466,0.20241850464270034,20.241850464270033,0.00021298404478748876,Neutral,Low
2025-01-09,92346.1691589714,0.01891578702932496,0.01891578702932496,1.058388386525613,105.8388386525613,0.0011461096829080439,Neutral,Low
2025-01-10,94759.1196358854,0.3588270175700795,0.5382405263551193,3.0,300.0,0.003165922194642146,Value,Low
2025-01-11,94606.5080099357,-0.09952882989119269,-0.09952882989119269,0.7418661153171217,74.18661153171216,0.0007841597062637698,Neutral,Low
2025-01-12,94353.7752586207,-0.05972863955581481,-0.05972863955581481,0.8359504661517958,83.59504661517958,0.0008859745822151601,Neutral,Low
2025-01-13,94375.7299102864,-0.40547393873544957,-0.40547393873544957,0.29628844695379297,29.628844695379296,0.00031394559516037106,Neutral,Low
2025-01-14,96569.475726768,0.1554241308678653,0.1554241308678653,1.5940411452345256,159.40411452345256,0.001650667701401505,Neutral,Low
2025-01-15,100172.405985096,0.32543644789000864,0.32543644789000864,2.654640773535807,265.4640773535807,0.0026500718909863996,Neutral,Low
2025-01-16,99977.7298234951,-0.5728714185701218,-0.34372285114207307,0.35659002251682964,35.65900225168296,0.00035666945343364837,Elevated,Low
2025-01-17,104296.588034191,-0.2656156108619094,-0.2656156108619094,0.4507480096334712,45.07480096334712,0.0004321790560259794,Neutral,Low
2025-01-18,104398.156261251,-0.5496102501925509,-0.5496102501925509,0.2,20.0,0.00019157426449132906,Neutral,Low
2025-01-19,100954.572281999,0.3556401054712379,0.5334601582068569,3.0,300.0,0.002971633609243594,Value,Low
2025-01-20,102588.998699006,0.20444305359064718,0.20444305359064718,1.8465687011626084,184.65687011626085,0.0017999675643393333,Neutral,Low
2025-01-21,105987.888705435,-0.6175047076809386,-0.37050282460856315,0.32906220477452147,32.906220477452145,0.00031047151593807274,Elevated,Low
2025-01-22,103791.128861485,0.4226703373123322,0.6340055059684984,3.0,300.0,0.0028904204366094386,Value,Low
2025-01-23,104184.616743717,-0.053182181462050115,-0.053182181462050115,0.8525302859741215,85.25302859741215,0.0008182880665302583,Neutral,Low
2025-01-24,104716.12488194,0.2758439587547674,0.2758439587547674,2.287665525134815,228.76655251348149,0.002184635391840555,Neutral,Low
2025-01-25,104866.085348919,-0.2804195349803041,-0.2804195349803041,0.431167512221224,43.1167512221224,0.0004111601103317705,Neutral,Low
2025-01-26,102833.369273232,-0.8886104012492818,-0.5331662407495691,0.201997749597645,20.1997749597645,0.0001964321027554097,Elevated,Low
2025-01-27,101907.44629661,-0.22721106751981726,-0.22721106751981726,0.5057902594918845,50.57902594918845,0.0004963231617243556,Neutral,Low
2025-01-28,101138.144066043,-0.22727569336603948,-0.22727569336603948,0.505692207626627,50.5692207626627,0.0005000014705593283,Neutral,Low
2025-01-29,103918.795458796,0.0051794267531401,0.0051794267531401,1.0156596270281628,101.56596270281628,0.000977358929675887,Neutral,Low
2025-01-30,104987.446410871,-0.9546918256513873,-0.2864075476954162,0.42349115817620153,42.34911581762015,0.00040337313903117357,Extreme,Low
2025-01-31,102263.043670953,0.039208180018830675,0.039208180018830675,1.1248217065798567,112.48217065798568,0.0010999298145272722,Neutral,Low
2025-02-01,100610.290439801,-0.08047431100521277,-0.08047431100521277,0.7855093382922393,78.55093382922394,0.0007807445290720433,Neutral,Low
2025-02-02,97424.7809000584,-0.12663794554908941,-0.12663794554908941,0.6839203355427861,68.39203355427861,0.0007019983306345585,Neutral,Low
2025-02-03,101582.408702221,0.33775827083180593,0.33775827083180593,2.7546070820700677,275.46070820700675,0.0027116969535000215,Neutral,Low
2025-02-04,97848.1497592051,-0.07678131092417959,-0.0921375731090155,0.7584998186172647,75.84998186172646,0.0007751805429983702,Neutral,Medium
2025-02-05,96559.3327562829,0.2359746943792839,0.2359746943792839,2.0297732415366565,202.97732415366565,0.002102099490123686,Neutral,Low
2025-02-06,96541.3006811806,-0.47958468216245076,-0.47958468216245076,0.23722314363504238,23.72231436350424,0.00024572192622352535,Neutral,Low
2025-02-07,96384.1109836353,0.24777991448613038,0.24777991448613038,2.1029471033549174,210.29471033549174,0.0021818400168799284,Neutral,Low
2025-02-08,96603.318157218,0.21233014501388764,0.21233014501388764,1.8907818769668558,189.07818769668557,0.001957263904630775,Neutral,Low
2025-02-09,96309.7532405026,-0.5215832917525565,-0.3129499750515339,0.3910773450412226,39.10773450412226,0.00040606203617263233,Elevated,Low
2025-02-10,97375.2253535944,-0.023798913812120764,-0.023798913812120764,0.9310924158967043,93.10924158967043,0.0009561902552889291,Neutral,Low
2025-02-11,95806.2580385739,0.0741120720315981,0.0741120720315981,1.2489912382349728,124.89912382349728,0.0013036635224100903,Neutral,Low
2025-02-12,97756.4976548802,0.6386518380571243,0.9579777570856864,3.0,300.0,0.0030688497153316687,Value,Low
2025-02-13,96534.7406332554,-0.011228289692230442,-0.011228289692230442,0.966876149207148,96.68761492071481,0.0010015836193939774,Neutral,Low
2025-02-14,97414.3589821742,-0.4352294925109276,-0.4352294925109276,0.2709859031010356,27.09859031010356,0.00027817860316734535,Neutral,Low
2025-02-15,97583.2431767972,0.23756966010827577,0.23756966010827577,2.039508770989262,203.95087709892618,0.0020900194588677136,Neutral,Low
2025-02-16,96182.2661706604,-0.36915636584176015,-0.36915636584176015,0.33039409904593137,33.039409904593136,0.0003435083328767682,Neutral,Low
2025-02-17,95790.5109985389,-0.37838763466675,-0.37838763466675,0.3213697646497296,32.13697646497296,0.00033549227506953324,Neutral,Low
2025-02-18,95444.031886616,0.08901845662561797,0.08901845662561797,1.3061127636314154,130.61127636314154,0.001368459334558529,Neutral,Low
2025-02-19,96647.9132977791,-0.15981587982445838,-0.15981587982445838,0.6191252777397602,61.912527773976024,0.0006405987016317582,Neutral,Low
2025-02-20,98392.2197247224,-0.04350627140657516,-0.04350627140657516,0.8776399806819699,87.763998068197,0.0008919810764889684,Neutral,Low
2025-02-21,96048.9937247224,0.4404624953241017,0.6606937429861526,3.0,300.0,0.003123405965707498,Value,Low
2025-02-22,96605.7091057861,-0.07752274429072431,-0.07752274429072431,0.792495673245945,79.24956732459451,0.0008203404131924947,Neutral,Low
2025-02-23,96091.6329774985,-0.48878773292963124,-0.48878773292963124,0.2307632008490582,23.07632008490582,0.00024014910944753675,Neutral,Low
2025-02-24,91869.6543430742,-0.5617383410314802,-0.33704300461888814,0.36380800333931235,36.380800333931234,0.00039600454136980086,Elevated,Low
2025-02-25,88769.7356265342,0.9699002868077023,2.5,3.0,300.0,0.003379530173010078,Deep Value,Low
2025-02-26,83987.89564173,-0.16170731751582687,-0.16170731751582687,0.6156221155009318,61.56221155009318,0.0007329890941987781,Neutral,Low
2025-02-27,84625.4191364699,-0.1027372600593277,-0.1027372600593277,0.7347596939918409,73.4759693991841,0.0008682494001086621,Neutral,Low
2025-02-28,84243.7779114553,0.7838490892720037,2.351547267816011,3.0,300.0,0.0035610938568699517,Deep Value,Low
2025-03-01,85844.3685628288,0.21389484987086463,0.21389484987086463,1.8996782877759677,189.96782877759676,0.00221293291520411,Neutral,Low
2025-03-02,94328.0094444769,-0.03788241074749035,-0.04545889289698842,0.8725139131831604,87.25139131831604,0.0009249786127382844,Neutral,Medium
2025-03-03,86315.9305511397,-0.050165712042627535,-0.06019885445115304,0.8347720684146098,83.47720684146098,0.0009671124010185251,Neutral,Medium
2025-03-04,87323.690650789,0.27575645283136174,0.33090774339763407,2.698573311459274,269.8573311459274,0.0030903106492039816,Neutral,Medium
2025-03-05,90619.4090976038,-0.49954603197938474,-0.359673143025157,0.3399286864606962,33.99286864606962,0.0003751168649693664,Elevated,Medium
2025-03-06,90222.0693275862,-0.29795515055416727,-0.3575461806650007,0.3421046679875706,34.21046679875706,0.00037918069330179847,Neutral,Medium
2025-03-07,86553.5921937464,0.5596991404862082,1.0074584528751747,3.0,300.0,0.0034660606497817353,Value,Medium
2025-03-08,86171.2789362946,-0.23308177078042353,-0.2796981249365082,0.43210166844274583,43.21016684427458,0.0005014451146329085,Neutral,Medium
2025-03-09,80647.7964108709,-0.47929772335565507,-0.3450943608160716,0.35512583680317833,35.51258368031783,0.00044034164925467104,Elevated,Medium
2025-03-10,79005.9601291642,-0.47098198919818657,-0.3391070322226943,0.3615622342249257,36.15622342249257,0.0004576391877699097,Elevated,Medium
2025-03-11,82747.1601917008,0.6132759235051116,1.1038966623092008,3.0,300.0,0.0036255020632126635,Value,Medium
2025-03-12,83630.1581101695,0.1303370891648572,0.15640450699782862,1.5987363260817355,159.87363260817355,0.001911674403360153,Neutral,Medium
2025-03-13,81110.2890490941,-0.029529393512562348,-0.035435272215074816,0.8991496311019449,89.91496311019449,0.0011085518762702366,Neutral,Medium
2025-03-14,84105.8335517241,-0.10368212155499343,-0.1244185458659921,0.6884892066184412,68.84892066184412,0.0008185986364370652,Neutral,Medium
2025-03-15,84352.8773018703,0.10985968465429247,0.13183162158515097,1.4851189421267956,148.51189421267955,0.0017606025895383023,Neutral,Medium
2025-03-16,82492.1028287551,0.07744460734680153,0.09293352881616183,1.321543783852273,132.1543783852273,0.0016020246042165495,Neutral,Medium
2025-03-17,84013.947518118,-0.10170254077360485,-0.12204304892832582,0.6934132433357869,69.3413243335787,0.0008253549128687819,Neutral,Medium
2025-03-18,82680.8065514319,-0.19847995979404714,-0.23817595175285655,0.48942313581356117,48.94231358135612,0.0005919428658561932,Neutral,Medium
2025-03-19,86774.23507218,0.15145784796509268,0.18174941755811122,1.725036574167218,172.5036574167218,0.001987959412989707,Neutral,Medium
2025-03-20,84124.9712878434,0.4060270921022763,0.7308487657840972,3.0,300.0,0.003566123059626553,Value,Medium
2025-03-21,84069.4081800117,-0.0864033021771991,-0.10368396261263892,0.7326758579168452,73.26758579168452,0.0008715130435413794,Neutral,Medium
2025-03-22,83821.220305377,0.6549110459463116,1.1788398827033608,3.0,300.0,0.0035790459612379975,Value,Medium
2025-03-23,85760.8814506137,0.015146793448761745,0.018176152138514094,1.056042527171138,105.6042527171138,0.0012313802159079617,Neutral,Medium
2025-03-24,87322.5718568089,-0.2796468158767058,-0.33557617905204695,0.3654124595785371,36.541245957853704,0.0004184627775024062,Neutral,Medium
2025-03-25,87422.8426084161,0.3334851406017199,0.40018216872206386,3.0,300.0,0.003431597406912954,Neutral,Medium
2025-03-26,86836.6760955582,0.5018607908468038,0.9033494235242467,3.0,300.0,0.0034547614382414776,Value,Medium
2025-03-27,87211.3240169492,-0.22755742519181116,-0.2730689102301734,0.4407811740336708,44.07811740336708,0.0005054173629424621,Neutral,Medium
2025-03-28,84309.0783550555,0.0057196919339553495,0.006863630320746419,1.020804345916062,102.0804345916062,0.0012107881687629083,Neutral,Medium
2025-03-29,82497.1792472238,0.19920854982672623,0.23905025979207145,2.04858800825983,204.85880082598297,0.002483221883406115,Neutral,Medium
2025-03-30,82216.4666765049,0.5670129480970314,1.0206233065746564,3.0,300.0,0.0036489040714970467,Value,Medium
2025-03-31,82461.4496279953,-0.008814752258182519,-0.010577702709819023,0.968765103109568,96.8765103109568,0.0011748096928685043,Neutral,Medium
2025-04-01,85226.7137936879,0.13517306425666226,0.1622076771079947,1.626813236142847,162.68132361428468,0.0019088067153227872,Neutral,Medium
2025-04-02,82555.631296318,0.20510839161977473,0.24613006994372966,2.092564212381208,209.2564212381208,0.002534732252086281,Neutral,Medium
2025-04-03,82931.697399474,-0.1131234577760461,-0.1357481493312553,0.6654814948007446,66.54814948007446,0.0008024452840934683,Neutral,Medium
2025-04-04,83774.1797375804,-0.16395876398443154,-0.19675051678131786,0.554187861052142,55.4187861052142,0.0006615258577142928,Neutral,Medium
2025-04-05,83302.1715756867,-0.2881184286004358,-0.34574211432052293,0.35443640487712236,35.44364048771224,0.00042548279135206995,Neutral,Medium
2025-04-06,77949.0884926943,-0.05528729300795318,-0.06634475160954381,0.8195218202725962,81.95218202725962,0.0010513552321389944,Neutral,Medium
2025-04-07,79421.8044105786,-0.1600836872740894,-0.19210042472890726,0.5619731116980109,56.19731116980109,0.0007075803878653238,Neutral,Medium
2025-04-08,76351.4295303916,-0.05810314343470374,-0.06972377212164449,0.8112562422673766,81.12562422673766,0.0010625292116429293,Neutral,Medium
2025-04-09,82720.6034891876,0.25891287872632984,0.3106954544715958,2.5398026049268654,253.98026049268654,0.003070338582888654,Neutral,Medium
2025-04-10,79558.9558252484,-0.4126518958128325,-0.495182274975399,0.22637851740865503,22.637851740865504,0.0002845418407776699,Neutral,Medium
2025-04-11,83359.8995157802,-0.044859302202712184,-0.05383116264325462,0.8508720723860294,85.08720723860293,0.001020721086911768,Neutral,Medium
2025-04-12,85269.2495119813,0.16153411639811793,0.19384093967774152,1.7887603160098307,178.87603160098305,0.002097778890100926,Neutral,Medium
2025-04-13,83568.9544360023,0.11552291777652808,0.13862750133183369,1.5157077688009284,151.57077688009284,0.0018137211109439787,Neutral,Medium
2025-04-14,84589.0324135009,0.030030203668791305,0.036036244402549565,1.1141688859571792,111.41688859571792,0.0013171552554363435,Neutral,Medium
2025-04-15,83671.3439713618,0.49654053045010155,0.8937729548101827,3.0,300.0,0.003585456928989703,Value,Medium
2025-04-16,84151.5357562829,0.44792972970954076,0.8062735134771734,3.0,300.0,0.003564997326594856,Value,Medium
2025-04-17,84940.5838538866,0.11782756119048779,0.14139307342858534,1.5283354779616152,152.83354779616153,0.0017992994733714487,Neutral,Medium
2025-04-18,84434.7727463472,-0.051607030849381653,-0.06192843701925798,0.8304518646773791,83.0451864677379,0.0009835424880838635,Neutral,Medium
2025-04-19,85124.721496201,0.14273975482997425,0.1712877057959691,1.6717368524667602,167.17368524667603,0.0019638676322029053,Neutral,Medium
2025-04-20,85101.7461545879,0.2047216463765363,0.24566597565184356,2.08965279828839,208.96527982883902,0.002455475818900968,Neutral,Medium
2025-04-21,87360.7198933372,0.05390722625618667,0.06468867150742401,1.2141764335878684,121.41764335878685,0.0013898425231274577,Neutral,Medium
2025-04-22,93495.6106890707,-0.4323839077161943,-0.5188606892594331,0.21085553088126607,21.08555308812661,0.00022552452390785265,Neutral,Medium
2025-04-23,93695.7404772063,-0.3913268198813806,-0.4695921838576567,0.24444216266373353,24.444216266373353,0.00026088930128387197,Neutral,Medium
2025-04-24,93849.8817790766,-0.3990199678894574,-0.4788239614673489,0.23776514352976838,23.77651435297684,0.0002533462365882032,Neutral,Medium
2025-04-25,94771.4128007014,0.0038159457327912732,0.0045791348793495276,1.0138321963478036,101.38321963478036,0.0010697658359064795,Neutral,Medium
2025-04-26,94694.5111014027,0.00995624911329411,0.011947498935952932,1.0364925827435678,103.64925827435678,0.0010945645853048967,Neutral,Medium
2025-04-27,93812.876534775,0.2660176210656735,0.3192211452788082,2.6056012008080716,260.56012008080717,0.002777445162170478,Neutral,Medium
2025-04-28,95066.0211867329,0.0817548143252018,0.09810577719024216,1.3422097616262114,134.22097616262113,0.001411871186856325,Neutral,Medium
2025-04-29,94102.8403024547,0.22259583312597941,0.2671149997511753,2.2285362933101465,222.85362933101464,0.0023681923798978197,Neutral,Medium
2025-04-30,94236.7325143191,0.7127718558427371,1.2829893405169266,3.0,300.0,0.0031834720071010057,Value,Medium
2025-05-01,96411.7422635885,-0.11849851929003108,-0.1421982231480373,0.6527280692470154,65.27280692470154,0.0006770213398513896,Neutral,Medium
2025-05-02,96842.1021057861,-0.2888113879561829,-0.3465736655474195,0.35355331076009966,35.35533107600997,0.00036508223497037825,Neutral,Medium
2025-05-03,95943.61135301,-0.439651626412875,-0.52758195169545,0.20541029622088716,20.541029622088715,0.00021409481394765416,Neutral,Medium
2025-05-04,94377.7899196376,0.24418116563152586,0.293017398757831,2.408615729243252,240.86157292432523,0.0025521001618009718,Neutral,Medium
2025-05-05,94853.7298594389,0.42146190127604033,0.7586314222968725,3.0,300.0,0.0031627643999298885,Value,Medium
2025-05-06,96677.9245029223,-0.1817202599184327,-0.1817202599184327,0.5797485640139003,57.97485640139003,0.0005996700560078491,Neutral,Low
2025-05-07,97137.3757086499,-0.14273397232591367,-0.14273397232591367,0.6516798162942319,65.1679816294232,0.000670884725410799,Neutral,Low
2025-05-08,103069.539295733,0.16859466250052524,0.2023135950006303,1.834809726779485,183.4809726779485,0.0017801668071057775,Neutral,Medium
2025-05-09,102940.802949445,0.2042932045338751,0.2042932045338751,1.8457387679892379,184.57387679892378,0.0017930098805385207,Neutral,Low
2025-05-10,104582.821806254,-0.09383981096915367,-0.09383981096915367,0.7546362507563639,75.46362507563639,0.000721568071814292,Neutral,Low
2025-05-11,103976.137798948,0.4457034540493736,0.6685551810740604,3.0,300.0,0.0028852773948969982,Value,Low
2025-05-12,102920.074689071,0.16787781577130662,0.16787781577130662,1.6547227089248042,165.47227089248042,0.0016077744929002835,Neutral,Low
2025-05-13,104145.711825248,0.10662021140942252,0.10662021140942252,1.3769358532355362,137.69358532355363,0.0013221243862118635,Neutral,Low
2025-05-14,103572.719642022,0.5482426694221336,0.8223640041332004,3.0,300.0,0.002896515617595916,Value,Low
2025-05-15,103716.283947399,0.10998446343523531,0.10998446343523531,1.39090329737543,139.09032973754302,0.0013410654956369666,Neutral,Low
2025-05-16,103566.269191116,0.017912924371440757,0.017912924371440757,1.055208917209306,105.52089172093059,0.0010188731576900548,Neutral,Low
2025-05-17,103190.041364991,-0.22239066562473517,-0.22239066562473517,0.5131577393949799,51.31577393949799,0.0004972938595691632,Neutral,Low
2025-05-18,106015.689848919,-0.6817436334618461,-0.40904618007710764,0.29313015891357014,29.313015891357015,0.00027649695939469383,Elevated,Low
2025-05-19,105615.828960257,-0.32622628979741053,-0.32622628979741053,0.37580726150719657,37.580726150719656,0.00035582475203467084,Neutral,Low
2025-05-20,106893.330247516,-0.21608525921858318,-0.21608525921858318,0.5229571352444263,52.29571352444263,0.0004892327089384315,Neutral,Low
2025-05-21,109704.855619521,-0.18806591005491313,-0.18806591005491313,0.5688163079165505,56.88163079165505,0.0005184969295154286,Neutral,Low
2025-05-22,111477.014787843,-0.41705593248910394,-0.41705593248910394,0.28617041256860987,28.617041256860986,0.00025670799770987214,Neutral,Low
2025-05-23,107291.888969901,0.0721504922704012,0.0721504922704012,1.2416628344519203,124.16628344519202,0.0011572755838050802,Neutral,Low
2025-05-24,107917.328289304,-0.3921218119040321,-0.3921218119040321,0.3083975949769169,30.839759497691688,0.00028577208115286806,Neutral,Low
2025-05-25,108914.876558445,-0.20431995256928165,-0.20431995256928165,0.5417450055527483,54.17450055527483,0.000497402212325,Neutral,Low
2025-05-26,109371.985172122,-0.2770104019519263,-0.2770104019519263,0.43559986150864805,43.5599861508648,0.000398273708594693,Neutral,Low
2025-05-27,109066.345636762,0.34535427415138803,0.34535427415138803,2.818099784265709,281.8099784265709,0.0025838399258843766,Neutral,Low
2025-05-28,107895.402399474,0.30406576619537773,0.30406576619537773,2.4897873334749514,248.97873334749514,0.0023075935379125007,Neutral,Low
2025-05-29,105732.957892168,0.42751016420685184,0.6412652463102777,3.0,300.0,0.002837336682720592,Value,Low
2025-05-30,103981.302957919,0.11593031435577207,0.11593031435577207,1.4159362075158428,141.59362075158427,0.001361721931960084,Neutral,Low
2025-05-31,104708.964150205,0.18158567745472215,0.18158567745472215,1.724189409255546,172.4189409255546,0.0016466492847567438,Neutral,Low
2025-06-01,105750.15972443,0.2956477485221458,0.2956477485221458,2.4276974229675035,242.76974229675034,0.002295691495212622,Neutral,Low
2025-06-02,105899.696926651,0.017603020178380377,0.017603020178380377,1.0542283321070964,105.42283321070964,0.0009954970247339646,Neutral,Low
2025-06-03,105483.98555114,0.3468328411515813,0.3468328411515813,2.8306277970166804,283.06277970166803,0.0026834668620331526,Neutral,Low
2025-06-04,104782.844900351,-0.6457741023543442,-0.3874644614126065,0.31273678515220066,31.273678515220066,0.0002984618192506749,Elevated,Low
2025-06-05,101669.190496785,0.0623633684006315,0.0623633684006315,1.2057359232342129,120.57359232342128,0.0011859403201133394,Neutral,Low
2025-06-06,104421.051549094,-0.23106139213043553,-0.23106139213043553,0.49998150242648803,49.998150242648805,0.00047881293571480616,Neutral,Low
2025-06-07,105685.250402104,0.5548033682590985,0.8322050523886477,3.0,300.0,0.0028386174878573932,Value,Low
2025-06-08,105727.739632379,-0.32459705676974954,-0.32459705676974954,0.37764859058013744,37.76485905801374,0.00035718969486460384,Neutral,Low
2025-06-09,110198.15871391,-0.05331119289540423,-0.05331119289540423,0.8522003913559919,85.2200391355992,0.0007733345105778261,Neutral,Low
2025-06-10,110074.119081824,0.6067935478964122,0.9101903218446182,3.0,300.0,0.0027254363014887623,Value,Low
2025-06-11,108645.785558153,-0.043829871152912966,-0.043829871152912966,0.8767883818892086,87.67883818892086,0.0008070155481732007,Neutral,Low
2025-06-12,105998.985830801,-0.11311609448726206,-0.11311609448726206,0.7122343464428933,71.22343464428933,0.0006719256234958556,Neutral,Low
2025-06-13,106024.822087376,0.3867743349888332,0.5801615024832498,3.0,300.0,0.002829526087322904,Value,Low
2025-06-14,105467.108742256,0.004046915125927225,0.004046915125927225,1.0122147433873891,101.22147433873891,0.0009597444695872653,Neutral,Low
2025-06-15,105512.797437756,0.2966103541181392,0.2966103541181392,2.4347183009671536,243.47183009671537,0.002307509951485686,Neutral,Low
2025-06-16,107243.933345997,0.26113721733483053,0.26113721733483053,2.1889273996561407,218.89273996561406,0.0020410734028134606,Neutral,Low
2025-06-17,104628.396527469,-0.6130379362185024,-0.36782276173110146,0.3317185915881477,33.17185915881477,0.00031704451429785484,Elevated,Low
2025-06-18,104813.367028638,0.004315729923757977,0.004315729923757977,1.0130313675289266,101.30313675289267,0.0009665097079193512,Neutral,Low
2025-06-19,104709.720767095,-0.6219702375833029,-0.3731821425499818,0.32642781968376156,32.642781968376156,0.00031174547815845325,Elevated,Low
2025-06-20,103274.958839567,0.018629945532423635,0.018629945532423635,1.0574811815943064,105.74811815943063,0.001023947328061448,Neutral,Low
2025-06-21,101548.196381648,0.12527885021806512,0.12527885021806512,1.4562090978938063,145.62090978938062,0.001434007840396243,Neutral,Low
2025-06-22,100899.234151958,0.2700820978417988,0.2700820978417988,2.2484617000444866,224.84617000444865,0.0022284229597404276,Neutral,Low
2025-06-23,105496.947495324,0.41098316996982986,0.6164747549547448,3.0,300.0,0.002843684174021216,Value,Low
2025-06-24,105964.065136762,0.09782714100111281,0.09782714100111281,1.3410882657865297,134.10882657865298,0.0012656066601971724,Neutral,Low
2025-06-25,107305.065199591,-0.0033115025817851557,-0.0033115025817851557,0.9901146764683155,99.01146764683155,0.0009227101019198573,Neutral,Low
2025-06-26,107012.822824079,0.39072986172540736,0.586094792588111,3.0,300.0,0.00280340235948338,Value,Low
2025-06-27,107090.95905114,0.0928790687591864,0.0928790687591864,1.3213278874400574,132.13278874400572,0.0012338370102830743,Neutral,Low
2025-06-28,107357.617171245,0.5661612349681954,0.8492418524522931,3.0,300.0,0.002794398831724005,Value,Low
2025-06-29,108360.901696376,-0.16075246417346173,-0.16075246417346173,0.6173881302247682,61.738813022476826,0.0005697517467644108,Neutral,Low
2025-06-30,107153.101135885,-0.0005232226033178508,-0.0005232226033178508,0.9984315634742432,99.84315634742433,0.0009317803711607875,Neutral,Low
2025-07-01,105566.356597896,0.05462267862202005,0.05462267862202005,1.17805884331961,117.805884331961,0.0011159415568416894,Neutral,Low
2025-07-02,108927.13451841,-0.4869364097389075,-0.4869364097389075,0.23204841837074333,23.204841837074333,0.00021303086636463787,Neutral,Low
2025-07-03,109632.159126826,0.08852562945795939,0.08852562945795939,1.3041831268872033,130.41831268872033,0.0011895990531195163,Neutral,Low
2025-07-04,108081.395758621,0.280411595239289,0.280411595239289,2.3192289602458755,231.92289602458754,0.002145816996502735,Neutral,Low
2025-07-05,108244.788813852,-0.4283216195630942,-0.4283216195630942,0.2766603056669144,27.66603056669144,0.0002555876441707376,Neutral,Low
2025-07-06,109180.005545587,0.4008922220064653,0.601338333009698,3.0,300.0,0.002747755859700319,Value,Low
2025-07-07,108249.401004091,-0.2399206913271783,-0.2399206913271783,0.48686808076453203,48.686808076453204,0.0004497651499670951,Neutral,Low
2025-07-08,108956.631703098,-0.17745036968785013,-0.17745036968785013,0.5872227207450142,58.722272074501426,0.0005389508757440027,Neutral,Low
2025-07-09,111416.806720047,0.30464422433915306,0.30464422433915306,2.4941117979501737,249.41117979501738,0.0022385418065490235,Neutral,Low
2025-07-10,115873.903783752,-0.2828127040409379,-0.2828127040409379,0.4280830277590213,42.80830277590213,0.00036943868617555603,Neutral,Low
2025-07-11,117618.605087084,0.3925835727902272,0.5888753591853408,3.0,300.0,0.002550616883935004,Value,Low
2025-07-12,117382.372540912,-0.2310535142101759,-0.2310535142101759,0.4999933190093449,49.99933190093449,0.00042595264364338794,Neutral,Low
2025-07-13,118899.737107832,-0.17752064989136257,-0.17752064989136257,0.5870989233992636,58.70989233992636,0.0004937764688805112,Neutral,Low
2025-07-14,119871.096197838,0.06202560710366914,0.06202560710366914,1.2045147892287267,120.45147892287267,0.0010048417236802173,Neutral,Low
2025-07-15,117710.89100789,-0.3667386406447273,-0.3667386406447273,0.3327992172889005,33.27992172889005,0.0002827259350764692,Neutral,Low
2025-07-16,118730.187791642,0.5114953535657537,0.7672430303486306,3.0,300.0,0.0025267373494470163,Value,Low
2025-07-17,119501.663770894,0.5002813034405079,0.7504219551607618,3.0,300.0,0.002510425298974527,Value,Low
2025-07-18,117958.511213033,-0.2819442396828128,-0.2819442396828128,0.42919980650687867,42.91998065068787,0.00036385658151597396,Neutral,Low
2025-07-19,117908.52473232,0.1031582379046816,0.1031582379046816,1.362709113686868,136.2709113686868,0.0011557341734030997,Neutral,Low
2025-07-20,117305.680953828,-0.6255148326295711,-0.37530889957774266,0.3243517516860462,32.435175168604616,0.0002765013160903199,Elevated,Low
2025-07-21,117432.435634717,0.07164048339255544,0.07164048339255544,1.239764509859257,123.9764509859257,0.0010557257908842526,Neutral,Low
2025-07-22,120068.00578872,-0.5541346708325258,-0.33248080249951545,0.36882153109914934,36.88215310991493,0.0003071771940213226,Elevated,Low
2025-07-23,118650.587165693,0.041467768044021275,0.041467768044021275,1.1324725097534696,113.24725097534696,0.0009544600973377368,Neutral,Low
2025-07-24,118377.081936879,0.3901704296570895,0.5852556444856343,3.0,300.0,0.002534274329890696,Value,Low
2025-07-25,117520.17335038,0.3900237300538334,0.5850355950807501,3.0,300.0,0.0025527532120427215,Value,Low
2025-07-26,117983.204598773,-0.5396212589236346,-0.3237727553541807,0.37858363504475656,37.858363504475655,0.00032087926102042304,Elevated,Low
2025-07-27,119438.164235535,0.2170717037041859,0.2170717037041859,1.9178698386779867,191.78698386779865,0.0016057428971328629,Neutral,Low
2025-07-28,118022.637320281,0.1500734740725295,0.1500734740725295,1.568657914441737,156.8657914441737,0.0013291161340386172,Neutral,Low
2025-07-29,117871.370895383,-0.14458874581827652,-0.14458874581827652,0.6480637308071786,64.80637308071786,0.0005498058823650817,Neutral,Low
2025-07-30,117732.643660725,-0.10167025600215665,-0.10167025600215665,0.7371154370850976,73.71154370850977,0.0006260926571981799,Neutral,Low
2025-07-31,115848.339985096,0.2705235486050267,0.2705235486050267,2.2514414281145383,225.14414281145383,0.0019434386616193106,Neutral,Low
2025-08-01,113282.144336061,0.2123322177166163,0.2123322177166163,1.8907936340896767,189.07936340896768,0.001669101203169741,Neutral,Low
2025-08-02,112545.673659264,0.23837962888044384,0.23837962888044384,2.0444706121976917,204.44706121976915,0.001816569705191333,Neutral,Low
2025-08-03,114263.693947691,0.24022195552663592,0.24022195552663592,2.055801644606168,205.58016446061683,0.0017991731000288663,Neutral,Low
2025-08-04,115199.933659264,-0.13250214458897955,-0.13250214458897955,0.6719936191833508,67.19936191833507,0.000583328130353755,Neutral,Low
2025-08-05,114111.36101841,0.0957153069785607,0.0957153069785607,1.3326186562499225,133.26186562499225,0.0011678229444962332,Neutral,Low
2025-08-06,115034.678748977,-0.163334862108807,-0.163334862108807,0.6126235844862413,61.262358448624134,0.0005325555659811753,Neutral,Low
2025-08-07,117444.913924313,0.17210684673328902,0.17210684673328902,1.675850068629269,167.5850068629269,0.001426924344896932,Neutral,Low
2025-08-08,116740.687720923,-0.2819978415928778,-0.2819978415928778,0.42913079426752426,42.913079426752425,0.0003675931696525484,Neutral,Low
2025-08-09,116511.655739375,-0.6256799775806722,-0.3754079865484033,0.32425534891763436,32.425534891763434,0.00027830292759975994,Elevated,Low
2025-08-10,119189.198160275,-0.006839480168328721,-0.006839480168328721,0.9796906303179905,97.96906303179905,0.0008219625984903346,Neutral,Low
2025-08-11,118742.043048644,0.4005965400980196,0.6008948101470294,3.0,300.0,0.0025264850788957846,Value,Low
2025-08-12,120154.32493507,-0.10586489630615635,-0.10586489630615635,0.727897753659996,72.7897753659996,0.0006058023746155983,Neutral,Low
2025-08-13,123442.67982225,-0.25091815573058945,-0.25091815573058945,0.4710672248685086,47.10672248685086,0.00038160806744216586,Neutral,Low
2025-08-14,118510.27128083,0.15098811699561743,0.15098811699561743,1.5729681107537972,157.2968110753797,0.0013272842039373826,Neutral,Low
2025-08-15,117311.209947715,-0.014192711227053054,-0.014192711227053054,0.9583155858712373,95.83155858712374,0.000816900265795872,Neutral,Low
2025-08-16,117462.42684623,0.1820919227534382,0.1820919227534382,1.7268099870822382,172.68099870822383,0.001470095615632737,Neutral,Low
2025-08-17,117601.952231888,-0.4682800906220154,-0.4682800906220154,0.24540625160518825,24.540625160518825,0.00020867532124066717,Neutral,Low
2025-08-18,116312.914397989,0.1736954961323397,0.1736954961323397,1.683856146364083,168.38561463640832,0.0014476949142572565,Neutral,Low
2025-08-19,112886.10147543,-0.5507454545683308,-0.33044727274099844,0.37107843700470994,37.107843700470994,0.0003287193305063124,Elevated,Low
2025-08-20,114277.320860316,0.1427442345679792,0.1427442345679792,1.5345431332932384,153.45431332932384,0.0013428238619357803,Neutral,Low
2025-08-21,112347.102298302,0.13627971196484812,0.13627971196484812,1.5050695893378394,150.50695893378395,0.0013396603548719984,Neutral,Low
2025-08-22,116800.977035073,-0.2164433291778628,-0.2164433291778628,0.522395671143193,52.2395671143193,0.0004472528264779224,Neutral,Low
2025-08-23,115280.444723834,0.43683155204618895,0.6552473280692834,3.0,300.0,0.0026023494333204597,Value,Low
2025-08-24,113516.122474401,-0.06224372904554416,-0.06224372904554416,0.829666731501819,82.9666731501819,0.0007308800841826826,Neutral,Low
2025-08-25,110089.533314144,-0.06985322506832412,-0.06985322506832412,0.8109412449041197,81.09412449041197,0.0007366197498449494,Neutral,Low
2025-08-26,111895.295495307,0.20252401371057427,0.20252401371057427,1.8359683273149612,183.5968327314961,0.0016407913480079807,Neutral,Low
2025-08-27,111252.307236061,0.5814304856650432,0.8721457284975648,3.0,300.0,0.0026965732887089186,Value,Low
2025-08-28,112481.152904109,-0.33696610191228066,-0.33696610191228066,0.3638919464825492,36.38919464825492,0.00032351370615197174,Neutral,Low
2025-08-29,108473.330441642,-0.0197222155037586,-0.0197222155037586,0.9425496834521195,94.25496834521195,0.0008689229690049994,Neutral,Low
2025-08-30,108746.150824851,0.3226807542715378,0.3226807542715378,2.6327851093666204,263.27851093666203,0.0024210375166354562,Neutral,Low
2025-08-31,108316.44689481,0.2670371267497518,0.2670371267497518,2.2280157256899344,222.80157256899344,0.0020569505274241878,Neutral,Low
2025-09-01,108992.324614863,-0.5957838991695417,-0.35747033950172497,0.3421825136910445,34.21825136910445,0.0003139510189365958,Elevated,Low
2025-09-02,111140.947159836,0.21399900555498633,0.21399900555498633,1.9002719673988215,190.02719673988216,0.0017097856514268937,Neutral,Low
2025-09-03,111780.743587376,0.0723914139968082,0.0723914139968082,1.24256058950696,124.256058950696,0.0011116052279037524,Neutral,Low
2025-09-04,110900.633412981,-0.6494373471675392,-0.3896624083005235,0.3106814324024891,31.068143240248908,0.00028014396567560416,Elevated,Low
2025-09-05,110711.229484804,0.25676120577719297,0.25676120577719297,2.1603788877993533,216.03788877993532,0.001951363829895758,Neutral,Low
2025-09-06,110243.650741672,0.0890513379924088,0.0890513379924088,1.3062416103048464,130.62416103048463,0.0011848678826553846,Neutral,Low
2025-09-07,111307.784421087,-0.10569286594777552,-0.10569286594777552,0.7282735121487371,72.82735121487372,0.0006542880319974885,Neutral,Low
2025-09-08,112112.311575102,0.07077539070018687,0.07077539070018687,1.2365511477937314,123.65511477937315,0.001102957498976719,Neutral,Low
2025-09-09,111486.396779836,0.1083292721742912,0.1083292721742912,1.3840137837777542,138.40137837777542,0.0012414194231345668,Neutral,Low
2025-09-10,113930.748423437,-0.03599518889341431,-0.03599518889341431,0.8976405522700546,89.76405522700546,0.0007878826082436219,Neutral,Low
2025-09-11,115445.812932648,-0.2499482008446473,-0.2499482008446473,0.47243996301009844,47.243996301009844,0.0004092309205581355,Neutral,Low
2025-09-12,116149.174031958,-0.11225818153372039,-0.11225818153372039,0.7140698126503606,71.40698126503607,0.0006147868192793925,Neutral,Low
2025-09-13,115965.627551268,-0.18767324121912793,-0.18767324121912793,0.5694867720567927,56.94867720567927,0.0004910823871539216,Neutral,Low
2025-09-14,115395.933423437,0.22379081668185263,0.22379081668185263,1.9569212550973716,195.69212550973717,0.0016958320774758944,Neutral,Low
2025-09-15,115420.931814144,-0.3995211126323895,-0.3995211126323895,0.30162723720308077,30.162723720308076,0.00026132802123688846,Neutral,Low
2025-09-16,116798.867050906,-0.6481303699787273,-0.38887822198723637,0.3114131891967362,31.141318919673623,0.0002666234673843273,Elevated,Low
2025-09-17,116575.777628866,0.15427710198716613,0.15427710198716613,1.588565338309025,158.8565338309025,0.001362689034223239,Neutral,Low
2025-09-18,117014.426762174,-0.001704868963184808,-0.001704868963184808,0.9948984504417393,99.48984504417393,0.0008502357170571975,Neutral,Low
2025-09-19,115612.372541695,0.06360225868291272,0.06360225868291272,1.2102255849182224,121.02255849182224,0.0010467959080086872,Neutral,Low
2025-09-20,115753.165960549,-0.27958664363118013,-0.27958664363118013,0.4322462063854136,43.22462063854136,0.0003734206341559001,Neutral,Low
2025-09-21,115320.858829047,-0.4360256726002907,-0.4360256726002907,0.2703394147484837,27.033941474848373,0.0002344236918572017,Neutral,Low
2025-09-22,112727.70773813,0.24628126827687857,0.24628126827687857,2.0935136043474114,209.35136043474114,0.0018571419984966865,Neutral,Low
2025-09-23,112052.393282022,-0.44915089462558244,-0.44915089462558244,0.25990146933787334,25.990146933787333,0.0002319463794795828,Neutral,Low
2025-09-24,113324.623592192,-0.34695762528411167,-0.34695762528411167,0.353146294513561,35.3146294513561,0.0003116236201095951,Neutral,Low
2025-09-25,109166.347974874,-0.3158295977074156,-0.3158295977074156,0.38771343061927666,38.771343061927666,0.00035515837784416286,Neutral,Low
2025-09-26,109669.102166861,-0.2959776380216107,-0.2959776380216107,0.4115054914219151,41.15054914219151,0.00037522463783446635,Neutral,Low
2025-09-27,109644.73069287,0.0782203889697874,0.0782203889697874,1.2644802483879434,126.44802483879434,0.0011532521812926211,Neutral,Low
2025-09-28,112170.00778609,-0.06867356794392837,-0.06867356794392837,0.8138162269942312,81.38162269942312,0.0007255203445703523,Neutral,Low
2025-09-29,114341.141435418,0.5056549341571657,0.7584824012357485,3.0,300.0,0.00262372752478989,Value,Low
2025-09-30,113971.742796902,0.2819097714700602,0.2819097714700602,2.3296762616126494,232.96762616126495,0.002044082335183853,Neutral,Low
2025-10-01,118393.270386324,-0.17351425014654626,-0.17351425014654626,0.594197959231918,59.4197959231918,0.0005018849105975501,Neutral,Low
2025-10-02,120558.594007013,0.18631619537122196,0.18631619537122196,1.748832786238799,174.8832786238799,0.0014506081467216413,Neutral,Low
2025-10-03,122348.127640269,-0.19813970233465472,-0.19813970233465472,0.5518830577759581,55.188305777595815,0.0004510760143372348,Neutral,Low
2025-10-04,122379.744317651,0.04242492458038509,0.04242492458038509,1.1357290434294978,113.57290434294978,0.0009280367839971783,Neutral,Low
2025-10-05,123523.768313852,0.21361427950538409,0.21361427950538409,1.8980799802324386,189.80799802324387,0.0015366111365787952,Neutral,Low
2025-10-06,124824.453666861,-0.05427502792794582,-0.05427502792794582,0.8497398086882217,84.97398086882217,0.0006807478692885437,Neutral,Low
2025-10-07,121587.699236704,0.7875836872387334,2.3627510617162004,3.0,300.0,0.0024673548548358273,Deep Value,Low
2025-10-08,123390.353094682,-0.10531793414136484,-0.10531793414136484,0.7290931317249096,72.90931317249097,0.0005908834146583968,Neutral,Low
2025-10-09,121603.33278609,-0.21010169864195255,-0.21010169864195255,0.532429334203505,53.242933420350504,0.00043784107063915003,Neutral,Low
2025-10-10,113754.852328171,0.06718671176392695,0.06718671176392695,1.223309798942653,122.33097989426528,0.0010753913120237987,Neutral,Low
2025-10-11,110940.113648159,-0.07296782806637395,-0.07296782806637395,0.8033992551343286,80.33992551343286,0.0007241738165892537,Neutral,Low
2025-10-12,115152.917045003,-0.44356459496995926,-0.44356459496995926,0.2642938346036228,26.42938346036228,0.00022951553585076262,Neutral,Low
2025-10-13,115332.252929573,-0.4570732484052441,-0.4570732484052441,0.2537972027551916,25.37972027551916,0.00022005743953529757,Neutral,Low
2025-10-14,113327.079410286,0.4076146310159175,0.6114219465238763,3.0,300.0,0.002647204900727115,Value,Low
2025-10-15,110862.872485389,-0.011598217674171032,-0.011598217674171032,0.9658037207711594,96.58037207711594,0.0008711696703496889,Neutral,Low
2025-10-16,108135.049605786,-0.17716340844951278,-0.17716340844951278,0.587728468886323,58.7728468886323,0.0005435133853722072,Neutral,Low
2025-10-17,106625.668651373,0.2709054330688603,0.2709054330688603,2.2540222777196894,225.40222777196894,0.0021139583987881184,Neutral,Low
2025-10-18,107143.913935126,0.06445439775647771,0.06445439775647771,1.2133233843913134,121.33233843913133,0.0011324239892206683,Neutral,Low
2025-10-19,108706.663763881,0.061960243020112944,0.061960243020112944,1.2042786163693338,120.42786163693337,0.0011078240971364155,Neutral,Low
2025-10-20,110640.249515488,0.09446235416108895,0.09446235416108895,1.3276189338611737,132.76189338611738,0.0011999421003432633,Neutral,Low
2025-10-21,108700.382071888,-0.1781323778429721,-0.1781323778429721,0.5860224769745173,58.60224769745172,0.0005391172190976814,Neutral,Low
2025-10-22,107667.630188486,0.16175809377118425,0.16175809377118425,1.6246205507982177,162.46205507982177,0.0015089219925748445,Neutral,Low
2025-10-23,110060.936797195,0.18978349513861328,0.18978349513861328,1.7671189091030972,176.71189091030973,0.0016055822897085626,Neutral,Low
2025-10-24,111024.94314699,-0.05957945232263621,-0.05957945232263621,0.836324689300882,83.6324689300882,0.0007532763950112011,Neutral,Low
2025-10-25,111614.535857686,-0.2787612671990616,-0.2787612671990616,0.4333178300721562,43.33178300721562,0.00038822705908543814,Neutral,Low
2025-10-26,114557.100460549,-0.22668307454124098,-0.22668307454124098,0.5065920554551333,50.65920554551333,0.0004422179449536545,Neutral,Low
2025-10-27,114087.773805085,0.46019362692692084,0.6902904403903812,3.0,300.0,0.0026295543334252415,Value,Low
2025-10-28,112980.685846289,0.41280849098332323,0.6192127364749849,3.0,300.0,0.0026553211086729647,Value,Low
2025-10-29,110206.347983051,-0.08145373989207622,-0.08145373989207622,0.7832046742217289,78.3204674221729,0.0007106711079312606,Neutral,Low
2025-10-30,108019.723841905,0.12630296306569186,0.12630296306569186,1.460689945046807,146.0689945046807,0.0013522437320656704,Neutral,Low
2025-10-31,109554.239627703,0.2505188870120908,0.2505188870120908,2.1202980343341875,212.02980343341875,0.001935386564262208,Neutral,Low
2025-11-01,110005.295855348,0.15376678757067302,0.15376678757067302,1.5861351956079106,158.61351956079105,0.0014418716692454576,Neutral,Low
2025-11-02,110389.168627119,-0.0004479234077469918,-0.0004479234077469918,0.9986571322316895,99.86571322316895,0.0009046694930777404,Neutral,Low
2025-11-03,106495.802789889,0.013729690104651346,0.013729690104651346,1.04204910747319,104.20491074731899,0.0009784884288154545,Neutral,Low
2025-11-04,101349.73723232,-0.054010808638976844,-0.054010808638976844,0.8504136286514694,85.04136286514694,0.0008390881435657794,Neutral,Low
2025-11-05,103915.88479135,-0.07156790283891565,-0.07156790283891565,0.8067804469430281,80.67804469430281,0.0007763783646388052,Neutral,Low
2025-11-06,101241.573677966,0.22047158077968104,0.22047158077968104,1.937531504187631,193.7531504187631,0.001913770631766969,Neutral,Low
2025-11-07,103428.471746932,-0.11919600909138311,-0.11919600909138311,0.6993611333788272,69.93611333788272,0.0006761785430708274,Neutral,Low
2025-11-08,102335.021439217,-0.8326020362148566,-0.24978061086445696,0.4726775513433557,47.26775513433557,0.00046189226786267664,Extreme,Low
2025-11-09,104685.54544097,0.4936012474226127,0.7404018711339191,3.0,300.0,0.0028657251460676944,Value,Low
2025-11-10,106082.478156926,-0.32136519993153606,-0.32136519993153606,0.38132791688106277,38.13279168810627,0.00035946362067161634,Neutral,Low
2025-11-11,102974.405611631,0.48722569341304334,0.730838540119565,3.0,300.0,0.0029133452940865033,Value,Low
2025-11-12,101682.126652835,0.3133320938808068,0.3133320938808068,2.5599718994206584,255.99718994206583,0.0025176223036335204,Neutral,Low
2025-11-13,100035.310145237,-0.6300059145291421,-0.37800354871748526,0.3217402789060766,32.17402789060766,0.0003216267120469318,Elevated,Low
2025-11-14,94502.5476025716,-0.0007691750667350727,-0.0007691750667350727,0.9976951350894477,99.76951350894477,0.0010557335864480953,Neutral,Low
2025-11-15,95541.3158389831,0.3706340283032128,0.3706340283032128,3.0,300.0,0.003140002807849052,Neutral,Low
2025-11-16,94182.3130996493,-0.15715550457493982,-0.15715550457493982,0.624086365634273,62.4086365634273,0.0006626364814102201,Neutral,Low
2025-11-17,91911.4713471654,0.2990396041980396,0.2990396041980396,2.452526732731044,245.2526732731044,0.0026683576019226477,Neutral,Low
2025-11-18,92836.4419111631,0.5398970986963695,0.8098456480445542,3.0,300.0,0.003231489637302941,Value,Low
2025-11-19,91320.4811332554,0.28393632447926154,0.28393632447926154,2.343883041356797,234.3883041356797,0.0025666564742870645,Neutral,Low
2025-11-20,86911.2980590298,0.13778678287983717,0.13778678287983717,1.5118897351946479,151.18897351946478,0.0017395779017910634,Neutral,Low
2025-11-21,84948.0463205727,0.109934992161424,0.109934992161424,1.3906968834195423,139.06968834195425,0.001637114617293728,Neutral,Low
2025-11-22,84775.0015452952,0.39785034728306135,0.39785034728306135,3.0,300.0,0.003538779056697631,Neutral,Low
2025-11-23,86872.4546630625,0.4260855542453112,0.4260855542453112,3.0,300.0,0.0034533385888951716,Neutral,Low
2025-11-24,88377.6024421391,-0.6756691543980369,-0.40540149263882214,0.2963528487764033,29.635284877640327,0.0003353257393132222,Elevated,Low
2025-11-25,87434.550610754,-0.3441010384093469,-0.3441010384093469,0.3561856785183728,35.61856785183728,0.00040737405983140465,Neutral,Low
2025-11-26,90449.2770675044,0.07987005984441142,0.07987005984441142,1.2707536879612094,127.07536879612094,0.00140493515167934,Neutral,Low
2025-11-27,91336.2000452952,-0.6475777301893328,-0.3885466381135997,0.31172312209903347,31.172312209903346,0.00034129197617641696,Elevated,Low
2025-11-28,90990.1266104617,-0.18159805226368975,-0.18159805226368975,0.5799611521184059,57.996115211840596,0.0006373891033268704,Neutral,Low
2025-11-29,90842.0738243717,-0.002279247855589514,-0.002279247855589514,0.9931855806099159,99.31855806099159,0.001093310113692558,Neutral,Low
2025-11-30,90607.7021513735,0.13836795250268888,0.13836795250268888,1.514528027631039,151.4528027631039,0.0016715223890136814,Neutral,Low
2025-12-01,86504.6368156049,0.2898184180953092,0.2898184180953092,2.3856109481580305,238.56109481580305,0.0027577839015072094,Neutral,Low
2025-12-02,91528.0245809468,-0.23379358450129423,-0.2805523014015531,0.4309958127147181,43.09958127147181,0.00047088945127789596,Neutral,Medium
2025-12-03,93609.0938658679,-1.2077346554591943,-0.43478447596530995,0.2713479243369517,27.13479243369517,0.0002898734654196793,Extreme,Medium
2025-12-04,92205.5929544126,0.7420503073555447,1.3356905532399805,3.0,300.0,0.003253598728531827,Value,Medium
2025-12-05,89279.8344634717,0.016637023719170918,0.019964428463005102,1.0617232391172522,106.17232391172521,0.001189208341948315,Neutral,Medium
2025-12-06,89169.5570610754,0.7594163085915556,1.1391244628873334,3.0,300.0,0.003364376922883214,Value,Low
2025-12-07,90067.847399474,0.10094138296684106,0.10094138296684106,1.3536763980278523,135.36763980278522,0.0015029518714086173,Neutral,Low
2025-12-08,90673.1444436003,0.36455907764706896,0.36455907764706896,2.985231304959818,298.52313049598183,0.0032922993056854507,Neutral,Low
2025-12-09,92808.8518477498,-0.3840277773986826,-0.3840277773986826,0.3159777964710346,31.597779647103458,0.00034046083986620897,Neutral,Low
2025-12-10,92102.9300917592,0.43278820046199534,0.649182300692993,3.0,300.0,0.003257225364069521,Value,Low
2025-12-11,92623.7198708358,0.2930468456536951,0.2930468456536951,2.4088285174117074,240.88285174117075,0.00260066052278059,Neutral,Low
2025-12-12,90331.6083091759,0.3784209170908128,0.3784209170908128,3.0,300.0,0.0033210966306854287,Neutral,Low
2025-12-13,90245.267264173,-0.10192353090449643,-0.10192353090449643,0.7365555712909424,73.65555712909423,0.0008161708570653786,Neutral,Low
2025-12-14,88096.3826142607,-0.032106970797169475,-0.032106970797169475,0.9081725254826823,90.81725254826823,0.0010308851493474045,Neutral,Low
2025-12-15,86352.5802565751,0.36127793085110327,0.36127793085110327,2.9559905096807344,295.5990509680734,0.0034231640802136402,Neutral,Low
2025-12-16,87752.4290336061,0.21106183717184845,0.21106183717184845,1.883601266021259,188.36012660212592,0.0021464947315588336,Neutral,Low
2025-12-17,86059.5522241379,0.128840964767617,0.128840964767617,1.471854093754028,147.1854093754028,0.0017102739390517116,Neutral,Low
2025-12-18,85434.1928673291,-0.23106143023288075,-0.23106143023288075,0.4999814452749379,49.998144527493785,0.0005852240519804054,Neutral,Low
2025-12-19,88168.0738325541,0.10211064327722408,0.10211064327722408,1.3584331362040856,135.84331362040857,0.0015407313295558401,Neutral,Low
2025-12-20,88292.4536373466,0.268351419168119,0.268351419168119,2.236817859682356,223.68178596823557,0.0025334190721099294,Neutral,Low
2025-12-21,88533.4309830508,0.10230621847384411,0.10230621847384411,1.3592303975511562,135.9230397551156,0.0015352736050762256,Neutral,Low
2025-12-22,88474.4622331969,0.02056035826763094,0.02056035826763094,1.0636230744313255,106.36230744313255,0.0012021808865341017,Neutral,Low
2025-12-23,87365.9937872589,0.057085765800797446,0.057085765800797446,1.1867960692867687,118.67960692867688,0.001358418782686412,Neutral,Low
2025-12-24,87625.6707895967,0.16490628421055578,0.16490628421055578,1.6400370821239456,164.00370821239457,0.001871639974160013,Neutral,Low
2025-12-25,87231.3047685564,-0.4999691723233298,-0.2999815033939979,0.40659222084297497,40.6592220842975,0.0004661081499603296,Elevated,Low
2025-12-26,87334.8077808299,0.24237937677802882,0.24237937677802882,2.069150487092253,206.9150487092253,0.0023692162834832897,Neutral,Low
2025-12-27,87695.4159076564,0.10875893940520534,0.10875893940520534,1.3857989301690106,138.57989301690105,0.0015802410146822977,Neutral,Low
2025-12-28,87747.6491548802,-0.36093376616911305,-0.36093376616911305,0.33864554841198075,33.86455484119807,0.00038593119208726575,Neutral,Low
2025-12-29,87133.5103991818,-0.0651409095506045,-0.0651409095506045,0.8224868957800707,82.24868957800707,0.0009439386660907374,Neutral,Low
2025-12-30,88428.4922735243,0.0034101123180848153,0.0034101123180848153,1.0102828457595183,101.02828457595183,0.0011424856624656025,Neutral,Low
2025-12-31,87516.9780376972,0.49705574577757,0.745583618666355,3.0,300.0,0.0034279062957450097,Value,Low
2026-01-01,88684.2178474576,-0.42565418037004343,-0.42565418037004343,0.27888311123060516,27.888311123060518,0.0003144675772078202,Neutral,Low
2026-01-02,89940.1801671537,0.15411102327004006,0.15411102327004006,1.5877740547680552,158.7774054768055,0.0017653667713553379,Neutral,Low
2026-01-03,90598.1301832262,0.21270829367770613,0.21270829367770613,1.8929280840357257,189.29280840357256,0.002089367716759117,Neutral,Low
2026-01-04,91359.7636823495,0.4606646738423804,0.6909970107635706,3.0,300.0,0.0032837212784730453,Value,Low
2026-01-05,93948.5821794272,0.09470922502962507,0.09470922502962507,1.328602549373099,132.86025493730992,0.0014141805214640435,Neutral,Low
2026-01-06,93574.2871122151,0.11352718781655272,0.11352718781655272,1.4057648943649246,140.57648943649247,0.0015022982677699902,Neutral,Low
2026-01-07,91208.9562606663,-0.16821803495252613,-0.16821803495252613,0.6037143611809125,60.371436118091246,0.0006619024994163465,Neutral,Low
2026-01-08,91096.9161554647,0.011349267141361037,0.011349267141361037,1.0346340625276733,103.46340625276733,0.0011357509191222033,Neutral,Low
2026-01-09,90539.6032288136,0.5243965219763991,0.7865947829645986,3.0,300.0,0.0033134671381520597,Value,Low
2026-01-10,90406.1424114553,0.23625299545416426,0.23625299545416426,2.031468613398541,203.14686133985413,0.002247047113406241,Neutral,Low
2026-01-11,90717.2063153127,0.131018678838985,0.131018678838985,1.4815014051818933,148.15014051818935,0.0016330985767270283,Neutral,Low
2026-01-12,91141.1498489188,0.8526279023240984,2.5,3.0,300.0,0.003291597708579479,Deep Value,Low
2026-01-13,95304.4982942724,-0.3471967479374341,-0.3471967479374341,0.3528930495224774,35.28930495224774,0.00037027953122721125,Neutral,Low
